Description,Revenue,Revenue %,Cumulative %,ABC
REGENCY CAKESTAND 3 TIER,169912.75999999998,1.726179148273935,1.726179148273935,A
WHITE HANGING HEART T-LIGHT HOLDER,160345.63,1.628984680272674,3.355163828546609,A
ASSORTED COLOUR BIRD ORNAMENT,72890.19,0.7405066346501895,4.095670463196798,A
PAPER CHAIN KIT 50'S CHRISTMAS ,58127.3,0.5905273577185347,4.686197820915333,A
JUMBO BAG RED RETROSPOT,56480.46,0.5737967668638899,5.259994587779223,A
PARTY BUNTING,49664.12,0.5045481478929218,5.764542735672145,A
ROTATING SILVER ANGELS T-LIGHT HLDR,47954.49,0.48717966033928795,6.2517223960114325,A
EDWARDIAN PARASOL NATURAL,36925.26,0.37513141365365155,6.626853809665084,A
JUMBO BAG STRAWBERRY,36732.16,0.3731696705006847,7.000023480165769,A
VINTAGE UNION JACK BUNTING,36023.71,0.36597237926961607,7.365995859435385,A
STRAWBERRY CERAMIC TRINKET BOX,34411.68,0.3495954304613451,7.7155912898967305,A
EDWARDIAN PARASOL BLACK,32495.99,0.3301335364131471,8.045724826309877,A
JUMBO  BAG BAROQUE BLACK WHITE,32140.99,0.32652701741105894,8.372251843720937,A
JUMBO STORAGE BAG SUKI,31493.71,0.3199511649612797,8.692203008682217,A
CREAM HEART CARD HOLDER,31111.56,0.3160688234495952,9.008271832131811,A
CHILLI LIGHTS,31061.2,0.3155572057117215,9.323829037843533,A
HOME BUILDING BLOCK WORD,30851.27,0.3134244830804303,9.637253520923963,A
HOT WATER BOTTLE TEA AND SYMPATHY,30388.910000000003,0.30872727145844303,9.945980792382406,A
LUNCH BAG RED SPOTTY,29773.27,0.30247285636423016,10.248453648746636,A
JUMBO SHOPPER VINTAGE RED PAISLEY,29572.25,0.30043065228028715,10.548884301026924,A
VINTAGE UNION JACK MEMOBOARD,29102.69,0.2956602943574125,10.844544595384336,A
PAPER CHAIN KIT VINTAGE CHRISTMAS,28828.0,0.29286966138647275,11.137414256770809,A
SET/5 RED SPOTTY LID GLASS BOWLS,28734.120000000003,0.29191591489656843,11.429330171667377,A
BLACK RECORD COVER FRAME,28662.34,0.29118668691355465,11.720516858580933,A
RED RETROSPOT CAKE STAND,28640.239999999998,0.29096216840666406,12.011479026987596,A
RED HANGING HEART T-LIGHT HOLDER,28242.68,0.28692327349266356,12.298402300480259,A
CHOCOLATE HOT WATER BOTTLE,27817.74,0.2826062194511218,12.58100851993138,A
SET/4 WHITE RETRO STORAGE CUBES ,27558.210000000003,0.2799696000803839,12.860978120011763,A
SCOTTIE DOG HOT WATER BOTTLE,27481.47,0.27918998242342546,13.140168102435188,A
JUMBO BAG PINK VINTAGE PAISLEY,27121.76,0.27553561354950673,13.415703715984694,A
SMALL POPCORN HOLDER,27022.23,0.2745244675318227,13.690228183516517,A
WOOD BLACK BOARD ANT WHITE FINISH,26811.8,0.27238666529630323,13.96261484881282,A
WOODEN FRAME ANTIQUE WHITE ,26401.56,0.2682189516190733,14.230833800431892,A
JUMBO BAG PINK WITH WHITE SPOTS,26242.66,0.2666046533953217,14.497438453827213,A
JUMBO BAG SCANDINAVIAN PAISLEY,25878.77,0.26290781903005445,14.760346272857268,A
COLOUR GLASS. STAR T-LIGHT HOLDER,25868.47,0.2628031791829516,15.023149452040219,A
HEART OF WICKER LARGE,25673.910000000003,0.2608266035856382,15.283976055625857,A
RED TOADSTOOL LED NIGHT LIGHT,25588.56,0.2599595151438685,15.543935570769726,A
RED WOOLLY HOTTIE WHITE HEART.,25454.100000000002,0.2585935079747959,15.802529078744522,A
TEA TIME CAKE STAND IN GIFT BOX,25428.33,0.2583317051728697,16.06086078391739,A
ANTIQUE SILVER TEA GLASS ETCHED,25305.09,0.2570796843226799,16.31794046824007,A
JUMBO BAG RED WHITE SPOTTY ,25043.62,0.2544233560875363,16.572363824327606,A
PAPER BUNTING RETRO SPOTS,24933.940000000002,0.2533090941040179,16.825672918431625,A
DOOR MAT UNION FLAG,24770.81,0.251651822428495,17.07732474086012,A
PACK OF 72 RETRO SPOT CAKE CASES,24054.43,0.24437396867436562,17.321698709534488,A
LUNCH BAG  BLACK SKULL.,23936.93,0.2431802616807167,17.564878971215204,A
LOVE BUILDING BLOCK WORD,22920.53,0.23285444220544227,17.797733413420648,A
PLEASE ONE PERSON METAL SIGN,21725.370000000003,0.2207125626264685,18.018445976047115,A
BAKING SET 9 PIECE RETROSPOT ,21696.74,0.22042170448835643,18.23886768053547,A
RETRO SPOT TEA SET CERAMIC 11 PC ,21301.04,0.2164017057020852,18.455269386237557,A
PAPER CHAIN KIT RETRO SPOT,21151.79,0.21488544383993965,18.670154830077497,A
ROUND SNACK BOXES SET OF 4 FRUITS ,21065.190000000002,0.21400565638759927,18.884160486465095,A
LUNCH BAG CARS BLUE,20996.16,0.21330436622784113,19.097464852692937,A
BLACK HEART CARD HOLDER,20713.83,0.2104361169042931,19.30790096959723,A
LUNCH BAG SUKI  DESIGN ,20688.89,0.2101827462453858,19.518083715842618,A
WOOD S/3 CABINET ANT WHITE FINISH,20660.88,0.20989818681651684,19.727981902659135,A
EDWARDIAN PARASOL RED,20628.05,0.2095646600028871,19.93754656266202,A
LUNCH BAG WOODLAND,20599.95,0.20927918624525704,20.14682574890728,A
NATURAL SLATE HEART CHALKBOARD ,20431.640000000003,0.207569289869929,20.35439503877721,A
ROUND SNACK BOXES SET OF4 WOODLAND ,20383.86,0.20708388288987328,20.56147892166708,A
AMAZON FEE,20248.04,0.2057040591972997,20.76718298086438,A
VICTORIAN GLASS HANGING T-LIGHT,19958.77,0.20276530496706296,20.969948285831443,A
RECYCLING BAG RETROSPOT ,19755.170000000002,0.20069689012530198,21.170645175956743,A
GRAND CHOCOLATECANDLE,19624.88,0.19937324685549335,21.370018422812237,A
WOODEN PICTURE FRAME WHITE FINISH,19338.97,0.19646862756567068,21.56648705037791,A
HEART OF WICKER SMALL,18993.56,0.1929595353726812,21.759446585750588,A
3 HEARTS HANGING DECORATION RUSTIC,18399.9,0.1869284196803441,21.946375005430934,A
RED  HARMONICA IN BOX ,18385.97,0.18678690190654387,22.133161907337477,A
JUMBO BAG OWLS,18331.83,0.1862368823607043,22.31939878969818,A
BOX OF VINTAGE ALPHABET BLOCKS,18212.73,0.18502692063352483,22.504425710331706,A
60 TEATIME FAIRY CAKE CASES,18151.399999999998,0.18440385637888237,22.688829566710588,A
VINTAGE UNION JACK CUSHION COVER,18097.85,0.18385983076603216,22.87268939747662,A
CERAMIC CAKE STAND + HANGING CAKES,17555.32,0.17834815540208035,23.0510375528787,A
COOK WITH WINE METAL SIGN ,17553.77,0.17833240862897268,23.229369961507672,A
PINK HAPPY BIRTHDAY BUNTING,17493.83,0.1777234656740849,23.407093427181756,A
ENGLISH ROSE DESIGN QUILTED THROW,17477.66,0.17755919127334185,23.5846526184551,A
DOORMAT UNION FLAG,17324.79,0.1760061530765835,23.76065877153168,A
GIN + TONIC DIET METAL SIGN,17252.260000000002,0.1752693056872273,23.935928077218907,A
ZINC METAL HEART DECORATION,17145.1,0.17418064490901947,24.110108722127926,A
DOORMAT HEARTS,17129.61,0.174023278770027,24.28413200089795,A
SWEETHEART CERAMIC TRINKET BOX,16882.1,0.17150877308493725,24.45564077398289,A
CREAM SWEETHEART MINI CHEST,16579.45,0.1684340886455514,24.62407486262844,A
SET OF 6 RIBBONS VINTAGE CHRISTMAS,16429.78,0.1669135599158541,24.790988422544295,A
VICTORIAN SEWING BOX LARGE,16415.04,0.16676381318320402,24.9577522357275,A
RETRO SPOT CAKE STAND,16354.009999999998,0.16614379669109852,25.1238960324186,A
SET 7 BABUSHKA NESTING BOXES,16308.78,0.16568429569260715,25.289580328111207,A
HANGING JAM JAR T-LIGHT HOLDER,16231.62,0.16490041116809695,25.454480739279305,A
PACK OF 60 PINK PAISLEY CAKE CASES,16187.31,0.16445025664138557,25.61893099592069,A
CREAM CUPID HEARTS COAT HANGER,16177.3,0.16434856296473516,25.783279558885425,A
HAND OVER THE CHOCOLATE   SIGN ,16047.830000000002,0.16303325024586093,25.946312809131285,A
HAND WARMER SCOTTY DOG DESIGN,15957.12,0.16211170844676398,26.10842451757805,A
PINK CREAM FELT CRAFT TRINKET BOX ,15952.529999999999,0.16206507767994824,26.270489595258,A
JUMBO BAG WOODLAND ANIMALS,15896.52,0.16149606041429485,26.431985655672293,A
DOOR MAT RED SPOT,15889.75,0.16142728257304376,26.593412938245336,A
KNITTED UNION FLAG HOT WATER BOTTLE,15779.09,0.1603030645652379,26.753716002810574,A
PINK 3 PIECE MINI DOTS CUTLERY SET,15767.15,0.16018176361626627,26.91389776642684,A
RED 3 PIECE MINI DOTS CUTLERY SET,15738.53,0.15989100707023876,27.07378877349708,A
JUMBO BAG SPACEBOY DESIGN,15663.61,0.15912987917267132,27.23291865266975,A
HAND WARMER OWL DESIGN,15608.78,0.15857284977299668,27.391491502442747,A
SET OF 3 COLOURED  FLYING DUCKS,15482.85,0.15729350065205877,27.548785003094807,A
FAWN BLUE HOT WATER BOTTLE,15481.310000000001,0.15727785547103562,27.706062858565843,A
RED/WHITE DOTS RUFFLED UMBRELLA,15476.880000000001,0.15723285017757294,27.863295708743415,A
SMALL GLASS HEART TRINKET POT,15454.87,0.15700924599944346,28.02030495474286,A
HAND WARMER BIRD DESIGN,15422.43,0.1566796812771118,28.17698463601997,A
PACK OF 6 BIRDY GIFT TAGS,15299.779999999999,0.15543365435991147,28.33241829037988,A
LUNCH BAG SPACEBOY DESIGN ,15263.68,0.1550669069346287,28.48748519731451,A
JUMBO BAG TOYS ,15168.38,0.15409873436871602,28.641583931683225,A
PINK BLUE FELT CRAFT TRINKET BOX,15138.109999999999,0.15379121512873514,28.79537514681196,A
LARGE CAKE STAND  HANGING STRAWBERY,15042.61,0.15282101072113116,28.94819615753309,A
6 RIBBONS RUSTIC CHARM,14955.42,0.15193522933580136,29.100131386868892,A
COLOUR GLASS T-LIGHT HOLDER HANGING,14899.6,0.15136814231975473,29.251499529188646,A
WOOD 2 DRAWER CABINET WHITE FINISH,14890.52,0.15127589670696892,29.402775425895616,A
TEA TIME PARTY BUNTING,14831.64,0.15067772251304512,29.55345314840866,A
HANGING HEART ZINC T-LIGHT HOLDER,14724.439999999999,0.14958865536649904,29.70304180377516,A
RED SPOTTY ROUND CAKE TINS,14646.039999999999,0.14879217342350265,29.851833977198662,A
ASSORTED COLOURS SILK FAN,14471.71,0.14702111861326594,29.99885509581193,A
BLUE 3 PIECE MINI DOTS CUTLERY SET,14464.380000000001,0.1469466516152792,30.14580174742721,A
FELTCRAFT 6 FLOWER FRIENDS,14426.78,0.14656466537731155,30.292366412804522,A
LUNCH BAG PINK RETROSPOT,14391.72,0.14620848352882362,30.438574896333346,A
HEART FILIGREE DOVE  SMALL,14156.94,0.1438233045673863,30.582398200900734,A
BLUE HAPPY BIRTHDAY BUNTING,14062.150000000001,0.14286031319778647,30.72525851409852,A
WHITE SKULL HOT WATER BOTTLE ,13978.48,0.14201029222622386,30.867268806324745,A
WOODEN BOX ADVENT CALENDAR ,13909.6,0.1413105259477342,31.00857933227248,A
JUMBO STORAGE BAG SKULLS,13882.66,0.14103683687191373,31.149616169144394,A
RED RETROSPOT TRADITIONAL TEAPOT ,13830.12,0.14050307205960472,31.290119241204,A
PINK CHERRY LIGHTS,13760.93,0.1398001564264935,31.429919397630492,A
PAPER BUNTING WHITE LACE,13634.54,0.13851613406966554,31.568435531700157,A
KENSINGTON COFFEE SET,13566.81,0.13782805088090094,31.70626358258106,A
CHARLOTTE BAG SUKI DESIGN,13534.25,0.13749726705355447,31.843760849634613,A
VINTAGE HEADS AND TAILS CARD GAME ,13422.58,0.13636278824520748,31.98012363787982,A
NO SINGING METAL SIGN,13335.580000000002,0.1354789371094845,32.1156025749893,A
PACK OF 72 SKULL CAKE CASES,13247.16,0.13458065989775309,32.250183234887054,A
DOOR MAT NEW ENGLAND,13201.61,0.1341179079525556,32.38430114283961,A
GROW YOUR OWN PLANT IN A CAN ,13123.28,0.1333221371541512,32.517623279993764,A
DOORMAT FANCY FONT HOME SWEET HOME,12983.39,0.1319009654831593,32.649524245476925,A
SPACEBOY LUNCH BOX ,12972.679999999998,0.13179216036058924,32.781316405837515,A
PLASTERS IN TIN SPACEBOY,12818.64,0.13022723588993668,32.911543641727455,A
PLASTERS IN TIN CIRCUS PARADE ,12589.37,0.12789803416709514,33.03944167589455,A
HOT WATER BOTTLE BABUSHKA ,12503.44,0.12702505338442066,33.16646672927897,A
BLACK/BLUE DOTS RUFFLED UMBRELLA,12491.17,0.12690039989665833,33.29336712917563,A
HEART IVORY TRELLIS SMALL,12466.69,0.1266517024736411,33.42001883164927,A
WOODEN CROQUET GARDEN SET,12454.81,0.12653101107717687,33.54654984272645,A
MEMO BOARD RETROSPOT  DESIGN,12433.210000000001,0.1263115721745146,33.672861414900964,A
VINTAGE CREAM 3 BASKET CAKE STAND,12424.16,0.12621963133798247,33.799081046238946,A
NATURAL SLATE CHALKBOARD LARGE ,12324.56,0.12520777417570647,33.92428882041465,A
DOLLY GIRL LUNCH BOX,12313.66,0.12509703880352968,34.049385859218184,A
ANTIQUE LILY FAIRY LIGHTS,12234.56,0.12429344541461369,34.1736793046328,A
 WHITE CHERRY LIGHTS,12198.66,0.12392872983102227,34.29760803446382,A
SET/20 RED SPOTTY PAPER NAPKINS ,12185.39,0.12379391713480334,34.421401951598625,A
HANGING HEART JAR T-LIGHT HOLDER,12176.039999999999,0.12369892853573425,34.545100880134356,A
SILVER HANGING T-LIGHT HOLDER,11856.72,0.12045489009137711,34.66555577022574,A
PINK PAPER PARASOL ,11771.83,0.11959247488549749,34.78514824511124,A
CHOCOLATE THIS WAY METAL SIGN,11727.29,0.11913998374084114,34.90428822885208,A
RED SPOT HEART HOT WATER BOTTLE,11670.66,0.11856466776594464,35.022852896618026,A
HOME SWEET HOME METAL SIGN ,11656.320000000002,0.11841898471667721,35.1412718813347,A
IVORY KITCHEN SCALES,11631.46,0.11816642679444644,35.25943830812915,A
VINTAGE SNAP CARDS,11553.289999999999,0.11737228146939509,35.37681058959854,A
DOOR MAT FAIRY CAKE,11532.31,0.11715914127597589,35.49396973087452,A
WOODLAND CHARLOTTE BAG,11505.47,0.11688646812100113,35.61085619899552,A
PICNIC BASKET WICKER LARGE,11466.33,0.11648883670201034,35.72734503569753,A
WORLD WAR 2 GLIDERS ASSTD DESIGNS,11383.97,0.11565212429352587,35.84299715999106,A
HOT BATHS METAL SIGN,11378.35,0.11559502954199988,35.95859218953306,A
MINI PAINT SET VINTAGE ,11300.17,0.11480078262486393,36.07339297215792,A
LADIES & GENTLEMEN METAL SIGN,11266.95,0.11446329371993616,36.187856265877855,A
WHITE METAL LANTERN,11235.54,0.11414419298231478,36.30200045886017,A
MEMO BOARD COTTAGE DESIGN,11233.66,0.11412509367041637,36.41612555253059,A
SINGLE HEART ZINC T-LIGHT HOLDER,11045.95,0.11221810865103055,36.528343661181616,A
HEART IVORY TRELLIS LARGE,11012.79,0.11188122929861016,36.640224890480226,A
RED SPOTTY BISCUIT TIN,10963.07,0.11137611345414866,36.751601003934375,A
SET OF 72 RETRO SPOT PAPER  DOILIES,10949.4,0.11123723707454714,36.86283824100892,A
72 SWEETHEART FAIRY CAKE CASES,10907.43,0.1108108550956242,36.973649096104545,A
15CM CHRISTMAS GLASS BALL 20 LIGHTS,10868.59,0.11041627143917039,37.084065367543715,A
FELTCRAFT CUSHION BUTTERFLY,10761.630000000001,0.10932964250265391,37.193395010046366,A
PINK HEART SHAPE EGG FRYING PAN,10665.64,0.10835446008290617,37.30174947012927,A
DOORMAT FAIRY CAKE,10645.77,0.1081525966108738,37.409902066740145,A
DOOR MAT SPOTTY HOME SWEET HOME,10563.06,0.10731232847942954,37.517214395219575,A
HOT WATER BOTTLE I AM SO POORLY,10563.02,0.10731192211109128,37.62452631733067,A
DOOR MAT 3 SMILEY CATS,10532.27,0.10699952645105125,37.73152584378172,A
WOODEN ROUNDERS GARDEN SET ,10498.48,0.10665624679730319,37.83818209057902,A
CAKE STAND 3 TIER MAGIC GARDEN,10485.07,0.10652001181190036,37.94470210239092,A
3 HOOK PHOTO SHELF ANTIQUE WHITE,10469.85,0.10636538865919114,38.05106749105011,A
CHICK GREY HOT WATER BOTTLE,10454.18,0.10620619386267642,38.15727368491279,A
POTTERING IN THE SHED METAL SIGN,10432.949999999999,0.10599051386714307,38.26326419877993,A
BAKING SET SPACEBOY DESIGN,10393.09,0.10558556781806354,38.36884976659799,A
LUNCH BOX I LOVE LONDON,10358.97,0.1052389356255248,38.47408870222351,A
PAPER CHAIN KIT EMPIRE,10354.460000000001,0.10519311759538562,38.579281819818895,A
FELTCRAFT CUSHION RABBIT,10337.32,0.10501898876243972,38.684300808581334,A
DOOR MAT HEARTS,10298.44,0.10462399873764766,38.788924807318985,A
WOODEN SKITTLES GARDEN SET,10275.38,0.10438972739063876,38.893314534709624,A
GREY HEART HOT WATER BOTTLE,10268.19,0.10431668268183591,38.99763121739146,A
RED SPOTTY CHARLOTTE BAG,10231.44,0.10394333177105636,39.101574549162514,A
ASSORTED COLOUR MINI CASES,10152.59,0.10314227818425453,39.20471682734677,A
GUMBALL COAT RACK,10121.130000000001,0.10282266948621033,39.30753949683298,A
PICNIC BASKET WICKER SMALL,10057.7,0.10217827089380904,39.40971776772679,A
PLASTERS IN TIN VINTAGE PAISLEY ,10035.72,0.10195497149193325,39.511672739218724,A
SET/3 RUSSIAN DOLL STACKING TINS,10030.08,0.10189767355623812,39.61357041277496,A
LARGE POPCORN HOLDER ,10013.710000000001,0.1017313673138038,39.715301780088765,A
WOODEN SCHOOL COLOURING SET,9998.970000000001,0.10158162058115372,39.816883400669916,A
PLASTERS IN TIN WOODLAND ANIMALS,9948.29,0.10106675189657394,39.91795015256649,A
PAINTED METAL PEARS ASSORTED,9868.01,0.10025117064167915,40.01820132320817,A
MULTI COLOUR SILVER T-LIGHT HOLDER,9852.12,0.10008974081930401,40.118291064027474,A
DOOR MAT ENGLISH ROSE ,9816.33,0.09972614274864278,40.21801720677612,A
RED KITCHEN SCALES,9769.03,0.09924561218864623,40.317262818964764,A
FELTCRAFT BUTTERFLY HEARTS,9737.71,0.09892742577978594,40.41619024474455,A
DOORMAT NEW ENGLAND,9716.85,0.09871550469138157,40.51490574943593,A
RED WHITE SCARF  HOT WATER BOTTLE,9700.060000000001,0.09854493158139549,40.613450681017326,A
CHILDS BREAKFAST SET DOLLY GIRL ,9681.66,0.09835800214579428,40.71180868316312,A
FAMILY ALBUM WHITE PICTURE FRAME,9585.04,0.09737641942471892,40.80918510258784,A
RED RETROSPOT JUMBO BAG ,9563.89,0.0971615521658621,40.906346654753705,A
TOY TIDY PINK RETROSPOT  ,9529.53,0.09681248176329381,41.003159136517,A
HAND WARMER UNION JACK,9497.410000000002,0.09648616798766826,41.09964530450467,A
HEART FILIGREE DOVE LARGE,9494.23,0.0964538617047763,41.19609916620944,A
ROSES REGENCY TEACUP AND SAUCER ,9437.52,0.09587773299320328,41.291976899202645,A
VINTAGE UNION JACK DOORSTOP,9380.99,0.09530343293915246,41.3872803321418,A
BAG 250g SWIRLY MARBLES,9304.07,0.09452198662467182,41.48180231876647,A
RETROSPOT HEART HOT WATER BOTTLE,9250.710000000001,0.09397989126142839,41.575782210027896,A
PACK OF 60 DINOSAUR CAKE CASES,9227.74,0.09374653424318058,41.66952874427108,A
PICCADILLY TEA SET,9224.92,0.09371788527533302,41.76324662954641,A
HOME SWEET HOME MUG,9151.19,0.0929688468358289,41.85621547638224,A
FELTCRAFT DOLL ROSIE,9148.95,0.09294609020888615,41.94916156659112,A
WOODEN UNION JACK BUNTING,9106.49,0.09251473021781949,42.041676296808944,A
CHRISTMAS TOILET ROLL,9095.45,0.09240257255645878,42.1340788693654,A
RECIPE BOX WITH METAL HEART,9075.51,0.09219999793983444,42.22627886730524,A
CHILDS BREAKFAST SET SPACEBOY ,9062.199999999999,0.09206477887527727,42.318343646180516,A
PLASTERS IN TIN STRONGMAN,9041.19,0.0918513339056044,42.41019498008612,A
TWO DOOR CURIO CABINET,8925.699999999999,0.09067804692095321,42.500873027007074,A
BROCADE RING PURSE ,8922.8,0.09064858521642913,42.5915216122235,A
ENAMEL BREAD BIN CREAM,8909.38,0.09051224863894174,42.68203386086245,A
RETROSPOT TEA SET CERAMIC 11 PC ,8901.460000000001,0.09043178770796559,42.77246564857041,A
METAL SIGN TAKE IT OR LEAVE IT ,8841.85,0.08982619729186847,42.86229184586228,A
ANTIQUE SILVER TEA GLASS ENGRAVED,8825.77,0.08966283721988656,42.951954683082164,A
CHRISTMAS LIGHTS 10 REINDEER,8823.9,0.08964383950007272,43.041598522582234,A
PICTURE FRAME WOOD TRIPLE PORTRAIT,8823.06,0.0896353057649692,43.131233828347206,A
SET/6 RED SPOTTY PAPER PLATES,8789.859999999999,0.08929802004421052,43.22053184839142,A
WOODEN BOX OF DOMINOES,8765.28,0.08904830670034765,43.309580155091766,A
RED SPOTTY SHOPPER BAG,8763.09,0.08902605803382771,43.398606213125596,A
CHILDS BREAKFAST SET CIRCUS PARADE,8752.17,0.08891511947748179,43.48752133260308,A
SWEETHEART KEY CABINET,8747.05,0.08886310433018406,43.57638443693327,A
FILIGRIS HEART WITH BUTTERFLY,8742.34,0.08881525445835355,43.66519969139162,A
TRADITIONAL MODELLING CLAY,8698.23,0.08836713177333352,43.75356682316495,A
PHARMACIE FIRST AID TIN,8672.74,0.08810817354977514,43.84167499671473,A
WHITE WOOD GARDEN PLANT LADDER,8640.119999999999,0.08777678016992127,43.92945177688465,A
TRAVEL SEWING KIT,8625.16,0.08762479841141076,44.01707657529606,A
FELTCRAFT CUSHION OWL,8608.86,0.0874592033135684,44.10453577860963,A
PARTY CONE CHRISTMAS DECORATION ,8579.49,0.08716082736119844,44.191696605970826,A
DOORMAT RED RETROSPOT,8544.27,0.08680302003935748,44.27849962601018,A
WHITE DOVE HONEYCOMB PAPER GARLAND,8525.449999999999,0.0866118237362045,44.36511144974639,A
LIGHT PINK CHERRY LIGHTS,8481.19,0.086162177169916,44.451273626916304,A
HAND WARMER RED RETROSPOT,8475.44,0.08610376172129065,44.537377388637594,A
DOORMAT SPOTTY HOME SWEET HOME,8451.76,0.08586319166503868,44.623240580302635,A
TEA TIME KITCHEN APRON,8439.210000000001,0.08573569359890852,44.70897627390154,A
DOOR MAT WELCOME PUPPIES,8429.7,0.08563907952648639,44.79461535342803,A
WOODEN ADVENT CALENDAR CREAM,8421.1,0.08555171033375973,44.88016706376179,A
RETRO SPOT LARGE MILK JUG,8420.28,0.08554337978282534,44.965710443544616,A
BEWARE OF THE CAT METAL SIGN ,8415.65,0.08549634264767134,45.05120678619229,A
JUMBO BAG PINK POLKADOT,8405.710000000001,0.08539536011561287,45.1366021463079,A
RED GINGHAM ROSE JEWELLERY BOX,8352.38,0.08485356952862311,45.22145571583653,A
EDWARDIAN PARASOL PINK,8340.79,0.08473582430261128,45.30619154013914,A
WOODEN HAPPY BIRTHDAY GARLAND,8335.970000000001,0.08468685691785054,45.39087839705699,A
FELTCRAFT DOLL MOLLY,8299.93,0.08432071904507517,45.47519911610206,A
PACK OF 12 SUKI TISSUES ,8280.279999999999,0.08412109059890323,45.55932020670097,A
WHITE WIRE EGG HOLDER,8262.52,0.08394066305671427,45.64326086975768,A
DOORMAT 3 SMILEY CATS,8243.24,0.08374479351767126,45.72700566327536,A
DELUXE SEWING KIT ,8242.92,0.08374154257096517,45.81074720584632,A
DOOR MAT FANCY FONT HOME SWEET HOME,8238.8,0.08369968663212403,45.89444689247844,A
DOORMAT WELCOME PUPPIES,8238.49,0.0836965372775025,45.978143429755946,A
BABUSHKA LIGHTS STRING OF 10,8213.460000000001,0.08344225228983414,46.06158568204578,A
GREEN REGENCY TEACUP AND SAUCER,8203.67,0.08334279363904415,46.14492847568482,A
RECIPE BOX PANTRY YELLOW DESIGN,8201.25,0.08331820835457922,46.2282466840394,A
PINK DOUGHNUT TRINKET POT ,8190.8099999999995,0.08321214621829244,46.31145883025769,A
CREAM SWEETHEART WALL CABINET,8183.04,0.08313320916858477,46.39459203942628,A
POTTING SHED TEA MUG,8123.97,0.08253310472505422,46.47712514415133,A
FELTCRAFT CHRISTMAS FAIRY,8119.04,0.08248301982736325,46.559608163978695,A
CLASSIC METAL BIRDCAGE PLANT HOLDER,8098.09,0.08227018441019776,46.64187834838889,A
STRAWBERRY CHARLOTTE BAG,8092.07,0.0822090259752891,46.72408737436418,A
TEA TIME TABLE CLOTH,8086.25,0.08214989938207178,46.806237273746255,A
FIRST AID TIN,8053.45,0.08181667734469575,46.88805395109095,A
RED/WHITE DOT MINI CASES,8051.57,0.08179757803279736,46.96985152912375,A
DOORMAT AIRMAIL ,8021.5599999999995,0.0814927001870152,47.051344229310764,A
"RECORD FRAME 7"" SINGLE SIZE ",8016.900000000001,0.08144535827560752,47.13278958758637,A
METAL 4 HOOK HANGER FRENCH CHATEAU,8001.150000000001,0.08128535074241627,47.21407493832879,A
SET/10 RED SPOTTY PARTY CANDLES,7990.77,0.08117989815863691,47.29525483648743,A
RED RETROSPOT PICNIC BAG,7988.31,0.08115490650583371,47.37640974299327,A
GLITTER BUTTERFLY CLIPS,7987.9800000000005,0.08115155396704304,47.45756129696031,A
SET/2 RED SPOTTY TEA TOWELS ,7960.570000000001,0.08087309006324801,47.53843438702356,A
VINTAGE POST OFFICE CABINET,7954.87,0.08081518257504545,47.6192495695986,A
RETRO SPOT TRADITIONAL TEAPOT ,7937.910000000001,0.08064288239962177,47.699892451998224,A
VINTAGE SNAKES & LADDERS,7887.04,0.08012608346543519,47.78001853546366,A
FRYING PAN UNION FLAG,7882.32,0.0800781320015201,47.86009666746518,A
WEEKEND BAG VINTAGE ROSE PAISLEY,7875.33,0.08000711913440857,47.940103786599586,A
BLUE HARMONICA IN BOX ,7854.54,0.07979590919059615,48.01989969579018,A
RIBBON REEL STRIPES DESIGN ,7842.89,0.07967755441207691,48.09957725020226,A
FAIRY CAKE FLANNEL ASSORTED COLOUR,7802.7699999999995,0.07926996696879866,48.17884721717106,A
60 CAKE CASES VINTAGE CHRISTMAS,7793.7699999999995,0.07917853409268938,48.25802575126375,A
DOORMAT RED SPOT,7765.42,0.07889052053294515,48.336916271796696,A
SET 10 LIGHTS NIGHT OWL,7727.55,0.07850579130869423,48.41542206310539,A
SET OF 20 VINTAGE CHRISTMAS NAPKINS,7719.65,0.0784255335618872,48.49384759666727,A
RETRO COFFEE MUGS ASSORTED,7710.05,0.07832800516070397,48.57217560182798,A
WHITE SPOT RED CERAMIC DRAWER KNOB,7703.91,0.07826562762078053,48.65044122944876,A
TEA TIME TEA TOWELS ,7669.660000000001,0.07791767473114246,48.7283589041799,A
PACK OF 72 RETROSPOT CAKE CASES,7647.92,0.07769681353929626,48.8060557177192,A
HANGING METAL HEART LANTERN,7643.95,0.07765648148172362,48.88371219920092,A
GARDENERS KNEELING PAD,7623.41,0.07744781134002533,48.961160010540944,A
SET OF 2 WOODEN MARKET CRATES,7589.49,0.07710321098917791,49.03826322153012,A
RED SPOTTY COIR DOORMAT,7563.34,0.07683754768803819,49.11510076921816,A
PACK 3 BOXES CHRISTMAS PANNETONE,7557.38,0.07677699880563693,49.191877768023794,A
MA CAMPAGNE CUTLERY BOX,7553.62,0.07673880018184016,49.26861656820564,A
3 STRIPEY MICE FELTCRAFT,7550.58,0.07670791618813215,49.34532448439377,A
VICTORIAN SEWING BOX MEDIUM,7532.76,0.07652687909343578,49.42185136348721,A
CREAM SWEETHEART TRAYS,7524.44,0.07644235447907696,49.498293717966284,A
BINGO SET,7493.3,0.07612599672773887,49.574419714694024,A
AFGHAN SLIPPER SOCK PAIR,7488.7,0.07607926436883858,49.65049897906286,A
STRAWBERRY FAIRY CAKE TEAPOT,7486.04,0.07605224087434406,49.72655121993721,A
PACK OF 6 PANNETONE GIFT BOXES,7480.83,0.07599931139828524,49.80255053133549,A
CERAMIC STRAWBERRY CAKE MONEY BANK,7467.04,0.07585921591366891,49.87840974724916,A
TOY TIDY SPACEBOY  ,7458.96,0.0757771295093397,49.9541868767585,A
WHITE SPOT BLUE CERAMIC DRAWER KNOB,7456.31,0.07575020760692974,50.02993708436543,A
PAPER BUNTING COLOURED LACE,7442.39,0.07560879142521405,50.10554587579064,A
DOORMAT ENGLISH ROSE ,7434.84,0.07553208940136683,50.181077965192,A
BOX OF VINTAGE JIGSAW BLOCKS ,7429.27,0.07547550261026365,50.25655346780227,A
STRAWBERRY LUNCH BOX WITH CUTLERY,7423.05,0.07541231233366368,50.33196578013593,A
SET OF 36 TEATIME PAPER DOILIES,7419.73,0.0753785837615878,50.40734436389752,A
COFFEE MUG CAT + BIRD DESIGN,7418.83,0.07536944047397688,50.4827138043715,A
"SET 3 RED SPOT TIN TEA,COFFEE,SUGAR",7404.09,0.0752196937413268,50.557933498112824,A
VICTORIAN SEWING BOX SMALL ,7379.780000000001,0.07497272338374719,50.63290622149657,A
SET 3 WICKER LOG BASKETS,7362.66,0.07479879773497042,50.70770501923154,A
CREAM SWEETHEART LETTER RACK,7328.96,0.07445643240998347,50.78216145164152,A
NOEL WOODEN BLOCK LETTERS ,7323.030000000001,0.07439618830383592,50.85655763994536,A
DOOR MAT BLACK FLOCK ,7318.79,0.07435311325997998,50.93091075320534,A
GREEN 3 PIECE MINI DOTS CUTLERY SET,7306.06,0.07422378653632764,51.00513453974167,A
WICKER STAR ,7280.28,0.07396188214231683,51.07909642188398,A
FULL ENGLISH BREAKFAST PLATE,7276.53,0.07392378511060463,51.15302020699458,A
KINGS CHOICE BISCUIT TIN,7270.78,0.07386536966197926,51.226885576656564,A
SET/6 PINK  BUTTERFLY T-LIGHTS,7252.6900000000005,0.07368158958099962,51.30056716623756,A
SAVE THE PLANET MUG,7220.95,0.07335913630458755,51.37392630254215,A
ALARM CLOCK BAKELIKE RED ,7212.74,0.07327572920315899,51.44720203174531,A
STRAWBERRY   PICNIC BAG,7193.110000000001,0.0730763039411562,51.52027833568647,A
GLITTER HANGING BUTTERFLY STRING,7152.490000000001,0.07266363689364967,51.59294197258012,A
SET OF 3 NOTEBOOKS IN PARCEL,7148.6,0.07262411757275354,51.66556609015287,A
SET OF 36 PAISLEY FLOWER DOILIES,7110.7,0.07223908357224891,51.73780517372512,A
YOU'RE CONFUSING ME METAL SIGN ,7095.92,0.07208893047126057,51.80989410419638,A
SET OF 20 KIDS COOKIE CUTTERS,7080.07,0.07192790701722367,51.88182201121361,A
DOOR MAT MULTICOLOUR STRIPE,7078.28,0.07190972203408638,51.95373173324769,A
DOORMAT TOPIARY,7061.75,0.07174179031829901,52.02547352356599,A
SUKI  SHOULDER BAG,7055.2,0.07167524750290837,52.0971487710689,A
SET OF 3 HEART COOKIE CUTTERS,7048.98,0.07161205722630841,52.16876082829521,A
"ASSORTED FLOWER COLOUR ""LEIS""",7027.2699999999995,0.07139150081071591,52.24015232910593,A
FOLKART ZINC HEART CHRISTMAS DEC,7002.82,0.07114310816395238,52.311295437269884,A
DOORMAT RESPECTABLE HOUSE,6984.21,0.0709540452945753,52.38224948256446,A
DOORMAT BLACK FLOCK ,6982.81,0.07093982240273608,52.4531893049672,A
FELTCRAFT DOLL EMILY,6973.02,0.0708403637519461,52.524029668719145,A
S/6 WOODEN SKITTLES IN COTTON BAG,6951.64,0.07062315987514428,52.59465282859429,A
OPEN CLOSED METAL SIGN,6883.370000000001,0.06992959071381313,52.664582419308104,A
SET/10 PINK SPOTTY PARTY CANDLES,6882.16,0.06991729807158066,52.734499717379684,A
BLUE STRIPE CERAMIC DRAWER KNOB,6879.92,0.06989454144463791,52.804394258824324,A
SMALL FAIRY CAKE FRIDGE MAGNETS,6875.0,0.06984455813903151,52.874238816963356,A
POLKADOT CUTLERY 24 PCS IN TRAY,6855.75,0.06964899337624221,52.9438878103396,A
MINT KITCHEN SCALES,6834.79,0.06943605636699215,53.013323866706585,A
ENAMEL FLOWER JUG CREAM,6816.3,0.06924821260262988,53.082572079309216,A
SET3 BOOK BOX GREEN GINGHAM FLOWER ,6812.3,0.06920757576880354,53.151779655078016,A
CLOTHES PEGS RETROSPOT PACK 24 ,6810.78,0.06919213377194952,53.220971788849965,A
WALL MOUNTED VINTAGE ORGANISER,6756.09,0.06863652666145881,53.28960831551142,A
SOMBRERO ,6739.85,0.06847154111612386,53.35807985662755,A
LUNCH BOX WITH CUTLERY RETROSPOT ,6724.56,0.06831620681882265,53.42639606344637,A
RETROSPOT CHILDRENS APRON,6718.03,0.06824986718760113,53.49464593063397,A
PINK PARTY BAGS,6692.78,0.06799334717407232,53.562639277808046,A
PACK OF 60 SPACEBOY CAKE CASES,6686.849999999999,0.06793310306792476,53.63057238087597,A
COFFEE MUG DOG + BALL DESIGN,6685.990000000001,0.0679243661486521,53.69849674702462,A
DOOR MAT TOPIARY,6681.38,0.06787753219766723,53.76637427922229,A
PINK/BROWN DOTS RUFFLED UMBRELLA,6664.45,0.06770553679849724,53.83407981602079,A
CREAM SWEETHEART SHELF + HOOKS,6647.24,0.06753069682095937,53.90161051284175,A
WHITE BEADED GARLAND STRING 20LIGHT,6645.28,0.06751078477238447,53.96912129761414,A
CARRIAGE,6625.0,0.06730475602488491,54.03642605363902,A
CAMOUFLAGE LED TORCH,6613.92,0.06719219199518593,54.1036182456342,A
SET/3 RED GINGHAM ROSE STORAGE BOX,6608.25,0.06713458928323708,54.17075283491744,A
AREA PATROLLED METAL SIGN,6567.280000000001,0.06671836651277074,54.23747120143021,A
Adjustment by john on 26/01/2010 17,6563.5,0.06667996470480483,54.304151166135014,A
MOROCCAN TEA GLASS,6552.179999999999,0.06656496246507627,54.370716128600094,A
PINK REGENCY TEACUP AND SAUCER,6548.01,0.06652259856581232,54.437238727165905,A
COOKING SET RETROSPOT,6531.719999999999,0.06635710506005452,54.50359583222596,A
FELTCRAFT PRINCESS CHARLOTTE DOLL,6513.67,0.06617373134741314,54.569769563573374,A
ALARM CLOCK BAKELIKE GREEN,6511.06,0.06614721581334146,54.63591677938672,A
RED STRIPE CERAMIC DRAWER KNOB,6476.88,0.06579997406829532,54.70171675345502,A
RED RETROSPOT SMALL MILK JUG,6475.4800000000005,0.0657857511764561,54.76750250463147,A
ADVENT CALENDAR GINGHAM SACK,6429.530000000001,0.06531893554787596,54.83282144017935,A
CAKE STAND WHITE TWO TIER LACE,6398.04,0.06499902207357805,54.89782046225293,A
SET OF 72 PINK HEART PAPER DOILIES,6387.95,0.06489651566025109,54.96271697791318,A
RED SPOT CERAMIC DRAWER KNOB,6372.09,0.06473539061412964,55.027452368527314,A
LUNCH BAG RED RETROSPOT,6365.72,0.06467067645626118,55.09212304498357,A
COFFEE MUG APPLES DESIGN,6363.38,0.06464690390847276,55.15676994889205,A
LARGE CIRCULAR MIRROR MOBILE,6343.33,0.06444321177891821,55.22121316067096,A
PINK FAIRY CAKE CHILD'S APRON,6339.17,0.06440094947173881,55.2856141101427,A
INFLATABLE POLITICAL GLOBE ,6333.76,0.06434598815398868,55.34996009829669,A
CANDLEHOLDER PINK HANGING HEART,6311.13,0.06411608526661614,55.41407618356331,A
NATURAL SLATE RECTANGLE CHALKBOARD,6300.54,0.06400849924906088,55.47808468281237,A
PACK OF 12 HEARTS DESIGN TISSUES ,6286.05,0.06386129231852494,55.5419459751309,A
ENCHANTED BIRD COATHANGER 5 HOOK,6284.7300000000005,0.06384788216336225,55.605793857294266,A
PLASTERS IN TIN SKULLS,6273.39,0.06373267673946456,55.66952653403373,A
RETRO RED SPOTTY WASHING UP GLOVES,6257.39,0.06357012940415918,55.73309666343789,A
SET OF 6 SOLDIER SKITTLES,6257.28,0.06356901189122895,55.79666567532912,A
SET/5 RED RETROSPOT LID GLASS BOWLS,6243.79,0.0634319641691496,55.86009763949827,A
SET OF 3 BUTTERFLY COOKIE CUTTERS,6175.47,0.06273788704739562,55.92283552654567,A
LOVE LARGE WOOD LETTERS ,6154.86,0.06252850576110537,55.98536403230678,A
I CAN ONLY PLEASE ONE PERSON MUG,6147.82,0.062456984933571,56.047821017240345,A
PACK 20 ENGLISH ROSE PAPER NAPKINS,6127.4,0.062249533896887504,56.110070551137234,A
PARTY METAL SIGN ,6123.139999999999,0.06220625566886244,56.172276806806096,A
FOOD CONTAINER SET 3 LOVE HEART ,6108.55,0.06205803281748085,56.23433483962358,A
BLUE SPOT CERAMIC DRAWER KNOB,6099.8,0.06196913974348573,56.29630397936707,A
GLASS CAKE COVER AND PLATE,6096.349999999999,0.0619340904743105,56.35823806984138,A
MINI CAKE STAND  HANGING STRAWBERY,6096.0,0.06193053475135069,56.420168604592725,A
SET/6 RED SPOTTY PAPER CUPS,6088.25,0.061851800885812144,56.482020405478536,A
PINK FAIRY CAKE CHILDRENS APRON,6082.96,0.06179805867307681,56.54381846415161,A
PAPER CHAIN KIT RETROSPOT,6052.9800000000005,0.06149348560354835,56.60531194975516,A
TRADITIONAL WOODEN CATCH CUP GAME ,6029.41,0.0612540330602266,56.66656598281539,A
CHRISTMAS LIGHTS 10 VINTAGE BAUBLES,6028.35,0.06124326429926263,56.727809247114656,A
CHARLIE+LOLA PINK HOT WATER BOTTLE,6021.99,0.06117865173347873,56.788987898848134,A
RED RETROSPOT MUG,6007.620000000001,0.06103266390795759,56.85002056275609,A
IVORY HANGING DECORATION  HEART,5998.5,0.060940011926833515,56.910960574682925,A
I'M ON HOLIDAY METAL SIGN,5995.05,0.0609049626576583,56.971865537340584,A
KINGS CHOICE TEA CADDY ,5990.030000000001,0.060853963431206234,57.03271950077179,A
SET/3 VANILLA SCENTED CANDLE IN BOX,5988.72,0.06084065486812811,57.09356015563992,A
PACK OF 12 RED SPOTTY TISSUES ,5981.8099999999995,0.060770454737693096,57.15433061037761,A
DOORMAT HOME SWEET HOME BLUE ,5978.63,0.06073814845480115,57.215068758832416,A
SET/10 BLUE SPOTTY PARTY CANDLES,5966.95,0.06061948890002821,57.27568824773245,A
PACK OF 12 PINK PAISLEY TISSUES ,5958.07,0.060529275128933725,57.33621752286138,A
TEA BAG PLATE RED SPOTTY ,5934.19,0.06028667323099044,57.39650419609237,A
6 EGG HOUSE PAINTED WOOD,5902.52,0.05996493109917036,57.456469127191546,A
PAPER BUNTING VINTAGE PAISLEY,5872.4800000000005,0.059659748477134504,57.516128875668684,A
CORONA MEXICAN TRAY,5870.39,0.059638515731460236,57.57576739140014,A
WHITE CHERRY LIGHTS,5850.06,0.05943197902353784,57.63519937042368,A
GAOLERS KEYS DECORATIVE GARDEN ,5845.59,0.0593865673617369,57.69458593778541,A
CHARLIE + LOLA RED HOT WATER BOTTLE,5788.8,0.05880962591348736,57.7533955636989,A
ROUND SNACK BOXES SET OF 4 SKULLS,5750.240000000001,0.05841788683540139,57.8118134505343,A
ROUND CONTAINER SET OF 5 RETROSPOT,5727.61,0.05818798394802882,57.87000143448233,A
GLASS  BEURRE DISH,5724.67,0.05815811587516646,57.9281595503575,A
DOORMAT UNION JACK GUNS AND ROSES,5677.72,0.05768114103812974,57.98584069139563,A
CARD HOLDER GINGHAM HEART,5667.36,0.05757589163851949,58.04341658303415,A
ZINC FOLKART SLEIGH BELLS,5665.1,0.05755293182740762,58.10096951486156,A
RED SPOTTY BOWL,5660.1900000000005,0.057503050113885776,58.15847256497545,A
CERAMIC HEART FAIRY CAKE MONEY BANK,5656.15,0.05746200691172116,58.21593457188717,A
S/16 VINTAGE IVORY CUTLERY,5643.15,0.057329937201785544,58.27326450908895,A
LAVENDER SCENTED FABRIC HEART,5621.58,0.05711080307537697,58.33037531216433,A
CAKE STAND LOVEBIRD 2 TIER PINK,5618.17,0.057076160174540015,58.38745147233887,A
BOYS VINTAGE TIN SEASIDE BUCKET,5618.0199999999995,0.05707463629327152,58.44452610863214,A
VINTAGE BLUE KITCHEN CABINET,5605.0,0.05694236339916678,58.501468472031306,A
METAL MERRY CHRISTMAS WREATH,5599.78,0.05688933233102338,58.55835780436233,A
RIBBON REEL LACE DESIGN ,5596.05,0.05685143848348032,58.61520924284581,A
LARGE HEART MEASURING SPOONS,5580.84,0.056696916922855646,58.67190615976866,A
SCANDINAVIAN REDS RIBBONS,5580.13,0.05668970388485147,58.72859586365351,A
HAND WARMER BABUSHKA DESIGN,5559.620000000001,0.056481338519406885,58.785077202172914,A
LARGE RED SPOT WINDMILL,5554.92,0.05643359023966093,58.84151079241258,A
PACK OF 12 WOODLAND TISSUES ,5548.93,0.05637273658100597,58.89788352899358,A
GINGHAM HEART  DOORSTOP RED,5531.21,0.056192715407155265,58.95407624440074,A
RED SPOTTY PLATE ,5523.2,0.056111340147418,59.010187584548156,A
 SET 2 TEA TOWELS I LOVE LONDON ,5521.08,0.056089802625490036,59.06627738717365,A
KINGS CHOICE MUG,5516.69,0.05604520370036562,59.12232259087401,A
POPPY'S PLAYHOUSE KITCHEN,5515.86,0.056036771557346654,59.17835936243136,A
GIRLS VINTAGE TIN SEASIDE BUCKET,5510.63,0.055983638897118715,59.234343001328476,A
DOOR MAT UNION JACK GUNS AND ROSES,5510.39,0.05598120068708914,59.29032420201556,A
SMALL CHINESE STYLE SCISSOR,5503.64,0.055912626030007184,59.34623682804557,A
MINI WOODEN HAPPY BIRTHDAY GARLAND,5503.46,0.055910797372484985,59.40214762541805,A
CALENDAR PAPER CUT DESIGN,5488.58,0.055759628350650986,59.4579072537687,A
GLASS HONEYPOT WASP CATCHER,5473.82,0.055609678433831765,59.513516932202535,A
VICTORIAN  METAL POSTCARD SPRING,5450.81,0.05537591504724572,59.56889284724978,A
CHRISTMAS LIGHTS 10 SANTAS ,5439.14,0.05525735708455736,59.624150204334335,A
SET OF 3 CASES WOODLAND DESIGN,5435.91,0.05522454284124258,59.67937474717558,A
CREAM SWEETHEART MAGAZINE RACK,5426.74,0.05513138289969568,59.734506130075275,A
KASHMIR FOLKART TUMBLERS,5394.54,0.054804256387393606,59.78931038646267,A
JUMBO BAG CHARLIE AND LOLA TOYS,5388.31,0.05474096451870907,59.844051350981374,A
PINK FLORAL FELTCRAFT SHOULDER BAG,5384.87,0.0547060168416184,59.898757367822995,A
PLACE SETTING WHITE HEART,5370.48,0.05455982583192812,59.953317193654925,A
LOVEBIRD HANGING DECORATION WHITE ,5370.13,0.054556270108968324,60.00787346376389,A
RETRO SPORT PARTY BAG + STICKER SET,5370.08,0.05455576214854549,60.06242922591244,A
TRADITIONAL CHRISTMAS RIBBONS,5365.59,0.05451014730257543,60.11693937321501,A
SET OF THREE VINTAGE GIFT WRAPS,5365.0599999999995,0.05450476292209343,60.171444136137104,A
CAKE STAND LACE WHITE,5361.41,0.054467681811226895,60.22591181794833,A
COFFEE MUG PEARS  DESIGN,5358.16,0.054434664383742976,60.28034648233207,A
PINK 3 PIECE POLKADOT CUTLERY SET,5356.15,0.05441424437474525,60.33476072670682,A
WOOLLY HAT SOCK GLOVE ADVENT STRING,5341.85,0.05426896769381606,60.389029694400634,A
PAPER CHAIN KIT SKULLS ,5337.53,0.054225079913283604,60.443254774313914,A
POPPY'S PLAYHOUSE BEDROOM ,5331.87,0.05416757879341933,60.49742235310733,A
LUNCH BAG DOLLY GIRL DESIGN,5307.43,0.05391928773874036,60.551341640846076,A
RED SPOTTY PEG BAG,5282.89,0.05366998076321573,60.60501162160929,A
12 PENCILS SMALL TUBE RED SPOTTY,5278.03,0.05362060701011672,60.65863222861941,A
ANT WHITE WIRE HEART SPIRAL,5263.17,0.053469641172451836,60.712101869791866,A
FAIRY CAKE CANDLES,5257.43,0.053411327315911035,60.76551319710778,A
CHRISTMAS GINGHAM HEART,5243.89,0.053273771633408865,60.818786968741186,A
DOORSTOP RETROSPOT HEART,5224.41,0.05307587025267455,60.87186283899386,A
BATH BUILDING BLOCK WORD,5215.900000000001,0.05298941538870901,60.92485225438257,A
TRADITIONAL WOODEN SKIPPING ROPE,5208.15,0.05291068152317045,60.977762935905744,A
FAIRY TALE COTTAGE NIGHTLIGHT,5200.73,0.05283530019642258,61.030598236102165,A
BOX OF 24 COCKTAIL PARASOLS,5187.56,0.05270150342104935,61.08329973952321,A
RIBBON REEL HEARTS DESIGN ,5184.85,0.052673971966132,61.13597371148934,A
10 COLOUR SPACEBOY PEN,5184.469999999999,0.05267011146691848,61.18864382295626,A
PICTURE DOMINOES,5169.679999999999,0.05251985677384558,61.24116367973011,A
CIRCUS PARADE LUNCH BOX ,5166.49,0.052487448898869075,61.29365112862897,A
RETRO SPOT LAMP,5164.42,0.052466419337363936,61.34611754796634,A
WELCOME  WOODEN BLOCK LETTERS,5157.13,0.052392358707715414,61.39850990667405,A
GIRLS ALPHABET IRON ON PATCHES ,5139.58,0.052214064599302334,61.450723971273355,A
FOUR HOOK  WHITE LOVEBIRDS,5138.9400000000005,0.05220756270589012,61.50293153397924,A
RED SPOTS  WRAP ,5115.5,0.05196943085966773,61.554900964838914,A
ASSTD DESIGN RACING CAR PEN,5115.46,0.051969024491329466,61.60686998933024,A
RED FLORAL FELTCRAFT SHOULDER BAG,5070.67,0.05151399354455897,61.6583839828748,A
CAKE STAND LOVEBIRD 2 TIER WHITE,5046.139999999999,0.05126478816111889,61.70964877103592,A
PACK OF 60 MUSHROOM CAKE CASES,5035.98,0.05116157060319998,61.76081034163912,A
12 EGG HOUSE PAINTED WOOD,5028.13,0.051081820816815775,61.81189216245594,A
AGED GLASS SILVER T-LIGHT HOLDER,5027.41,0.051074506186727035,61.86296666864267,A
CERAMIC BOWL WITH STRAWBERRY DESIGN,5024.01,0.051039964877974645,61.91400663352064,A
SET/6 TURQUOISE BUTTERFLY T-LIGHTS,5015.09,0.050949344738541895,61.964955978259184,A
VINTAGE RED KITCHEN CABINET,5015.0,0.050948430409780796,62.015904408668966,A
CARDHOLDER HOLLY WREATH METAL,5014.71,0.05094548423932838,62.066849892908294,A
PHOTO CUBE,5014.62,0.0509445699105673,62.117794462818864,A
COSY HOUR GIANT TUBE MATCHES,5007.3,0.05087020450466508,62.168664667323526,A
WHEELBARROW FOR CHILDREN ,4994.9,0.05074423031980341,62.219408897643326,A
CERAMIC CAKE BOWL + HANGING CAKES,4988.25,0.05067667158356711,62.27008556922689,A
ENGLISH ROSE DESIGN PEG BAG,4983.02,0.050623538923339165,62.32070910815023,A
WASHROOM METAL SIGN,4970.84,0.050499799764337945,62.37120890791457,A
VINYL RECORD FRAME SILVER,4919.52,0.04997842918634593,62.42118733710092,A
RED RETROSPOT UMBRELLA,4913.83,0.04992062329022795,62.471107960391144,A
"HOOK, 5 HANGER ,MAGIC TOADSTOOL RED",4908.8,0.049869522471691324,62.52097748286283,A
LOVE GARLAND PAINTED ZINC ,4897.78,0.049757567994499735,62.57073505085733,A
FRYING PAN RED POLKADOT ,4885.89,0.049636775005950935,62.62037182586328,A
ROSE CARAVAN DOORSTOP,4884.14,0.0496189963911519,62.669990822254434,A
RED RETROSPOT BUTTER DISH,4882.67,0.049604062354720715,62.71959488460915,A
HAND WARMER RED POLKA DOT,4876.2,0.049538332276006604,62.76913321688516,A
SKULLS PARTY BAG + STICKER SET,4873.9,0.049514966096556444,62.81864818298172,A
WHITE LOVEBIRD LANTERN,4870.14,0.0494767674727597,62.86812495045448,A
BIG DOUGHNUT FRIDGE MAGNETS,4842.87,0.04919972585814857,62.91732467631263,A
ASSTD DESIGN BUBBLE GUM RING,4824.3,0.04901106935710977,62.96633574566974,A
WOODEN REGATTA BUNTING,4823.650000000001,0.049004465871612994,63.01534021154135,A
"HOOK, 5 HANGER , MAGIC TOADSTOOL",4795.95,0.04872305579736554,63.06406326733872,A
RED SPOTTY CHILDS UMBRELLA,4791.04,0.0486731740838437,63.11273644142256,A
POLKADOT PEN,4775.469999999999,0.04851499520817465,63.161251436630735,A
PACK OF 12 LONDON TISSUES ,4771.25,0.048472123348487856,63.209723559979224,A
PIGGY BANK RETROSPOT ,4771.15,0.0484711074276422,63.25819466740687,A
FAIRY CAKE DESIGN UMBRELLA,4764.22,0.04840070411303806,63.306595371519904,A
BOTTLE BAG RETROSPOT ,4759.95,0.04835732429292843,63.354952695812834,A
CERAMIC CAKE DESIGN SPOTTED MUG,4724.88,0.04800104085235595,63.40295373666519,A
DOOR MAT BIRD ON THE WIRE,4691.77,0.04766466946035838,63.45061840612555,A
CHRISTMAS METAL TAGS ASSORTED ,4687.77,0.04762403262653203,63.49824243875208,A
RED SPOTTY CHILDS APRON,4678.23,0.04752711377785619,63.54576955252993,A
RECIPE BOX BLUE SKETCHBOOK DESIGN,4651.650000000001,0.047257082017080135,63.593026634547016,A
RED 3 PIECE RETROSPOT CUTLERY SET,4646.46,0.047204355725190446,63.64023099027221,A
PINK  SPOTTY PLATE ,4645.09,0.04719043760960492,63.687421427881816,A
RED SPOTTY APRON ,4638.110000000001,0.04711952633457795,63.73454095421639,A
DOORMAT MULTICOLOUR STRIPE,4628.76,0.04702453773550887,63.7815654919519,A
DOORMAT FRIENDSHIP ,4615.91,0.04689399190684173,63.828459483858744,A
LARGE CAKE STAND HANGING HEARTS,4600.26,0.046735000294496155,63.87519448415324,A
SKULL LUNCH BOX WITH CUTLERY ,4598.83,0.046720472626403234,63.921914956779645,A
BLUE 3 PIECE POLKADOT CUTLERY SET,4591.29,0.04664387219464057,63.96855882897429,A
SWEETHEART CAKESTAND 3 TIER,4590.4,0.04663483049911421,64.0151936594734,A
BROWN CHECK CAT DOORSTOP ,4580.9800000000005,0.04653913075545317,64.06173279022885,A
PACK OF 20 SKULL PAPER NAPKINS,4578.73,0.046516272536425846,64.10824906276527,A
S/4 CACTI CANDLES,4563.96,0.04636622102752207,64.1546152837928,A
S/4 BLUE ROUND DECOUPAGE BOXES,4552.69,0.046251726748216336,64.200867010541,A
CREAM SLICE FLANNEL PINK SPOT ,4550.240000000001,0.046226836687497705,64.2470938472285,A
ENAMEL MEASURING JUG CREAM,4549.21,0.04621637270278742,64.29331021993129,A
FELTCRAFT PRINCESS LOLA DOLL,4543.39,0.04615724610957009,64.33946746604086,A
4 TRADITIONAL SPINNING TOPS,4542.84,0.04615165854491896,64.38561912458577,A
GLASS JAR DIGESTIVE BISCUITS,4529.78,0.04601897928247594,64.43163810386825,A
RIBBON REEL SNOWY VILLAGE,4518.22,0.04590153883271781,64.47753964270098,A
"DIAMANTE HEART SHAPED WALL MIRROR, ",4516.02,0.045879188574113314,64.5234188312751,A
MAN FLU METAL SIGN,4511.26,0.045830830741859965,64.56924966201696,A
TEA TIME TEAPOT IN GIFT BOX,4509.04,0.04580827729908634,64.61505793931605,A
CACTI T-LIGHT CANDLES,4495.88,0.04567458211579767,64.66073252143184,A
DOORMAT WELCOME TO OUR HOME,4485.78,0.04557197411038614,64.70630449554223,A
JUMBO BAG DOLLY GIRL DESIGN,4476.63,0.045479017353008376,64.75178351289523,A
KINGS CHOICE GIANT TUBE MATCHES,4464.0,0.045350706550201694,64.79713421944543,A
FANNY'S REST STOPMETAL SIGN,4459.39,0.04530387259921683,64.84243809204465,A
GLASS JAR ENGLISH CONFECTIONERY,4431.280000000001,0.04501829724950219,64.88745638929414,A
WILLOW BRANCH LIGHTS.,4423.69,0.04494118885731669,64.93239757815147,A
DOORMAT NEIGHBOURHOOD WITCH ,4419.59,0.04489953610264469,64.97729711425411,A
CERAMIC CHERRY CAKE MONEY BANK,4414.0199999999995,0.044842949311541494,65.02214006356566,A
CHILDS APRON SPACEBOY DESIGN,4412.87,0.04483126622181643,65.06697132978748,A
RED RETROSPOT STORAGE JAR,4397.7,0.04467715102953001,65.11164848081701,A
WOODEN ADVENT CALENDAR RED,4397.61,0.044676236700768916,65.15632471751778,A
SET OF 12 ROSE BOTANICAL T-LIGHTS,4384.88,0.04454690997711658,65.20087162749489,A
RETRO SPOT SMALL MILK JUG,4380.61,0.04450353015700695,65.24537515765189,A
FANCY FONT HOME SWEET HOME DOORMAT,4378.65,0.04448361810843204,65.28985877576032,A
HANGING METAL STAR LANTERN,4357.86,0.04427240816461961,65.33413118392494,A
12 PENCILS SMALL TUBE SKULL,4356.11,0.04425462954982058,65.37838581347476,A
PINK SPOTTY BOWL,4348.93,0.044181686433102295,65.42256749990787,A
ORGANISER WOOD ANTIQUE WHITE ,4347.13,0.04416339985788044,65.46673089976575,A
RETRO SPOT MUG,4343.01,0.0441215439190393,65.51085244368478,A
UNION STRIPE WITH FRINGE  HAMMOCK,4329.610000000001,0.04398541052572105,65.5548378542105,A
SET OF 3 BABUSHKA STACKING TINS,4304.57,0.04373102394596812,65.59856887815647,A
VINTAGE UNION JACK APRON,4295.36,0.043637457636082955,65.64220633579255,A
BIRD HOUSE HOT WATER BOTTLE,4294.7300000000005,0.043631057334755315,65.6858373931273,A
RED SPOTTY TABLECLOTH ,4294.6900000000005,0.04363065096641705,65.72946804409372,A
GIN AND TONIC MUG,4283.16,0.0435135152929126,65.77298155938664,A
STRAWBERRY SHOPPER BAG,4272.75,0.043407757932879536,65.81638931731952,A
WRAP PINK FAIRY CAKES ,4269.62,0.04337595961041043,65.85976527692993,A
RED BABY BUNTING ,4264.62,0.04332516356812749,65.90309044049806,A
WASH BAG VINTAGE ROSE PAISLEY,4258.67,0.043264716277810804,65.94635515677587,A
PINK BABY BUNTING,4255.54,0.04323291795534169,65.9895880747312,A
RED RETROSPOT SUGAR JAM BOWL,4254.46,0.043221946010208574,66.03281002074141,A
36 PENCILS TUBE RED SPOTTY,4252.11,0.04319807187033559,66.07600809261174,A
CHOCOLATE CALCULATOR,4230.89,0.04298249346688684,66.11899058607862,A
RED RETROSPOT ROUND CAKE TINS,4225.0,0.042922655729077545,66.1619132418077,A
PINK VINTAGE PAISLEY PICNIC BAG,4203.97,0.04270900757523553,66.20462224938294,A
NOVELTY BISCUITS CAKE STAND 3 TIER,4203.95,0.0427088043910664,66.247331053774,A
SWEETHEART CREAM STEEL FOLDIN BENCH,4189.5,0.042562003828868725,66.28989305760287,A
ALARM CLOCK BAKELIKE PINK,4186.37,0.042530205506399604,66.33242326310926,A
FAIRY CAKE BIRTHDAY CANDLE SET,4185.36,0.04251994470585845,66.37494320781512,A
LUNCH BOX WITH CUTLERY FAIRY CAKES ,4167.21,0.04233555507237141,66.41727876288749,A
DAIRY MAID TRADITIONAL TEAPOT ,4163.95,0.04230243605280294,66.4595811989403,A
SAVE THE PLANET COTTON TOTE BAG,4160.72,0.04226962180948817,66.50185082074978,A
MIRRORED DISCO BALL ,4158.71,0.042249201800490424,66.54410002255027,A
GROW YOUR OWN HERBS SET OF 3,4153.66,0.04219789779778466,66.58629792034806,A
RETRO SPOTS BUTTER DISH,4142.87,0.0420882799385381,66.6283862002866,A
KINGS CHOICE CIGAR BOX MATCHES ,4141.28,0.04207212679709213,66.6704583270837,A
CHILDRENS APRON SPACEBOY DESIGN,4139.46,0.04205363703770114,66.71251196412139,A
COSY HOUR CIGAR BOX MATCHES ,4139.4400000000005,0.04205343385353201,66.75456539797493,A
RED HEART SHAPE LOVE BUCKET ,4122.76,0.04188397825647615,66.79644937623141,A
AIRLINE BAG VINTAGE TOKYO 78,4106.19,0.04171564017235051,66.83816501640376,A
PORCELAIN BUTTERFLY OIL BURNER,4100.5,0.041657834276232535,66.87982285068,A
ROSE COTTAGE KEEPSAKE BOX ,4100.28,0.04165559925037208,66.92147844993038,A
TEA TIME OVEN GLOVE,4096.57,0.04161790858699815,66.96309635851738,A
BLUE DINER WALL CLOCK,4085.47,0.041505141373130036,67.00460149989051,A
SET OF 6 T-LIGHTS SANTA,4081.2000000000003,0.041461761553020414,67.04606326144354,A
ALARM CLOCK BAKELIKE IVORY,4080.64,0.041456072396284724,67.08751933383982,A
PEARL CRYSTAL PUMPKIN T-LIGHT HLDR,4080.05,0.04145007846329534,67.12896941230312,A
BATHROOM METAL SIGN,4071.9500000000003,0.041367788874796994,67.17033720117792,A
FUNKY WASHING UP GLOVES ASSORTED,4061.5600000000004,0.041262234698933066,67.21159943587685,A
SMALL HEART FLOWERS HOOK ,4055.0299999999997,0.04119589506771155,67.25279533094456,A
HOME SMALL WOOD LETTERS,4051.59,0.04116094739062089,67.29395627833519,A
MILK PAN RED RETROSPOT,4050.61,0.04115099136633344,67.33510726970152,A
OWL DOORSTOP,4042.48,0.04106839700158139,67.3761756667031,A
HEART DECORATION PAINTED ZINC ,4038.4700000000003,0.04102765857567048,67.41720332527878,A
SLATE TILE NATURAL HANGING,4033.39,0.040976049796711024,67.45817937507549,A
20 DOLLY PEGS RETROSPOT,4025.52,0.040896096826157684,67.49907547190165,A
SET OF 6 T-LIGHTS SNOWMEN,4019.8500000000004,0.04083849411420885,67.53991396601586,A
COLOURING PENCILS BROWN TUBE,4019.71,0.04083707182502492,67.58075103784088,A
LARGE CAKE TOWEL PINK SPOTS,4008.38,0.040721967993211795,67.62147300583409,A
RED SPOTTY CUP,3999.45,0.040631246261694474,67.66210425209579,A
BLUE PARTY BAGS ,3997.7200000000003,0.04061367083106458,67.70271792292685,A
SET OF 3 BLACK FLYING DUCKS,3997.34,0.040609810331851084,67.7433277332587,A
UNION JACK GUNS & ROSES  DOORMAT,3987.11,0.040505881629340205,67.78383361488804,A
PACK OF 6 SKULL PAPER PLATES,3985.08,0.04048525843617333,67.82431887332422,A
TEA COSY VINTAGE UNION JACK,3984.99,0.04048434410741224,67.86480321743163,A
RETROSPOT PADDED SEAT CUSHION,3983.4,0.040468190965966266,67.9052714083976,A
RED DINER WALL CLOCK,3980.41,0.040437814932681074,67.94570922333028,A
"HOOK, 3 HANGER ,MAGIC GARDEN",3979.2,0.0404255222904486,67.98613474562073,A
SPOTTY  HOME SWEET HOME DOORMAT,3978.34,0.04041678537117594,68.02655153099191,A
IVY HEART WREATH,3970.23,0.04033439419059302,68.0668859251825,A
HALL CABINET WITH 3 DRAWERS,3963.64,0.04026744500686411,68.10715337018937,A
CHARLOTTE BAG PINK WITH WHITE SPOTS,3959.52,0.04022558906802298,68.1473789592574,A
UNION JACK HOT WATER BOTTLE ,3949.23,0.04012105081300471,68.1875000100704,A
SKULL AND CROSSBONES  GARLAND ,3942.39,0.04005156182716166,68.22755157189755,A
GARDEN METAL SIGN ,3917.48,0.039798495944508086,68.26735006784206,A
SKULL SHOULDER BAG,3914.44,0.039767611950800065,68.30711767979285,A
"MIRROR, ARCHED GEORGIAN",3884.000000000001,0.03945836564538159,68.34657604543824,A
6 CHOCOLATE LOVE HEART T-LIGHTS,3869.5800000000004,0.039311869859437604,68.38588791529767,A
PLEASE ONE PERSON  METAL SIGN,3868.07,0.03929652945466816,68.42518444475235,A
GREEN CHRISTMAS TREE CARD HOLDER,3867.82,0.03929398965255401,68.4644784344049,A
BLUE  SPOTTY PLATE ,3859.6299999999997,0.03921078573529456,68.50368922014019,A
VINTAGE BILLBOARD DRINK ME MUG,3841.17,0.039023246747185984,68.54271246688738,A
BREAD BIN DINER STYLE IVORY,3818.0,0.038787857887246875,68.58150032477462,A
BOYS ALPHABET IRON ON PATCHES,3814.42,0.0387514879209723,68.6202518126956,A
"CHARLOTTE BAG , SUKI DESIGN",3796.59,0.038570349234191365,68.65882216192979,A
TRADITIONAL KNITTING NANCY,3793.41,0.038538042951299416,68.6973602048811,A
PICNIC BOXES SET OF 3 RETROSPOT ,3787.57,0.03847871317391295,68.73583891805501,A
FLAG OF ST GEORGE CAR FLAG,3779.51,0.03839682995375287,68.77423574800876,A
RED SPOTTY OVEN GLOVE ,3778.37,0.03838524845611235,68.81262099646487,A
ANTIQUE GLASS HEART DECORATION ,3776.6499999999996,0.038367774617567026,68.85098877108244,A
CHARLIE + LOLA BISCUITS TINS,3773.3,0.03833374126923746,68.88932251235168,A
RED RETROSPOT TEA CUP AND SAUCER ,3771.0,0.03831037508978732,68.92763288744148,A
36 DOILIES VINTAGE CHRISTMAS,3763.69,0.03823611127596967,68.96586899871744,A
METAL SIGN EMPIRE TEA,3756.86,0.038166723882211186,69.00403572259965,A
GLAMOROUS  MUG,3749.76,0.03809459350216942,69.04213031610182,A
"CHARLOTTE BAG , PINK/WHITE SPOTS",3740.38,0.037999300126846644,69.08012961622866,A
SET OF 3 BLUE STRIPE BASKET,3734.9400000000005,0.03794403403284281,69.11807365026151,A
PACK OF 6 SWEETIE GIFT BOXES,3731.36,0.03790766406656823,69.15598131432807,A
RED SPOTTY OVEN GLOVE DOUBLE,3715.23,0.037743796034163495,69.19372511036224,A
GLASS STAR FROSTED T-LIGHT HOLDER,3714.46,0.03773597344365192,69.23146108380588,A
UTILTY CABINET WITH HOOKS,3713.76,0.03772886199773231,69.26918994580362,A
BLUE PAPER PARASOL ,3709.11,0.03768162167840919,69.30687156748202,A
12 PENCIL SMALL TUBE WOODLAND,3707.85,0.03766882107575388,69.34454038855777,A
TV DINNER TRAY DOLLY GIRL,3699.4300000000003,0.03758328054054943,69.38212366909832,A
 RED/WHITE DOT MINI CASES,3696.59,0.03755442838853272,69.41967809748685,A
FLORAL ELEPHANT SOFT TOY,3682.76,0.03741392653557814,69.45709202402243,A
PARTY CONES CARNIVAL ASSORTED,3678.23,0.037367905321269795,69.4944599293437,A
HOMEMADE JAM SCENTED CANDLES,3670.7,0.037291406481591696,69.53175133582529,A
SET/20 STRAWBERRY PAPER NAPKINS ,3669.6,0.03728023135228945,69.56903156717757,A
RIBBON REEL SPOTS DESIGN ,3668.58,0.037269868959663735,69.60630143613724,A
RETRO SPOT  CIGAR BOX MATCHES ,3652.0,0.03710142928345354,69.6434028654207,A
CHARLIE AND LOLA CHARLOTTE BAG,3650.37,0.037084869773669295,69.68048773519436,A
PINK HEART DOTS HOT WATER BOTTLE,3638.67,0.03696600703472724,69.71745374222908,A
LADYBIRD + BEE RAFFIA FOOD COVER,3635.16,0.03693034821304462,69.75438409044213,A
SET/4 BLUE FLOWER CANDLES IN BOWL,3634.35,0.03692211925419478,69.79130620969633,A
WHITE JEWELLED HEART DECORATION,3633.8599999999997,0.03691714124205105,69.82822335093839,A
MAGIC DRAWING SLATE SPACEBOY ,3631.82,0.03689641645679962,69.86511976739519,A
HAPPY STENCIL CRAFT,3630.6800000000003,0.03688483495915912,69.90200460235434,A
SPACEBOY BIRTHDAY CARD,3628.96,0.036867361120613784,69.93887196347495,A
LAUNDRY 15C METAL SIGN,3619.5099999999998,0.03677135660069904,69.97564332007565,A
HOLIDAY FUN LUDO,3618.57,0.036761806944749856,70.0124051270204,A
FANCY FONTS BIRTHDAY WRAP,3600.5,0.03657823004793933,70.04898335706834,A
GROW YOUR OWN BASIL IN ENAMEL MUG,3598.4,0.036556895710180504,70.08554025277851,A
LUNCHBOX WITH CUTLERY FAIRY CAKES ,3597.68,0.03654958108009176,70.12208983385861,A
GROW YOUR OWN FLOWERS SET OF 3,3595.5699999999997,0.03652814515024836,70.15861797900885,A
POPPY'S PLAYHOUSE LIVINGROOM ,3595.08,0.036523167138104634,70.19514114614695,A
RAIN PONCHO WITH RED SPOTS,3592.97,0.03650173120826123,70.23164287735521,A
ENAMEL WATERING CAN CREAM,3590.15,0.036473082240413665,70.26811595959563,A
OVERNIGHT BAG VINTAGE ROSE PAISLEY,3572.81,0.036296921565776456,70.30441288116141,A
RED STAR CARD HOLDER,3572.6800000000003,0.0362956008686771,70.3407084820301,A
RED RETRO BAR STOOL,3570.87,0.03627721270137067,70.37698569473146,A
TROPICAL  HONEYCOMB PAPER GARLAND ,3567.55,0.03624348412929482,70.41322917886076,A
FIVE HEART HANGING DECORATION,3560.3900000000003,0.03617074419674566,70.44939992305751,A
PINK HAWAIIAN PICNIC HAMPER FOR 4,3560.09,0.036167696434208675,70.48556761949172,A
VANILLA SCENT CANDLE JEWELLED BOX,3554.75,0.03611344626105051,70.52168106575277,A
RED RETROSPOT CHARLOTTE BAG,3553.4,0.036099731329634115,70.5577807970824,A
CABIN BAG VINTAGE RETROSPOT,3550.0099999999998,0.03606529161296628,70.59384608869537,A
SCANDINAVIAN PAISLEY PICNIC BAG,3544.54,0.03600972074270876,70.62985580943808,A
PACK OF 12 TRADITIONAL CRAYONS,3534.9700000000003,0.03591249711777923,70.66576830655586,A
BLACK RETRO BAR STOOL,3533.9,0.03590162676473068,70.70166993332059,A
MINATURE COLOURED GARDENING SET,3527.42,0.035835795093932,70.73750572841452,A
ZINC WILLIE WINKIE  CANDLE STICK,3516.2799999999997,0.03572262151172562,70.77322834992624,A
NEWSPAPER STAND,3508.3,0.03564155102824207,70.80886990095449,A
MINI CAKE STAND WITH HANGING CAKES,3507.14,0.035629766346432425,70.84449966730092,A
SMALL HEART MEASURING SPOONS,3505.8399999999997,0.03561655937543886,70.88011622667636,A
VINTAGE PAISLEY STATIONERY SET,3504.25,0.035600406233992896,70.91571663291036,A
CHRISTMAS RETROSPOT HEART WOOD,3499.11,0.03554818790252604,70.95126482081288,A
HEART DECORATION WITH PEARLS ,3498.15,0.03553843506240772,70.98680325587529,A
OFFICE MUG WARMER BLACK+SILVER ,3493.59,0.03549210907184568,71.02229536494713,A
GLASS JAR DAISY FRESH COTTON WOOL,3482.34,0.03537781797670909,71.05767318292384,A
LUNCHBOX WITH CUTLERY RETROSPOT ,3481.89,0.03537324633290362,71.09304642925675,A
SANDWICH BATH SPONGE,3477.88,0.035332507906992716,71.12837893716373,A
CHINESE DRAGON PAPER LANTERNS,3462.7599999999998,0.03517890067512912,71.16355783783887,A
BLUE SPOTTY BOWL,3455.94,0.0351096148734552,71.19866745271231,A
STRAWBERRY LUNCHBOX WITH CUTLERY,3454.09,0.03509082033781052,71.23375827305013,A
WATERING CAN PINK BUNNY,3453.1899999999996,0.035081677050199586,71.26883995010033,A
METAL SHELF WITH RAIL ,3451.82,0.03506775893461407,71.30390770903495,A
COFFEE MUG BLUE PAISLEY DESIGN,3448.8,0.03503707812507518,71.33894478716002,A
MAGNETS PACK OF 4 CHILDHOOD MEMORY,3447.52,0.03502407433825074,71.37396886149827,A
PACK OF 6 HANDBAG GIFT BOXES,3433.6,0.03488265815653506,71.4088515196548,A
WOODLAND DESIGN  COTTON TOTE BAG,3430.41,0.03485025028155855,71.44370176993637,A
SKULLS  WATER TRANSFER TATTOOS ,3429.46,0.0348405990335248,71.4785423689699,A
CHALKBOARD KITCHEN ORGANISER,3428.95,0.03483541783721194,71.51337778680711,A
"KEY FOB , SHED",3425.78,0.03480321314640456,71.54818099995352,A
DOOR MAT FRIENDSHIP ,3420.2400000000002,0.03474693113155507,71.58292793108507,A
12 MESSAGE CARDS WITH ENVELOPES,3414.77,0.034691360261297544,71.61761929134636,A
TOADSTOOL MONEY BOX,3411.6500000000005,0.034659663530912994,71.65227895487727,A
PINK AND LILAC QUILTED THROW ,3402.32,0.03456487811601305,71.68684383299329,A
CERAMIC STRWBERRY DESIGN MUG,3393.1,0.03447121021404331,71.72131504320733,A
VICTORIAN SEWING KIT,3389.4900000000002,0.03443453547151504,71.75574957867885,A
RIBBON REEL CHRISTMAS PRESENT ,3383.12,0.03436982131364658,71.79011939999249,A
SQUARE MIRROR CURTAIN,3381.62,0.0343545825009617,71.82447398249346,A
S/16 VINTAGE RED CUTLERY,3375.2499999999995,0.03428986834309324,71.85876385083655,A
KEY CABINET MA CAMPAGNE,3374.1499999999996,0.034278693213791,71.89304254405035,A
3 TIER CAKE TIN RED AND CREAM,3370.85,0.034245167825884264,71.92728771187623,A
GLASS JAR KINGS CHOICE,3369.7500000000005,0.034233992696582026,71.96152170457282,A
VINTAGE RED TEATIME MUG,3369.07,0.034227084434831544,71.99574878900765,A
CAMOFLAGE DESIGN TEDDY,3368.92,0.03422556055356306,72.02997434956121,A
CERAMIC PLATE STRAWBERRY DESIGN,3367.65,0.03421265835882319,72.06418700792004,A
DOOR MAT AIRMAIL ,3366.71,0.034203108702874,72.09839011662291,A
FELTCRAFT DOLL MARIA,3363.09,0.03416633236826116,72.13255644899117,A
CITRONELLA CANDLE FLOWERPOT,3361.32,0.034148350569292996,72.16670479956046,A
PHOTO FRAME CORNICE,3339.3500000000004,0.033925152759501795,72.20062995231997,A
CHRISTMAS CRAFT LITTLE FRIENDS,3332.41,0.033854647852813086,72.23448460017279,A
"WALL MIRROR , DIAMANTE OVAL SHAPE",3331.91,0.03384956824858479,72.26833416842138,A
ENGLISH ROSE HOT WATER BOTTLE,3320.72,0.033735886705955585,72.30207005512733,A
TOAST ITS - I LOVE YOU ,3315.5,0.03368285563781221,72.33575291076514,A
DOCTOR'S BAG SOFT TOY,3312.2799999999997,0.033650142986582,72.36940305375172,A
STAR PORTABLE TABLE LIGHT ,3310.1200000000003,0.03362819909631578,72.40303125284804,A
CERAMIC CAKE DESIGN SPOTTED PLATE,3306.25,0.033588882959588784,72.43662013580763,A
PINK SPOTTY CHILDS UMBRELLA,3292.86,0.0334528511583551,72.47007298696599,A
GREY FLORAL FELTCRAFT SHOULDER BAG,3292.14,0.033445536528266345,72.50351852349425,A
SET OF 2 FANCY FONT TEA TOWELS,3290.0800000000004,0.03342460855884579,72.5369431320531,A
BLACK AND WHITE PAISLEY FLOWER MUG,3288.65,0.03341008089075287,72.57035321294384,A
"RUSTIC WOODEN CABINET, GLASS DOORS",3287.72,0.03340063282688824,72.60375384577073,A
TEA TIME DES TEA COSY,3278.54,0.033307371293256775,72.63706121706399,A
BOOM BOX SPEAKER BOYS,3276.64,0.033288068797189256,72.67034928586118,A
RECIPE BOX RETROSPOT ,3274.3500000000004,0.03326480420982368,72.703614090071,A
VINTAGE UNION JACK SHOPPING BAG,3271.77,0.03323859345200569,72.73685268352301,A
WALL TIDY RETROSPOT ,3271.25,0.03323331066360826,72.77008599418662,A
HEART SHAPED MIRROR,3266.4,0.03318403850259382,72.80327003268921,A
ROCKING HORSE RED CHRISTMAS ,3250.6,0.03302352300897975,72.83629355569819,A
STRING OF 20 ROSE LIGHTS,3248.94,0.03300665872294182,72.86930021442113,A
CINAMMON & ORANGE WREATH,3238.22,0.032897752008287214,72.90219796642941,A
METAL SIGN NEIGHBOURHOOD WITCH ,3232.11,0.03283567924461747,72.93503364567403,A
BALLOON PUMP WITH 10 BALLOONS,3225.48,0.032768323692550304,72.96780196936658,A
PACK 3 BOXES BIRD PANNETONE ,3224.6499999999996,0.03275989154953133,73.00056186091611,A
VINTAGE BILLBOARD TEA MUG,3223.91,0.03275237373527346,73.03331423465139,A
DOORMAT I LOVE LONDON,3222.58,0.0327388619880262,73.06605309663941,A
PEACE SMALL WOOD LETTERS,3218.51,0.032697514009607895,73.09875061064902,A
RED HANGING METAL STAR TLIGHT HLDR,3214.57,0.03265748672828894,73.1314080973773,A
WHITE SWEETHEARTS CABINET 4 DRAWERS,3210.04,0.03261146551398061,73.16401956289128,A
GREEN CHERRY LIGHTS,3209.36,0.032604557252230125,73.19662412014351,A
RED GINGHAM TEDDY BEAR ,3208.4300000000003,0.03259510918836551,73.22921922933187,A
DOORMAT MERRY CHRISTMAS RED ,3206.37,0.03257418121894493,73.26179341055082,A
FAMILY PHOTO FRAME CORNICE,3205.5699999999997,0.032566053852179665,73.294359464403,A
SET OF 2 TINS VINTAGE BATHROOM ,3204.18,0.03255193255242501,73.32691139695542,A
PACK OF 12 PINK SPOT TISSUES ,3194.19,0.03245044205994371,73.35936183901536,A
ALARM CLOCK BAKELIKE ORANGE,3184.93,0.03235636778963572,73.391718206805,A
RETRO SPOT SMALL TUBE MATCHES,3183.45,0.03234133216111997,73.42405953896612,A
CITRONELLA CANDLE GARDEN POT,3178.01,0.03228606606711615,73.45634560503323,A
S/16 VINTAGE PISTACHIO CUTLERY,3177.2999999999997,0.032278853029111966,73.48862445806235,A
WOODEN HEART CHRISTMAS SCANDINAVIAN,3173.93,0.03224461649661327,73.52086907455896,A
COFFEE MUG PINK PAISLEY DESIGN,3168.15,0.0321858962717342,73.55305497083069,A
RED/WHITE SPOT PICNIC BAG,3164.59,0.032149729489628756,73.58520470032032,A
SPACEBOY TV DINNER TRAY,3164.24,0.03214617376666895,73.61735087408698,A
WOODLAND PARTY BAG + STICKER SET,3160.3599999999997,0.03210675603785739,73.64945763012484,A
RED METAL BEACH SPADE ,3156.93,0.0320719099528513,73.68152954007769,A
SET/3 OCEAN SCENT CANDLE JEWEL BOX,3155.85,0.032060938007718184,73.71359047808541,A
FUSCHIA RETRO BAR STOOL,3149.05,0.0319918553902134,73.74558233347562,A
PINK  SPOTTY CUP,3145.4900000000002,0.031955688608107956,73.77753802208373,A
PINK SPOTS  WRAP ,3144.5,0.03194563099173593,73.80948365307547,A
STRAWBERRY BATH SPONGE ,3141.14,0.0319114960513218,73.8413951491268,A
RED RETROSPOT MINI CASES,3139.98,0.03189971136951216,73.87329486049632,A
SET 12 KIDS COLOUR  CHALK STICKS,3126.85,0.03176632096247718,73.90506118145879,A
SWEETHEART RECIPE BOOK STAND,3126.06,0.03175829518779648,73.93681947664659,A
GARLAND WOODEN HAPPY EASTER,3121.6,0.03171298511808011,73.96853246176467,A
PIG KEYRING WITH LIGHT & SOUND ,3118.91,0.03168565684733189,74.000218118612,A
SILVER CHRISTMAS TREE BAUBLE STAND ,3106.7799999999997,0.031562425648753493,74.03178054426076,A
5 HOOK BLACKBOARD ORGANISER ,3101.46,0.031508378659764455,74.06328892292052,A
EASTER TIN BUCKET,3097.7599999999998,0.03147078958847508,74.09475971250899,A
BLACK/BLUE POLKADOT UMBRELLA,3096.29,0.0314558555520439,74.12621556806103,A
CLASSIC WHITE FRAME,3094.7400000000002,0.0314401087789362,74.15765567683997,A
ROTATING LEAVES T-LIGHT HOLDER,3091.75,0.031409732745651,74.18906540958562,A
36 PENCILS TUBE SKULLS,3084.7799999999997,0.03133892306270859,74.22040433264833,A
SET OF 9 BLACK SKULL BALLOONS,3084.77,0.03133882147062403,74.25174315411896,A
TEATIME CAKE TIN WITH HANDLE,3083.2,0.031322871513347186,74.28306602563231,A
EMBOSSED GLASS TEALIGHT HOLDER,3082.95,0.03132033171123304,74.31438635734354,A
SEWING BOX RETROSPOT DESIGN ,3082.5699999999997,0.03131647121201954,74.34570282855556,A
"FOLDING UMBRELLA , BLACK/BLUE  SPOT",3077.01,0.03125998601300092,74.37696281456856,A
HANGING METAL BIRD BATH,3076.39,0.031253687303757834,74.40821650187232,A
PIZZA SLICE DISH,3074.18,0.031231235453068776,74.43944773732538,A
FRENCH WC SIGN BLUE METAL,3071.36,0.031202586485221204,74.4706503238106,A
ASSORTED TUTTI FRUTTI SMALL PURSE,3061.42,0.031101603953162738,74.50175192776376,A
SKULLS  STICKERS,3060.17,0.03108890494259201,74.53284083270636,A
JOY WOODEN BLOCK LETTERS,3058.64,0.031073361353653423,74.56391419406,A
GREEN 3 PIECE POLKADOT CUTLERY SET,3056.42,0.031050807910879805,74.59496500197088,A
PEACE WOODEN BLOCK LETTERS,3050.86,0.030994322711861186,74.62595932468274,A
CHRISTMAS GINGHAM STAR,3036.77,0.03085117946470788,74.65681050414744,A
RETRO SPOT GIANT  TUBE MATCHES,3034.9500000000003,0.0308326897053169,74.68764319385276,A
HEART GARLAND RUSTIC PADDED,3027.37,0.030755682905215968,74.71839887675797,A
SPACEBOY GIFT WRAP,3024.8,0.030729573739482544,74.74912845049745,A
BREAD BIN DINER STYLE RED ,3022.9,0.030710271243415032,74.77983872174087,A
APPLE BATH SPONGE,3021.45,0.030695540391152975,74.81053426213202,A
SWALLOWS GREETING CARD,3015.39,0.030633975587906065,74.84116823771993,A
"DOG BOWL , CHASING BALL DESIGN",3014.3,0.030622902050688388,74.87179113977062,A
MILK PAN PINK RETROSPOT,3011.2400000000002,0.03059181487281123,74.90238295464343,A
GLASS HEART T-LIGHT HOLDER ,3009.83,0.030577490388887442,74.93296044503232,A
PAINT YOUR OWN CANVAS SET,3007.65,0.030555343314452088,74.96351578834677,A
PAPER BUNTING RETROSPOT,3004.6000000000004,0.030524357728659503,74.99404014607543,A
TOY TIDY PINK POLKADOT,2996.7999999999997,0.030445115902698123,75.02448526197813,A
CHRISTMAS PUDDING TRINKET POT ,2995.71,0.030434042365480442,75.05491930434361,A
RIBBON REEL CHRISTMAS SOCK BAUBLE,2990.29,0.030378979455645747,75.08529828379926,A
SHOE SHINE BOX ,2984.81,0.03032330699330365,75.11562159079257,A
BLACK KITCHEN SCALES,2978.1,0.03025513870455996,75.14587672949713,A
"HOOK, 1 HANGER ,MAGIC GARDEN",2976.49,0.030238782378944853,75.17611551187608,A
NURSE'S BAG SOFT TOY,2975.0699999999997,0.0302243563029365,75.20633986817901,A
TEA PARTY BIRTHDAY CARD,2973.16,0.03020495221478442,75.2365448203938,A
"FOLDING UMBRELLA , RED/WHITE SPOT",2962.82,0.030099905999343323,75.26664472639315,A
FINE WICKER HEART ,2956.07,0.030031331342261363,75.29667605773541,A
ASSORTED COLOUR T-LIGHT HOLDER,2954.82,0.030018632331690626,75.3266946900671,A
MONSTERS STENCIL CRAFT,2951.4300000000003,0.029984192615022803,75.35667888268212,A
SET/10 RED POLKADOT PARTY CANDLES,2940.96,0.02987782570248234,75.3865567083846,A
ROUND CAKE TIN VINTAGE RED,2938.46,0.029852427681340873,75.41640913606594,A
SET OF 72 IVORY PAPER DOILIES,2920.8199999999997,0.029673219244166684,75.44608235531011,A
DAIRY MAID LARGE MILK JUG,2914.48,0.029608809862551932,75.47569116517266,A
3D DOG PICTURE PLAYING CARDS,2907.7000000000003,0.029539930429216276,75.50523109560189,A
STRAWBERRY RAFFIA FOOD COVER,2905.04,0.029512906934721757,75.53474400253661,A
FRYING PAN PINK POLKADOT ,2904.26,0.029504982752125618,75.56424898528874,A
IVORY ENCHANTED FOREST PLACEMAT,2896.8,0.02942919505703949,75.59367818034578,A
PACK OF 12 SKULL TISSUES,2896.7499999999995,0.029428687096616647,75.62310686744239,A
FELTCRAFT PRINCESS OLIVIA DOLL,2888.73,0.029347210244794832,75.65245407768718,A
PIZZA PLATE IN BOX,2884.45,0.029303728832600642,75.68175780651978,A
SET/6 PURPLE BUTTERFLY T-LIGHTS,2879.3500000000004,0.029251916869472056,75.71100972338925,A
BLUE  SPOTTY CUP,2877.47,0.02923281755757367,75.74024254094682,A
PACK OF 12 COLOURED PENCILS,2873.19,0.02918933614537948,75.7694318770922,A
TEA CUP AND SAUCER RETRO SPOT,2866.34,0.029119745567451862,75.79855162265966,A
"KEY FOB , BACK DOOR ",2864.07,0.029096684164255412,75.82764830682392,A
WATERING CAN BLUE ELEPHANT,2860.47,0.029060111013811698,75.85670841783772,A
VINTAGE SEASIDE JIGSAW PUZZLES,2857.37,0.029028617467596284,75.88573703530533,A
RETRO SPOT STORAGE JAR,2853.29,0.028987167897093408,75.91472420320243,A
SET OF 9 HEART SHAPED BALLOONS,2850.99,0.028963801717643258,75.94368800492006,A
FAIRY SOAP SOAP HOLDER,2831.16,0.028762344613949147,75.97245034953401,A
SET 12 RETRO WHITE CHALK STICKS,2829.68,0.028747308985433404,76.00119765851944,A
36 PENCILS TUBE WOODLAND,2810.1,0.028548391683853442,76.0297460502033,A
CHOCOLATE BOX RIBBONS ,2804.48,0.028491296932327426,76.05823734713563,A
POLYESTER FILLER PAD 40x40cm,2798.5,0.02843054486575704,76.08666789200139,A
PINK PAISLEY QUILT ,2797.55,0.028420893617723285,76.11508878561911,A
HAND OPEN SHAPE DECO.WHITE,2794.69,0.02839183828153745,76.14348062390064,A
FLOWER VINE RAFFIA FOOD COVER,2788.35,0.028327428899922687,76.17180805280057,A
SET OF 3 RED STRIPE BASKETS,2782.19,0.028264848175830116,76.20007290097641,A
"DECORATION HEN ON NEST, HANGING",2781.28,0.028255603296134628,76.22832850427254,A
PINK PADDED MOBILE,2778.41,0.02822644636786422,76.2565549506404,A
CHRISTMAS RETROSPOT STAR WOOD,2774.27,0.02818438724485395,76.28473933788526,A
METAL MEDINA LANTERN ,2773.11,0.028172602563044314,76.3129119404483,A
CHRISTMAS CRAFT TREE TOP ANGEL,2772.02,0.028161529025826634,76.34107346947413,A
DINOSAUR LUNCH BOX WITH CUTLERY,2769.54,0.0281363341888543,76.36920980366298,A
DOOR MAT RESPECTABLE HOUSE,2765.69,0.02809722123629644,76.39730702489928,A
AIRLINE BAG VINTAGE JET SET RED,2752.95,0.027967792920559526,76.42527481781984,A
CHRISTMAS CRAFT HEART STOCKING ,2752.66,0.027964846750107117,76.45323966456995,A
MAGIC DRAWING SLATE DOLLY GIRL ,2746.06,0.027897795974293652,76.48113746054425,A
PINK  HEART SHAPE LOVE BUCKET ,2746.0000000000005,0.027897186421786256,76.50903464696603,A
RED PAPER PARASOL,2745.8,0.02789515458009494,76.53692980154612,A
CHARLIE+LOLA RED HOT WATER BOTTLE ,2740.71,0.027843444209050914,76.56477324575518,A
PARTY CONES CANDY ASSORTED,2737.06,0.02780636309818437,76.59257960885336,A
OCEAN STRIPE HAMMOCK ,2736.69,0.027802604191055437,76.62038221304441,A
MONEY BOX KINGS CHOICE DESIGN,2727.15,0.0277056853423796,76.64808789838679,A
HEART WOODEN CHRISTMAS DECORATION,2727.02,0.027704364645280245,76.67579226303206,A
SET/3 FLORAL GARDEN TOOLS IN BAG,2719.38,0.027626748292671924,76.70341901132474,A
SET/3 DECOUPAGE STACKING TINS,2714.52,0.027577374539572912,76.73099638586432,A
POTTING SHED TWINE,2702.82,0.027458511800630855,76.75845489766495,A
PINK DIAMANTE PEN IN GIFT BOX,2700.43,0.027434231292419613,76.78588912895736,A
VINTAGE BILLBOARD LOVE/HATE MUG,2695.08,0.027379879527176874,76.81326900848454,A
RECIPE BOX RETRO SPOT DESIGN,2694.65,0.027375511067540544,76.84064451955209,A
CHRISTMAS GINGHAM TREE,2691.65,0.027345033442170784,76.86798955299426,A
S/16 VINTAGE BLACK CUTLERY,2687.41,0.027301958398314858,76.89529151139257,A
LOVE HEART NAPKIN BOX ,2673.56,0.027161253361191136,76.92245276475376,A
MOUSE TOY WITH PINK T-SHIRT,2666.02,0.027084652929428476,76.94953741768319,A
WOODLAND  HEIGHT CHART STICKERS ,2663.69,0.02706098197372463,76.97659839965691,A
RED/CREAM STRIPE FRINGE HAMMOCK,2662.64,0.02705031480484521,77.00364871446175,A
LOVE HEART SOCK HANGER,2661.39,0.027037615794274477,77.03068633025602,A
PACK OF 6 SKULL PAPER CUPS,2652.46,0.026946894062757163,77.05763322431878,A
"SWISS ROLL TOWEL, PINK  SPOTS",2646.3700000000003,0.026885024483256557,77.08451824880204,A
FLAMINGO LIGHTS,2642.2,0.026842660583992584,77.11136090938604,A
"KEY FOB , GARAGE DESIGN",2640.11,0.026821427838318323,77.13818233722435,A
UNION JACK FLAG PASSPORT COVER ,2639.89,0.02681919281245787,77.1650015300368,A
SET/3 ROSE CANDLE IN JEWELLED BOX,2635.27,0.026772257269388443,77.19177378730619,A
POTTERING MUG,2634.73,0.026766771296821888,77.21854055860301,A
EASTER CRAFT IVY WREATH WITH CHICK,2631.18,0.026730706106801002,77.24527126470981,A
SET OF 72 RETROSPOT PAPER  DOILIES,2630.77,0.026726540831333804,77.27199780554115,A
BLUE SAVANNAH PICNIC HAMPER FOR 2,2623.32,0.02665085472833224,77.29864866026948,A
CARDHOLDER GINGHAM STAR,2622.5,0.026642524177397833,77.32529118444688,A
BLACK DINER WALL CLOCK,2620.41,0.02662129143172357,77.3519124758786,A
6 RIBBONS ELEGANT CHRISTMAS ,2616.3,0.026579537084967002,77.37849201296358,A
HANGING MEDINA LANTERN SMALL,2615.55,0.026571917678624563,77.4050639306422,A
TEA TIME MUG IN GIFT BOX,2599.7900000000004,0.02641180855334876,77.43147573919555,A
LUSH GREENS RIBBONS,2598.32,0.02639687451691758,77.45787261371247,A
12 PENCILS SMALL TUBE RED RETROSPOT,2594.4300000000003,0.02635735519602146,77.4842299689085,A
SMALL RED RETROSPOT WINDMILL,2593.75,0.026350446934270973,77.51058041584277,A
SWEETHEART CREAM STEEL TABLE RECT,2593.5,0.026347907132156827,77.53692832297493,A
ROSE SCENT CANDLE IN JEWELLED BOX,2591.68,0.02632941737276584,77.5632577403477,A
BOX OF 9 PEBBLE CANDLES,2591.5699999999997,0.026328299859835612,77.58958604020754,A
"FEATHER PEN,HOT PINK",2585.14,0.026262976149459764,77.61584901635699,A
SWALLOW GIANT TUBE MATCHES,2583.4500000000003,0.026245807087168137,77.64209482344415,A
WHITE HANGING BEADS CANDLE HOLDER,2582.4500000000003,0.026235647878711552,77.66833047132286,A
WOODEN STAR CHRISTMAS SCANDINAVIAN,2581.4,0.026224980709832132,77.69455545203269,A
JAM MAKING SET PRINTED,2580.46,0.02621543105388294,77.72077088308657,A
HANGING FAIRY CAKE DECORATION,2577.7200000000003,0.026187594822711897,77.74695847790929,A
EMPIRE UNION JACK TV DINNER TRAY,2577.11,0.026181397705553375,77.77313987561485,A
"FANCY FONT BIRTHDAY CARD, ",2576.13,0.026171441681265922,77.79931131729612,A
PENS ASSORTED FUNNY FACE,2575.04,0.026160368144048245,77.82547168544016,A
JOY LARGE WOOD LETTERS,2574.14,0.026151224856437318,77.8516229102966,A
GROW A FLYTRAP OR SUNFLOWER IN TIN,2571.63,0.026125725243211283,77.8777486355398,A
ELEPHANT CARNIVAL POUFFE,2570.95,0.026118816981460805,77.90386745252127,A
BOMBS AWAY METAL SIGN,2569.6600000000003,0.02610571160255181,77.92997316412382,A
OFFICE MUG WARMER POLKADOT,2566.21,0.026070662333376588,77.9560438264572,A
GLASS ETCHED T-LIGHT HOLDER LARGE,2565.67,0.02606517636081003,77.98210900281802,A
EASTER CRAFT 4 CHICKS ,2562.84,0.02603642580087789,78.0081454286189,A
WATERING CAN GREEN DINOSAUR,2562.6099999999997,0.026034089182932874,78.03417951780183,A
JAM MAKING SET WITH JARS,2557.18,0.02597892468101361,78.06015844248284,A
BLUE SPOTS  WRAP,2555.0,0.025956777606578253,78.08611522008943,A
TEA TIME TEA SET IN GIFT BOX,2550.98,0.025915937588582773,78.112031157678,A
BLACK WINE GLASS,2537.99,0.025783969470731718,78.13781512714874,A
S/16 VINTAGE ROSE CUTLERY,2536.73,0.02577116886807642,78.16358629601682,A
BLUE RETRO BAR STOOL,2535.1,0.025754609358292185,78.1893409053751,A
TOILET METAL SIGN,2531.96,0.0257227094437385,78.21506361481885,A
"POPCORN HOLDER , SMALL ",2531.64,0.025719458497032395,78.24078307331588,A
DOORMAT WELCOME SUNRISE,2527.78,0.025680243952389974,78.26646331726828,A
BUTTERFLIES  HONEYCOMB GARLAND,2527.0,0.025672319769793832,78.29213563703807,A
CAT BOWL ,2521.2400000000002,0.025613802729083895,78.31774943976716,A
PINK OWL SOFT TOY,2518.9900000000002,0.02559094451005658,78.34334038427721,A
CUPCAKE LACE PAPER SET 6,2517.6699999999996,0.025577534354893877,78.3689179186321,A
CAKE STAND VICTORIAN FILIGREE LARGE,2516.85,0.02556920380395948,78.39448712243606,A
SET/20 RED RETROSPOT PAPER NAPKINS ,2515.3199999999997,0.025553660215020903,78.42004078265109,A
GREEN GINGHAM FLOWER JEWELLERY BOX,2511.3599999999997,0.02551342974953282,78.44555421240062,A
CHRISTMAS RETROSPOT ANGEL WOOD,2510.0099999999998,0.025499714818116425,78.47105392721873,A
POPPY'S PLAYHOUSE BATHROOM,2507.17,0.025470862666099728,78.49652478988483,A
HANGING MEDINA LANTERN LARGE,2506.89,0.02546801808773188,78.52199280797257,A
"SPRING DEC , HANGING CHICK CREAM",2499.58,0.025393754273914236,78.54738656224649,A
WATERMELON BATH SPONGE,2498.43,0.025382071184189156,78.57276863343067,A
TRIPLE PHOTO FRAME CORNICE ,2494.21,0.025339199324502366,78.59810783275518,A
SET/4 PINK ORCHID CANDLES IN BOWL,2489.87,0.025295108359800783,78.62340294111497,A
CHARLOTTE BAG DOLLY GIRL DESIGN,2488.4,0.025280174323369597,78.64868311543835,A
BLUE/CREAM STRIPE FRINGE HAMMOCK,2486.6600000000003,0.02526249730065514,78.673945612739,A
WRAP ENGLISH ROSE ,2465.48,0.02504732526554464,78.69899293800455,A
PINK ROSE WASHBAG,2462.63,0.02501837152144337,78.72401130952599,A
WHITE TALL PORCELAIN T-LIGHT HOLDER,2458.82,0.024979664937223773,78.74899097446321,A
SET/2 RED RETROSPOT TEA TOWELS ,2454.35,0.02493425327542283,78.77392522773863,A
PINK FELT EASTER EGG BASKET,2454.2,0.02493272939415434,78.79885795713278,A
WOODLAND ANIMAL  WRITING SET ,2454.0699999999997,0.024931408697054985,78.82378936582984,A
CREAM FELT EASTER EGG BASKET,2453.58,0.02492643068491126,78.84871579651475,A
SET OF 2 TEA TOWELS APPLE AND PEARS,2452.92,0.024919725607329912,78.87363552212209,A
LUNCH BAG PINK POLKADOT,2448.69,0.02487675215555855,78.89851227427765,A
HEN HOUSE DECORATION,2443.83,0.024827378402459542,78.92333965268011,A
WHITE TISSUE REAM,2440.65,0.024795072119567597,78.94813472479969,A
ALARM CLOCK BAKELIKE CHOCOLATE,2440.35,0.024792024357030623,78.97292674915671,A
CHOC TRUFFLE GOLD TRINKET POT ,2436.92,0.024757178272024533,78.99768392742874,A
DOORMAT CHRISTMAS VILLAGE,2430.45,0.024691448193310414,79.02237537562205,A
POLKA DOT RAFFIA FOOD COVER,2426.69,0.02465324956951365,79.04702862519156,A
EMBOSSED HEART 3 DRAWER SHELF,2420.69,0.024592294318774133,79.07162091951034,A
PACK OF 6 SANDCASTLE FLAGS ASSORTED,2419.34,0.024578579387357743,79.09619949889769,A
TEA COSY RED  STRIPE,2418.63,0.024571366349353568,79.12077086524704,A
DINOSAUR PARTY BAG + STICKER SET,2418.0499999999997,0.024565474008448746,79.1453363392555,A
12 PENCILS TALL TUBE SKULLS,2417.5299999999997,0.024560191220051316,79.16989653047554,A
BIRDS MOBILE VINTAGE DESIGN,2415.6,0.024540583947730107,79.19443711442327,A
BALLOONS  WRITING SET ,2405.9,0.02444203962570122,79.21887915404896,A
SWEETHEART CARRY-ALL BASKET,2405.32,0.024436147284796404,79.24331530133377,A
CAST IRON HOOK GARDEN TROWEL,2401.99,0.024402317120635963,79.2677176184544,A
RED FLOWER CROCHET FOOD COVER,2400.4,0.024386163979189995,79.29210378243359,A
CHRISTMAS RETROSPOT TREE WOOD,2398.48,0.024366658298953348,79.31647044073254,A
OCEAN SCENT CANDLE IN JEWELLED BOX,2397.21,0.024353756104213482,79.34082419683676,A
PHOTO FRAME 3 CLASSIC HANGING,2396.19,0.024343393711587766,79.36516759054835,A
CAST IRON HOOK GARDEN FORK,2394.02,0.024321348229236973,79.38948893877759,A
12 IVORY ROSE PEG PLACE SETTINGS,2390.79,0.0242885339859222,79.41377747276351,A
UNION JACK FLAG LUGGAGE TAG,2388.7599999999998,0.024267910792755327,79.43804538355627,A
RETRO SPOT SUGAR JAM BOWL,2382.2400000000002,0.02420167275361839,79.46224705630989,A
SANDALWOOD FAN,2381.39,0.024193037426430284,79.48644009373632,A
12 PENCILS TALL TUBE WOODLAND,2377.77,0.024156261091817444,79.51059635482814,A
SALLE DE BAIN HOOK,2376.08,0.024139092029525813,79.53473544685767,A
ENGLISH ROSE TABLE CLOTH,2373.01,0.024107903259564096,79.55884335011723,A
LOVE HEART POCKET WARMER,2365.64,0.02403302989323905,79.58287638001046,A
RED RETROSPOT SHOPPER BAG,2362.62,0.02400234908370016,79.60687872909416,A
CHRISTMAS STAR WISH LIST CHALKBOARD,2360.7799999999997,0.023983656140140037,79.63086238523431,A
EASTER TREE YELLOW BIRDS,2356.42,0.023939361991269323,79.65480174722558,A
CARDHOLDER GINGHAM CHRISTMAS TREE,2354.94,0.023924326362753576,79.67872607358834,A
24 HANGING EASTER EGGS FLORAL TUB,2350.92,0.0238834863447581,79.7026095599331,A
POLYESTER FILLER PAD 45x45cm,2349.8,0.023872108031286726,79.72648166796438,A
CHARLIE AND LOLA FIGURES TINS,2340.1,0.023773563709257834,79.75025523167363,A
ENAMEL WASH BOWL CREAM,2340.03,0.023772852564665874,79.7740280842383,A
T-LIGHT GLASS FLUTED ANTIQUE,2337.83,0.023750502306061384,79.79777858654435,A
SET OF 4 NEW ENGLAND PLACEMATS,2336.1,0.02373292687543149,79.82151151341978,A
SKULL DESIGN TV DINNER TRAY,2334.81,0.023719821496522492,79.8452313349163,A
Adjustment by john on 26/01/2010 16,2334.43,0.02371596099730899,79.86894729591361,A
BUTTON BOX ,2334.24,0.023714030747702234,79.89266132666131,A
GARLAND WITH HEARTS AND BELLS,2330.7000000000003,0.023678067149765926,79.91633939381107,A
OFFICE MUG WARMER CHOC+BLUE,2326.76,0.023638039868446974,79.93997743367952,A
CAKE PLATE LOVEBIRD WHITE,2325.19,0.02362208991117013,79.96359952359069,A
RIBBON REEL MAKING SNOWMEN ,2321.38,0.02358338332695054,79.98718290691764,A
MAKE YOUR OWN MONSOON CARD KIT,2307.9,0.023446437196955754,80.01062934411459,B
PENCIL CASE LIFE IS BEAUTIFUL,2303.4600000000005,0.023401330311408515,80.034030674426,B
CHERRY BLOSSOM DECORATIVE FLASK,2302.2200000000003,0.023388732892922343,80.05741940731893,B
MUSHROOM BLUE HOT WATER BOTTLE,2296.76,0.023333263614749383,80.08075267093368,B
5 HOOK HANGER RED MAGIC TOADSTOOL,2288.97,0.02325412338087257,80.10400679431454,B
EMERGENCY FIRST AID TIN ,2283.71,0.02320068594439093,80.12720748025893,B
BRIGHT BLUES RIBBONS ,2280.47,0.023167770108991587,80.15037525036793,B
RED SPOTTY PURSE ,2278.17,0.023144403929541438,80.17351965429746,B
ROMANTIC PINKS RIBBONS ,2278.11,0.023143794377034045,80.1966634486745,B
CHERRY CROCHET FOOD COVER,2274.36,0.023105697345321845,80.21976914601981,B
BLUE/BROWN DOTS RUFFLED UMBRELLA,2270.73,0.023068819418624438,80.24283796543844,B
SAVOY ART DECO CLOCK,2268.95,0.02305073602757171,80.26588870146601,B
TOOL BOX SOFT TOY ,2267.67,0.02303773224074728,80.28892643370676,B
FRENCH BATHROOM SIGN BLUE METAL,2263.08,0.02299110147393155,80.3119175351807,B
MAKE YOUR OWN FLOWERPOWER CARD KIT,2252.07,0.022879248588824536,80.33479678376952,B
ROSE DES PADDED FLOOR CUSHION,2249.41,0.022852225094330013,80.35764900886385,B
NO JUNK MAIL METAL SIGN,2245.44,0.022811893036757368,80.3804609019006,B
MULTICOLOUR SPRING FLOWER MUG,2231.2200000000003,0.02266742909250471,80.40312833099311,B
BLUE TEA TOWEL CLASSIC DESIGN,2231.07,0.02266590521123622,80.42579423620435,B
ALPHABET STENCIL CRAFT,2230.38,0.022658895357401176,80.44845313156175,B
HANGING RIDGE GLASS T-LIGHT HOLDER,2216.66,0.022519511017376807,80.47097264257913,B
GIANT MEDINA STAMPED METAL BOWL ,2214.91,0.022501732402577784,80.4934743749817,B
ASSORTED CREEPY CRAWLIES,2213.39,0.02248629040572377,80.51596066538742,B
BAG 125g SWIRLY MARBLES,2212.58,0.022478061446873938,80.5384387268343,B
DOG BOWL CHASING BALL DESIGN,2212.22,0.022474404131829565,80.56091313096613,B
WHITE BAMBOO RIBS LAMPSHADE,2208.85,0.02244016759933087,80.58335329856546,B
STAR WOODEN CHRISTMAS DECORATION,2204.08,0.02239170817499295,80.60574500674045,B
MAGNETS PACK OF 4 SWALLOWS,2202.14,0.022371999310587174,80.62811700605104,B
"KEY FOB , FRONT  DOOR ",2199.32,0.022343350342739602,80.65046035639378,B
SET OF 36 MUSHROOM PAPER DOILIES,2198.18,0.02233176884509909,80.67279212523889,B
TABLECLOTH RED APPLES DESIGN ,2192.9,0.02227812822444832,80.69507025346333,B
EIGHT PIECE DINOSAUR SET,2188.06,0.02222895765551844,80.71729921111884,B
BABY BOOM RIBBONS ,2185.41,0.022202035753108484,80.73950124687195,B
SET OF 12 LILY BOTANICAL T-LIGHTS,2182.19,0.022169323101878278,80.76167056997383,B
72 CAKE CASES VINTAGE CHRISTMAS,2178.14,0.0221281783076291,80.78379874828146,B
ANTIQUE GLASS DRESSING TABLE POT,2176.1600000000003,0.022108063074885064,80.80590681135634,B
3 TIER CAKE TIN GREEN AND CREAM,2170.67,0.0220522890204584,80.8279591003768,B
SET OF 6 STRAWBERRY CHOPSTICKS,2169.84,0.022043856877439434,80.85000295725425,B
RED TEA TOWEL CLASSIC DESIGN,2169.62,0.022041621851578985,80.87204457910583,B
"SPRING DEC , HANGING CHICK  YELLOW",2164.88,0.02199346720349477,80.89403804630933,B
"DECORATION, HANGING HEART+MIRROR ",2161.0,0.02195404947468321,80.91599209578402,B
LARGE WHITE HONEYCOMB PAPER BELL  ,2158.7000000000003,0.021930683295233067,80.93792277907926,B
SMALL RED RETROSPOT MUG IN BOX ,2157.3,0.02191646040339384,80.95983923948265,B
CHILDS GARDEN BRUSH BLUE,2156.21,0.02190538686617616,80.98174462634883,B
GREEN  SPOTTY PLATE ,2155.17,0.021894821289381312,81.00363944763821,B
CHILDRENS GARDEN GLOVES PINK,2154.69,0.02188994486932215,81.02552939250752,B
RED SPOTTY BIG BOWL,2150.8500000000004,0.021850933508848862,81.04738032601637,B
SET OF 4 NAPKIN CHARMS HEARTS,2147.08,0.021812633292967527,81.06919295930933,B
SET 12 LAVENDER  BOTANICAL T-LIGHTS,2143.86,0.02177992064173732,81.09097287995107,B
SET OF 4 ENGLISH ROSE PLACEMATS,2139.27,0.02173328987492159,81.11270616982598,B
SET/6 FRUIT SALAD  PAPER PLATES,2130.62,0.021645412721772114,81.13435158254775,B
JAPANESE CROCHETED ANIMAL,2128.72,0.021626110225704598,81.15597769277346,B
HEADS AND TAILS SPORTING FUN,2126.66,0.021605182256284033,81.17758287502974,B
"CHRISTMAS GARLAND STARS,TREES",2126.45,0.021603048822508148,81.19918592385226,B
COSMETIC BAG VINTAGE ROSE PAISLEY,2126.4,0.021602540862085323,81.22078846471435,B
ASSORTED CAKES FRIDGE MAGNETS,2126.27,0.021601220164985963,81.24238968487933,B
CHARLOTTE BAG PINK POLKADOT,2125.45,0.021592889614051564,81.26398257449338,B
DINOSAURS  WRITING SET ,2121.96,0.021557433976538077,81.28554000846992,B
WHITE BELL HONEYCOMB PAPER ,2117.3,0.021510092065130385,81.30705010053505,B
SET OF 72 SKULL PAPER  DOILIES,2115.87,0.021495564397037467,81.3285456649321,B
FOLDING UMBRELLA  CHOC/WHITE  SPOT,2115.77,0.021494548476191807,81.35004021340829,B
SET OF 6 KASHMIR FOLKART BAUBLES,2114.37,0.021480325584352585,81.37152053899264,B
CHILDS GARDEN BRUSH PINK,2112.48,0.02146112468036964,81.39298166367301,B
MINI JIGSAW SPACEBOY,2110.38,0.021439790342610808,81.41442145401562,B
S/4 PINK FLOWER CANDLES IN BOWL,2103.7599999999998,0.0213725363826282,81.43579399039825,B
BATH DUCK WATERING CAN,2102.46,0.021359329411634643,81.45715331980989,B
CHERRY DESIGN PAPERLANTERNS,2100.33,0.021337690297622114,81.47849101010752,B
MAGIC DRAWING SLATE CIRCUS PARADE  ,2093.89,0.021272264995161695,81.49976327510268,B
REX CASH+CARRY JUMBO SHOPPER,2091.9,0.02125204817033309,81.52101532327302,B
DAIRY MAID STRIPE MUG,2091.21,0.021245038316498047,81.54226036158951,B
S/15 SILVER GLASS BAUBLES IN BAG,2082.93,0.02116092007047751,81.56342128165998,B
GIRLY PINK TOOL SET,2079.4700000000003,0.021125769209217722,81.5845470508692,B
BLUE SAVANNAH PICNIC HAMPER FOR 4,2077.82,0.021109006515264355,81.60565605738446,B
12 PENCILS TALL TUBE RED SPOTTY,2074.06,0.021070807891467588,81.62672686527593,B
GREEN CHRISTMAS TREE STRING 20LIGHT,2072.9900000000002,0.021059937538419043,81.64778680281435,B
CARNIVAL BRACELET,2071.64,0.02104622260700265,81.66883302542135,B
"ELEPHANT, BIRTHDAY CARD, ",2070.12,0.02103078061014864,81.6898638060315,B
RED LOVE HEART SHAPE CUP,2069.08,0.021020215033353787,81.71088402106486,B
HANGING GLASS ETCHED TEALIGHT,2067.91,0.021008328759459582,81.73189234982432,B
EAU DE NIL DINER WALL CLOCK,2067.2,0.021001115721455407,81.75289346554578,B
ROCKING HORSE GREEN CHRISTMAS ,2066.7999999999997,0.02099705203807277,81.77389051758385,B
60 GOLD AND SILVER FAIRY CAKE CASES,2061.09,0.020939042957785665,81.79482956054164,B
GUMBALL MAGAZINE RACK,2060.76,0.02093569041899499,81.81576525096064,B
COWBOYS AND INDIANS BIRTHDAY CARD ,2059.71,0.020925023250115575,81.83669027421075,B
SET/20 WOODLAND PAPER NAPKINS ,2058.1,0.02090866692450047,81.85759894113525,B
TRIANGULAR POUFFE VINTAGE ,2053.5299999999997,0.02086223934185387,81.8784611804771,B
PACK 20 DOLLY PEGS,2051.0,0.020836536544458707,81.89929771702157,B
BROCANTE COAT RACK,2047.45,0.020800471354437827,81.920098188376,B
RED RETROSPOT APRON ,2047.1000000000001,0.02079691563147802,81.94089510400748,B
CHRISTMAS HANGING HEART WITH BELL,2041.1399999999999,0.020736366749076765,81.96163147075656,B
TOAST ITS - BEST MUM,2040.6100000000001,0.020730982368594775,81.98236245312515,B
RETROSPOT PARTY BAG + STICKER SET,2039.5499999999997,0.02072021360763079,82.00308266673278,B
SET 12 WILDFLOWER BOTANICAL T-LIGHT,2025.7700000000002,0.020580219715099036,82.02366288644788,B
MOBILE VINTAGE HEARTS ,2022.33,0.020545272038008374,82.04420815848589,B
LADS ONLY TISSUE BOX,2022.21,0.020544052932993585,82.06475221141888,B
BLUE FAIRY CAKE CHILD'S APRON,2021.47,0.02053653511873571,82.08528874653761,B
PURPLE PAPER PARASOL,2019.0400000000002,0.020511848242186208,82.1058005947798,B
IVORY DINER WALL CLOCK,2016.2,0.0204829960901695,82.12628359086996,B
PORCELAIN T-LIGHT HOLDERS ASSORTED,2013.73,0.02045790284528173,82.14674149371524,B
T-LIGHT HOLDER HANGING LACE,2008.59,0.020405684513814876,82.16714717822906,B
GREEN ROSE WASHBAG,2008.55,0.020405278145476612,82.18755245637453,B
GOLD  CHERRY LIGHTS,2007.88,0.0203984714758107,82.20795092785035,B
RED RETROSPOT OVEN GLOVE ,2001.34,0.020332030252504626,82.22828295810285,B
MAGNETS PACK OF 4 VINTAGE COLLAGE,1999.64,0.02031475959812843,82.24859771770097,B
FLORAL FOLK STATIONERY SET,1994.3500000000001,0.020261017385393088,82.26885873508637,B
CREAM SWEETHEART EGG HOLDER,1992.47,0.020241918073494704,82.28910065315986,B
BLUE PADDED SOFT MOBILE,1989.22,0.0202089006460108,82.30930955380587,B
CHARLIE LOLA BLUE HOT WATER BOTTLE ,1988.27,0.02019924939797704,82.32950880320385,B
BATHROOM METAL SIGN ,1985.8899999999999,0.020175070481850365,82.3496838736857,B
PINK FLOWER CROCHET FOOD COVER,1985.3400000000001,0.020169482917199243,82.3698533566029,B
SKULLS WRITING SET ,1984.56,0.020161558734603107,82.3900149153375,B
ASSORTED ICE CREAM FRIDGE MAGNETS,1981.8500000000001,0.02013402727968576,82.41014894261718,B
SET OF 2 ROUND TINS CAMEMBERT ,1980.7200000000003,0.02012254737412982,82.43027148999131,B
EMPIRE GIFT WRAP,1977.5,0.020089834722899606,82.45036132471421,B
SILK PURSE RUSSIAN DOLL RED,1975.27,0.020067179688041416,82.47042850440225,B
SET OF 6 CAKE CHOPSTICKS,1971.96,0.020033552708050118,82.4904620571103,B
SET OF 4 DIAMOND NAPKIN RINGS,1970.71,0.020020853697479385,82.51048291080778,B
OPULENT VELVET SET/3 CANDLES,1969.63,0.020009881752346272,82.53049279256012,B
S/4 VALENTINE DECOUPAGE HEART BOX,1967.9900000000002,0.019993220650477473,82.5504860132106,B
MONEY BOX BISCUITS DESIGN,1965.76,0.019970565615619284,82.57045657882622,B
3 HOOK HANGER MAGIC GARDEN,1965.4099999999999,0.019967009892659475,82.59042358871888,B
SILK PURSE BABUSHKA RED,1964.3700000000001,0.01995644431586463,82.61038003303474,B
GREEN SPOTTY BOWL,1963.44,0.019946996252000002,82.63032702928675,B
WRAP CHRISTMAS VILLAGE,1962.5,0.01993744659605081,82.65026447588279,B
TEATIME FUNKY FLOWER BACKPACK FOR 2,1953.9,0.01985007740332417,82.67011455328611,B
LARGE RED BABUSHKA NOTEBOOK ,1948.8400000000001,0.01979867180853384,82.68991322509464,B
KITCHEN METAL SIGN,1937.0400000000002,0.019678793148746123,82.70959201824338,B
LARGE MEDINA STAMPED METAL BOWL ,1935.63,0.019664468664822337,82.72925648690821,B
DAIRY MAID  PUDDING BOWL,1924.51,0.019551498266785095,82.74880798517499,B
SET OF 4 NAPKIN CHARMS CUTLERY,1917.96,0.019484955451394455,82.76829294062638,B
COSY SLIPPER SHOES LARGE GREEN,1913.9,0.019443709065060714,82.78773664969144,B
LIGHT GARLAND BUTTERFILES PINK,1910.54,0.01940957412464658,82.80714622381609,B
SET/10 PINK POLKADOT PARTY CANDLES,1909.3600000000001,0.01939758625866781,82.82654381007475,B
TOMATO CHARLIE+LOLA COASTER SET,1906.5100000000002,0.01936863251456654,82.84591244258932,B
BLACK RETRODISC LAMPSHADE,1905.15,0.01935481599106558,82.86526725858039,B
MAGIC DRAWING SLATE PURDEY,1901.24,0.01931509348600033,82.88458235206639,B
GLITTER HEART GARLAND WITH BELLS ,1899.28,0.019295181437425417,82.90387753350382,B
GLITTER STAR GARLAND WITH BELLS ,1898.01,0.019282279242685555,82.9231598127465,B
RED RETROSPOT PEG BAG,1896.22,0.019264094259548264,82.94242390700606,B
GLASS CAKE STAND,1891.7,0.019218174637324493,82.96164208164339,B
MEDIUM MEDINA STAMPED METAL BOWL ,1888.4300000000003,0.01918495402567146,82.98082703566907,B
DAIRY MAID BUTTER DISH,1885.33,0.019153460479456038,82.99998049614852,B
FUNKY DIVA PEN,1884.83,0.019148380875227744,83.01912887702375,B
SILVER PLATE CANDLE BOWL SMALL,1874.1800000000003,0.019040185305165103,83.0381690623289,B
PARTY CONES CANDY TREE DECORATION,1873.8,0.019036324805951597,83.05720538713486,B
SILVER LATTICE VANILLA CANDLE POT,1872.87,0.01902687674208697,83.07623226387695,B
SET/6 WOODLAND PAPER CUPS,1872.68,0.01902494649248022,83.09525721036943,B
SILVER PLATE CANDLE BOWL LARGE,1871.23,0.01901021564021817,83.11426742600965,B
SET/6 WOODLAND PAPER PLATES,1868.7,0.018984512842823004,83.13325193885247,B
6 RIBBONS EMPIRE  ,1867.95,0.01897689343648057,83.15222883228894,B
5 HOOK HANGER MAGIC TOADSTOOL,1867.1100000000001,0.018968359701377033,83.17119719199032,B
RED RETROSPOT PUDDING BOWL,1865.37,0.01895068267866257,83.19014787466898,B
AIRLINE BAG VINTAGE WORLD CHAMPION ,1860.26,0.018898769123449417,83.20904664379243,B
SMALL PURPLE BABUSHKA NOTEBOOK ,1860.23,0.01889846434719572,83.22794510813964,B
WOODEN OWLS LIGHT GARLAND ,1859.79,0.01889399429547482,83.24683910243512,B
BLUE FELT EASTER EGG BASKET,1859.46,0.01889064175668415,83.2657297441918,B
SET 20 NAPKINS FAIRY CAKES DESIGN ,1859.37,0.018889727427923053,83.28461947161972,B
SMALL TAHITI BEACH BAG,1858.61,0.018882006429496046,83.30350147804921,B
CHILDRENS GARDEN GLOVES BLUE,1853.0,0.0188250132700546,83.32232649131927,B
SPOTTY PINK DUCK DOORSTOP,1851.48,0.01880957127320059,83.34113606259247,B
WOODEN TREE CHRISTMAS SCANDINAVIAN,1851.28,0.01880753943150927,83.35994360202398,B
BLACK BAROQUE CUCKOO CLOCK,1851.22,0.018806929879001875,83.37875053190298,B
CHERRY BLOSSOM  DECORATIVE FLASK,1848.17,0.018775944293209286,83.39752647619619,B
MILK BOTTLE WITH GLASS STOPPER ,1841.75,0.018710722174918003,83.4162371983711,B
WHITE RETRODISC LAMPSHADE,1841.7,0.018710214214495174,83.4349474125856,B
ANTIQUE ALL GLASS CANDLESTICK,1836.6499999999999,0.01865891021178941,83.45360632279738,B
EUCALYPTUS & PINECONE  WREATH,1829.45,0.01858576391090199,83.47219208670829,B
PINK JUMPER LARRY THE LAMB,1820.27,0.018492502377270528,83.49068458908556,B
DAISIES  HONEYCOMB GARLAND ,1817.91,0.018468526645312983,83.50915311573087,B
SET/20 FRUIT SALAD PAPER NAPKINS ,1817.01,0.018459383357702055,83.52761249908858,B
PORCELAIN ROSE LARGE ,1814.8,0.018436931507012998,83.54604943059559,B
ROUND CAKE TIN VINTAGE GREEN,1813.91,0.018427889811486638,83.56447732040708,B
BLUE OWL SOFT TOY,1811.2200000000003,0.018400561540738422,83.58287788194782,B
JUNGLE POPSICLES ICE LOLLY HOLDERS,1810.19,0.018390097556028138,83.60126797950385,B
IVORY HANGING DECORATION  BUTTERFLY,1810.1899999999998,0.018390097556028134,83.61965807705987,B
DINOSAUR KEYRINGS ASSORTED,1809.4599999999998,0.018382681333854827,83.63804075839373,B
TOAST ITS - DINOSAUR,1809.01,0.018378109690049365,83.65641886808378,B
SMALL SKULL WINDMILL,1806.74,0.018355048286852912,83.67477391637063,B
GIN & TONIC DIET GREETING CARD ,1806.13,0.018348851169694393,83.69312276754032,B
BEADED LOVE HEART JEWELLERY SET,1801.17,0.018298461495749728,83.71142122903606,B
WOOD STOCKING CHRISTMAS SCANDISPOT,1800.24,0.0182890134318851,83.72971024246795,B
RED SPOTTY SHOPPING BAG,1798.04,0.01826666317328061,83.74797690564122,B
BUTTERFLY CROCHET FOOD COVER,1796.66,0.018252643465610525,83.76622954910684,B
MEASURING TAPE RUSSIAN DOLL RED,1796.4200000000003,0.018250205255580944,83.78447975436242,B
SET OF 6 T-LIGHTS TOADSTOOLS,1795.7400000000002,0.018243296993830465,83.80272305135625,B
VINTAGE KID DOLLY CARD ,1792.14,0.01820672384338675,83.82092977519964,B
CERAMIC STRAWBERRY MONEY BOX,1789.93,0.018184271992697697,83.83911404719234,B
CHRISTMAS METAL POSTCARD WITH BELLS,1787.98,0.018164461536207353,83.85727850872854,B
"LARGE CAKE TOWEL, CHOCOLATE SPOTS",1787.75,0.018162124918262336,83.8754406336468,B
3D HEARTS  HONEYCOMB PAPER GARLAND,1784.9,0.018133171174161064,83.89357380482096,B
HOT BATHS SOAP HOLDER,1782.93,0.01811315753350159,83.91168696235447,B
HYACINTH BULB T-LIGHT CANDLES,1778.8,0.018071200002575886,83.92975816235705,B
RED SPOTTY CANDY BAG,1778.12,0.018064291740825408,83.94782245409787,B
CERAMIC BIRDHOUSE FINCH BLUE ROOF,1776.1200000000001,0.01804397332391224,83.96586642742179,B
GREEN SPOTTY CUP,1774.72,0.018029750432073017,83.98389617785386,B
SET OF 4 NAPKIN CHARMS STARS   ,1769.96,0.017981392599819665,84.00187757045369,B
ABSTRACT CIRCLE JOURNAL ,1768.56,0.017967169707980443,84.01984474016167,B
MODERN FLORAL STATIONERY SET,1765.78,0.01793892710847113,84.03778366727015,B
CUT GLASS T-LIGHT HOLDER OCTAGON,1764.0,0.017920843717418408,84.05570451098757,B
IVORY PILLAR CANDLE SILVER FLOCK,1761.5800000000002,0.017896258432953473,84.07360076942052,B
SMALL RED BABUSHKA NOTEBOOK ,1760.62,0.017886505592835146,84.09148727501336,B
ANGEL DECORATION 3 BUTTONS ,1759.96,0.017879800515253803,84.10936707552862,B
WOODLAND  STICKERS,1757.6399999999999,0.017856231151634518,84.12722330668026,B
ASSORTED TUTTI FRUTTI PEN,1753.6399999999999,0.017815594317808173,84.14503890099807,B
CREAM SLICE FLANNEL CHOCOLATE SPOT ,1752.5800000000002,0.017804825556844192,84.16284372655493,B
WHITE BELL HONEYCOMB PAPER GARLAND ,1750.97,0.01778846923122909,84.18063219578616,B
BAG 500g SWIRLY MARBLES,1748.49,0.017763274394256755,84.19839547018042,B
GLASS ETCHED T-LIGHT HOLDER MEDIUM,1747.9399999999998,0.01775768682960563,84.21615315701003,B
"WALL MIRROR , RECT DIAMANTE, PINK/",1746.78,0.01774590214779599,84.23389905915782,B
MA CAMPAGNE 4 DRAWER WALL SHELF,1745.8500000000001,0.017736454083931368,84.25163551324175,B
WOOD FAN WITH FLOWER DESIGN,1745.62,0.01773411746598635,84.26936963070774,B
RETROSPOT LARGE MILK JUG,1742.37,0.017701100038502445,84.28707073074625,B
FRENCH STYLE WALL DRESSER,1740.0,0.017677022714460335,84.30474775346072,B
VINTAGE CREAM DOG FOOD CONTAINER,1733.76,0.017613629253691237,84.3223613827144,B
 SILVER CHERRY LIGHTS,1732.3000000000002,0.017598796809344622,84.33996017952374,B
HAND OPEN SHAPE GOLD,1728.76,0.017562833211408304,84.35752301273516,B
ASSORTED TUTTI FRUTTI NOTEBOOK,1727.8500000000001,0.017553588331712812,84.37507660106687,B
SET OF 4 ENGLISH ROSE COASTERS,1726.62,0.01754109250531121,84.39261769357218,B
JIGSAW TREE WITH BIRDHOUSE,1725.36,0.01752829190265591,84.41014598547483,B
SET OF 2 TINS JARDIN DE PROVENCE,1719.8600000000001,0.017472416256144686,84.42761840173097,B
RETRO SPOT PADDED SEAT CUSHION,1718.93,0.01746296819228006,84.44508136992324,B
POTTING SHED SOW 'N' GROW SET,1718.63,0.017459920429743085,84.46254129035299,B
RETROSPOT LAMP,1717.25,0.017445900722072995,84.47998719107505,B
KIDS RAIN MAC BLUE,1716.25,0.017435741513616407,84.49742293258868,B
 FLAMINGO LIGHTS,1715.18,0.017424871160567863,84.51484780374925,B
SPRING FLOWER CHOPSTICKS SET/5,1706.1399999999999,0.017333031916120317,84.53218083566537,B
PINK FAIRY CAKE CUSHION COVER,1705.42,0.017325717286031578,84.5495065529514,B
LIPSTICK PEN RED,1697.67,0.017246983420493037,84.56675353637189,B
"SET 3 RETROSPOT TEA,COFFEE,SUGAR",1697.13,0.01724149744792648,84.58399503381982,B
HAPPY EASTER HANGING DECORATION,1696.47,0.017234792370345132,84.60122982619016,B
"POPCORN HOLDER , LARGE",1696.21,0.01723215097614642,84.6184619771663,B
PASTEL STRIPE HAMMOCK ,1696.02,0.017230220726539666,84.63569219789285,B
OFFICE MUG WARMER PINK,1690.39,0.017173024382929086,84.65286522227578,B
IVORY PILLAR CANDLE GOLD FLOCK,1688.98,0.017158699899005297,84.67002392217478,B
RAIN HAT WITH RED SPOTS,1688.2,0.01715077571640916,84.68717469789118,B
GARDENIA 1 WICK MORRIS BOXED CANDLE,1687.61,0.017144781783419775,84.7043194796746,B
ASSORTED COLOUR SILK COIN PURSE,1685.46,0.017122939485238114,84.72144241915983,B
TEA PARTY  WRAPPING PAPER ,1684.5,0.01711318664511979,84.73855560580495,B
LOVE HEART TRINKET POT,1684.35,0.0171116627638513,84.7556672685688,B
MEASURING TAPE BABUSHKA RED,1683.65,0.017104551317931694,84.77277181988673,B
3D VINTAGE CHRISTMAS STICKERS ,1682.01,0.01708789021606289,84.78985971010279,B
LARGE HANGING IVORY & RED WOOD BIRD,1680.72,0.017074784837153894,84.80693449493994,B
ENAMEL FIRE BUCKET CREAM,1678.8700000000001,0.01705599030150921,84.82399048524145,B
ASSORTED TUTTI FRUTTI LARGE PURSE,1678.7800000000002,0.01705507597274812,84.8410455612142,B
GARLAND WITH STARS AND BELLS,1677.23,0.017039329199640407,84.85808489041383,B
STAR DECORATION RUSTIC,1677.09,0.017037906910456486,84.8751227973243,B
RED RETROSPOT OVEN GLOVE DOUBLE,1675.38,0.017020534663995723,84.8921433319883,B
CHRISTMAS CRAFT WHITE FAIRY ,1672.0,0.01698619653941246,84.9091295285277,B
PINK SPOTS CHOCOLATE NESTING BOXES ,1669.2800000000002,0.01695856349241055,84.92608809202011,B
CONDIMENT TRAY 4 BOWLS AND 4 SPOONS,1667.6200000000001,0.016941699206372614,84.94302979122648,B
STRAWBERRY DREAM CHILDS UMBRELLA,1663.06,0.016895373215810576,84.9599251644423,B
CHARLIE AND LOLA TABLE TINS,1660.96,0.016874038878051747,84.97679920332035,B
SET/4 SKULL BADGES,1659.45,0.0168586984732823,84.99365790179364,B
KIDS RAIN MAC PINK,1657.99,0.016843866028935686,85.01050176782257,B
RETRO BLUE SPOTTY WASHING UP GLOVES,1655.74,0.01682100780990837,85.02732277563248,B
POMPOM CURTAIN,1653.8400000000001,0.016801705313840853,85.04412448094632,B
SMALL HAMMERED SILVER CANDLEPOT ,1649.89,0.016761576440437336,85.06088605738675,B
BIRDHOUSE GARDEN MARKER ,1649.07,0.016753245889502933,85.07763930327626,B
"SWISS ROLL TOWEL, CHOCOLATE  SPOTS",1648.3300000000002,0.01674572807524506,85.09438503135151,B
GARDENIA 3 WICK MORRIS BOXED CANDLE,1647.45,0.016736787971803266,85.11112181932332,B
STRIPES DESIGN MONKEY DOLL,1645.3,0.016714945673621605,85.12783676499694,B
PACK OF 20 NAPKINS PANTRY DESIGN,1644.6899999999998,0.016708748556463086,85.14454551355341,B
SET 12 KIDS  WHITE CHALK STICKS,1643.8,0.016699706860936723,85.16124522041434,B
ASSORTED TUTTI FRUTTI ROUND BOX,1642.65,0.01668802377121165,85.17793324418555,B
CERAMIC BIRDHOUSE BUTTERFLY SMALL,1640.1200000000001,0.016662320973816487,85.19459556515937,B
ASSORTED WHITE EMBOSSED CHINA MUGS,1639.8,0.016659070027110378,85.21125463518649,B
12 PINK ROSE PEG PLACE SETTINGS,1639.73,0.016658358882518418,85.22791299406902,B
SMALL SILVER TRELLIS CANDLEPOT,1637.7500000000002,0.016638243649774377,85.2445512377188,B
DINOSAURS WATER TRANSFER TATTOOS ,1636.24,0.01662290324500493,85.2611741409638,B
VINTAGE KITCHEN PRINT VEGETABLES,1634.69,0.01660715647189722,85.2777812974357,B
PLACE SETTING WHITE STAR,1634.44,0.016604616669783075,85.29438591410548,B
SWALLOW CIGAR BOX MATCHES ,1629.31,0.01655249993040079,85.31093841403587,B
NATURAL BARK CANDLE SMALL,1629.2,0.016551382417470565,85.32748979645335,B
RIBBON REEL FLORA + FAUNA ,1629.01,0.016549452167863812,85.34403924862121,B
SWALLOW WOODEN CHRISTMAS DECORATION,1627.3799999999999,0.016532892658079574,85.36057214127929,B
CERAMIC BIRDHOUSE CRESTED TIT SMALL,1624.45,0.016503126177301777,85.37707526745659,B
BLUE GINGHAM ROSE QUILT ,1622.96,0.016487988956701463,85.39356325641329,B
CROSS STITCH ALPHABET CUSHION COVER,1622.64,0.016484738009995357,85.41004799442328,B
PAINTED METAL HEART WITH HOLLY BELL,1619.79,0.016455784265894086,85.42650377868918,B
SET OF 6 GIRLS CELEBRATION CANDLES,1619.03,0.01644806326746708,85.44295184195664,B
VINTAGE KITCHEN PRINT SEAFOOD,1617.65,0.01643404355979699,85.45938588551644,B
DOOR MAT GREEN PAISLEY ,1613.56,0.01639249239720955,85.47577837791366,B
KEEP OUT BOYS DOOR HANGER ,1613.3,0.01638985100301084,85.49216822891667,B
SMALL WHITE RETROSPOT MUG IN BOX ,1609.32,0.016349417353353626,85.50851764627002,B
ILLUSTRATED CAT BOWL ,1608.65,0.016342610683687715,85.52486025695372,B
ASSORTED SANSKRIT MINI NOTEBOOK,1605.47,0.01631030440079577,85.5411705613545,B
PINK MARSHMALLOW SCARF KNITTING KIT,1603.97,0.01629506558811089,85.55746562694262,B
LOCAL CAFE MUG,1602.6000000000001,0.016281147472525365,85.57374677441514,B
200 RED + WHITE BENDY STRAWS,1601.84,0.01627342647409836,85.59002020088924,B
WOODLAND WATER TRANSFER TATTOOS ,1600.75,0.016262352936880678,85.60628255382612,B
WHITE BIRD GARDEN DESIGN MUG,1599.16,0.01624619979543471,85.62252875362155,B
PINK HAWAIIAN PICNIC HAMPER FOR 2,1597.99,0.016234313521540502,85.63876306714309,B
BUDDHA INCENSE HOLDER ASSORTED,1590.64,0.01615964333938459,85.65492271048247,B
MONEY BOX POCKET MONEY DESIGN,1588.04,0.016133229397397468,85.67105593987986,B
AIRLINE BAG VINTAGE JET SET WHITE,1588.02,0.016133026213228336,85.68718896609309,B
TV DINNER TRAY VINTAGE PAISLEY,1587.13,0.016123984517701972,85.7033129506108,B
SET/6 IVORY BIRD T-LIGHT CANDLES,1585.06,0.01610295495619684,85.71941590556699,B
HANGING PHOTO CLIP ROPE LADDER,1580.6599999999999,0.016058254438987857,85.73547416000598,B
ASSORTED COLOUR SILK COSMETIC PURSE,1579.68,0.016048298414700405,85.75152245842068,B
SET/10 IVORY SPOTTY PARTY CANDLES,1578.47,0.016036005772467936,85.76755846419314,B
VINTAGE KITCHEN PRINT PUDDINGS,1575.4,0.016004817002506215,85.78356328119565,B
WOOD AND GLASS MEDICINE CABINET,1575.15,0.016002277200392066,85.79956555839604,B
CHOCOLATE 3 WICK MORRIS BOX CANDLE,1574.26,0.015993235504865706,85.8155587939009,B
SMALL DOLLY MIX DESIGN ORANGE BOWL,1573.58,0.015986327243115227,85.83154512114402,B
LANTERN CREAM GAZEBO ,1573.58,0.015986327243115227,85.84753144838713,B
RED RETROSPOT WRAP ,1572.5,0.015975355297982115,85.86350680368511,B
SET/6 STRAWBERRY PAPER PLATES,1571.5,0.015965196089525527,85.87947199977464,B
ENGLISH ROSE EDWARDIAN PARASOL,1567.0,0.015919479651470888,85.89539147942611,B
LARGE RED RETROSPOT WINDMILL,1565.8100000000002,0.01590739019340755,85.91129886961951,B
CERAMIC BIRDHOUSE CRESTED TIT LARGE,1565.51,0.015904342430870574,85.92720321205039,B
EMPIRE BIRTHDAY CARD,1562.46,0.01587335684507799,85.94307656889546,B
SQUARE CHERRY BLOSSOM CABINET,1561.65,0.015865127886228153,85.9589416967817,B
CHRISTMAS MUSICAL ZINC HEART ,1561.5,0.015863604004959665,85.97480530078666,B
TWO EMBOSSED HEART MINI DRAWERS,1558.94,0.015837596431310802,85.99064289721797,B
FELTCRAFT HAIRBAND PINK AND PURPLE,1550.77,0.01575459569822049,86.0063974929162,B
CHILDS GARDEN SPADE PINK,1550.23,0.015749109725653937,86.02214660264185,B
ABSTRACT CIRCLES SKETCHBOOK ,1550.2,0.015748804949400237,86.03789540759125,B
FOLDING UMBRELLA  PINK/WHITE  SPOT,1549.34,0.01574006803012757,86.05363547562138,B
CAKE STAND VICTORIAN FILIGREE MED,1549.21,0.015738747333028217,86.06937422295441,B
CAKE PLATE LOVEBIRD PINK,1548.22,0.015728689716656197,86.08510291267106,B
SMALL HANGING IVORY/RED WOOD BIRD,1547.68,0.01572320374408964,86.10082611641515,B
BABY MOUSE RED GINGHAM DRESS,1547.22,0.01571853050819961,86.11654464692334,B
LARGE PURPLE BABUSHKA NOTEBOOK  ,1545.68,0.01570288532717647,86.13224753225052,B
SET 12 PEAR BOTANICAL T-LIGHTS,1543.67,0.01568246531817873,86.1479299975687,B
DOVE DECORATION PAINTED ZINC ,1542.24,0.015667937650085808,86.16359793521877,B
SEASIDE STRIPE HAMMOCK,1538.79,0.015632888380910585,86.17923082359968,B
TOY TIDY DOLLY GIRL DESIGN,1533.93,0.015583514627811577,86.19481433822749,B
"NURSERY A,B,C PAINTED LETTERS",1533.51,0.01557924776025981,86.21039358598775,B
PINK LOVE HEART SHAPE CUP,1533.3799999999999,0.015577927063160454,86.22597151305091,B
MAGIC DRAWING SLATE DINOSAUR,1532.8400000000001,0.015572441090593898,86.2415439541415,B
WOOD STAMP SET THANK YOU,1532.06,0.01556451690799776,86.2571084710495,B
FROSTED BOX 9 WHITE T-LIGHT CANDLES,1531.4,0.015557811830416414,86.27266628287992,B
SILK PURSE RUSSIAN DOLL PINK,1530.6200000000001,0.015549887647820277,86.28821617052775,B
HEART CALCULATOR,1529.92,0.015542776201900666,86.30375894672964,B
4 IVORY DINNER CANDLES SILVER FLOCK,1529.23,0.01553576634806562,86.31929471307771,B
STRIPEY CHOCOLATE NESTING BOXES,1525.5800000000002,0.015498685237199083,86.33479339831491,B
CHEST OF DRAWERS GINGHAM HEART ,1523.8999999999999,0.015481617766992015,86.35027501608191,B
NATURAL BARK CANDLE LARGE,1522.28,0.015465159849292344,86.36574017593121,B
STEEL SWEETHEART ROUND TABLE CREAM,1519.8799999999999,0.015440777748996536,86.3811809536802,B
CHILDS GARDEN SPADE BLUE,1519.47,0.015436612473529338,86.39661756615374,B
"METAL SIGN,CUPCAKE SINGLE HOOK",1518.62,0.015427977146341238,86.41204554330008,B
"SPRING DEC , HANGING CHICK  GREEN",1516.9199999999998,0.01541070649196504,86.42745624979204,B
SET/6 STRAWBERRY PAPER CUPS,1516.64,0.0154078619135972,86.44286411170565,B
ANTIQUE GLASS RIDGED HANGING BALL,1513.6699999999998,0.015377689064481134,86.45824180077012,B
BLACK CHERRY LIGHTS,1511.7,0.015357675423821661,86.47359947619395,B
GIANT BLACK SUNGLASSES,1503.6399999999999,0.015275792203661574,86.48887526839762,B
RED ENCHANTED FOREST PLACEMAT,1503.6200000000001,0.015275589019492445,86.50415085741712,B
MINI JIGSAW CIRCUS PARADE ,1503.23,0.015271626928194375,86.51942248434531,B
LARGE ROUND WICKER PLATTER ,1498.3700000000001,0.015222253175095367,86.53464473752041,B
SET OF 6 VINTAGE NOTELETS KIT,1496.05,0.015198683811476084,86.54984342133189,B
3 GARDENIA MORRIS BOXED CANDLES,1495.92,0.015197363114376729,86.56504078444627,B
ETCHED GLASS STAR TREE DECORATION,1493.74,0.01517521603994137,86.5802160004862,B
VINTAGE GLASS TEA CADDY,1493.46,0.015172371461573525,86.59538837194778,B
CALENDAR IN SEASON DESIGN,1493.2400000000002,0.015170136435713077,86.61055850838349,B
FELT EGG COSY WHITE RABBIT ,1490.45,0.0151417922441192,86.62570030062761,B
CARD MOTORBIKE SANTA,1488.99,0.015126959799772584,86.64082726042739,B
ENAMEL COLANDER CREAM,1488.56,0.015122591340136252,86.65594985176752,B
LARGE TAHITI BEACH BAG,1486.33,0.015099936305278063,86.67104978807279,B
BLUE WHITE SPOTS GARDEN PARASOL,1485.24,0.015088862768060384,86.68613865084086,B
PINK UNION JACK  PASSPORT COVER ,1483.53,0.015071490521599621,86.70121014136247,B
SET OF 4 FAIRY CAKES COASTERS ,1483.2,0.015068137982808951,86.71627827934527,B
CERAMIC PIRATE CHEST MONEY BANK,1481.6699999999998,0.01505259439387037,86.73133087373914,B
DOORMAT PEACE ON EARTH BLUE,1480.94,0.015045178171697062,86.74637605191084,B
WHITE CHRISTMAS GARLAND STARS TREES,1478.82,0.0150236406497691,86.76139969256062,B
STRAWBERRY HONEYCOMB  GARLAND ,1478.43,0.015019678558471033,86.77641937111909,B
EMPIRE TISSUE BOX,1478.32,0.015018561045540807,86.79143793216463,B
CHARLIE & LOLA WASTEPAPER BIN FLORA,1475.8899999999999,0.014993874168991301,86.80643180633362,B
CHRISTMAS HANGING STAR WITH BELL,1473.97,0.014974368488754657,86.82140617482237,B
POTTING SHED COFFEE MUG,1469.5800000000002,0.014929769563630244,86.83633594438601,B
VINTAGE UNION JACK PENNANT,1468.3,0.014916765776805811,86.85125271016281,B
CHILDS GARDEN TROWEL PINK,1466.59,0.014899393530345048,86.86615210369315,B
WICKER WREATH LARGE,1466.27,0.01489614258363894,86.88104824627679,B
PARTY FOOD SHOPPER BAG,1464.18,0.014874909837964675,86.89592315611476,B
SET OF 2 ROUND TINS DUTCH CHEESE,1463.93,0.014872370035850528,86.91079552615061,B
ZINC TOP  2 DOOR WOODEN SHELF ,1461.35,0.014846159278032536,86.92564168542864,B
WOODLAND STORAGE BOX LARGE ,1460.6200000000001,0.014838743055859228,86.9404804284845,B
WRAP RED APPLES ,1459.0,0.014822285138159558,86.95530271362267,B
COUNTRY COTTAGE  DOORSTOP GREEN,1458.28,0.014814970508070815,86.97011768413074,B
BLUE FLYING SINGING CANARY,1456.94,0.01480135716873899,86.98491904129948,B
36 DOILIES DOLLY GIRL,1453.9299999999998,0.014770777951284663,86.99968981925076,B
CALENDAR FAMILY FAVOURITES,1453.22,0.014763564913280488,87.01445338416404,B
AIRLINE BAG VINTAGE JET SET BROWN,1453.04,0.014761736255758303,87.0292151204198,B
SEWING SUSAN 21 NEEDLE SET,1450.9099999999999,0.014740097141745774,87.04395521756155,B
SPOTS DESIGN MUG W PINK INSIDE,1445.78,0.014687980402363484,87.0586431979639,B
BIRDHOUSE DECORATION MAGIC GARDEN,1445.66,0.014686761297348696,87.07332995926126,B
MINI HIGHLIGHTER PENS,1443.72,0.01466705243294292,87.0879970116942,B
ASSORTED INCENSE PACK,1438.53,0.014614326141053232,87.10261133783526,B
CABIN BAG VINTAGE PAISLEY,1437.08,0.014599595288791184,87.11721093312404,B
"FEATHER PEN,COAL BLACK",1430.69,0.014534677946753598,87.1317456110708,B
DINOSAUR LUNCHBOX WITH CUTLERY,1429.9,0.014526652172072895,87.14627226324288,B
SET 6 FOOTBALL CELEBRATION CANDLES,1429.16,0.01451913435781502,87.16079139760069,B
RED RETROSPOT CHILDRENS UMBRELLA,1426.41,0.014491196534559408,87.17528259413525,B
60 CAKE CASES DOLLY GIRL DESIGN,1426.35,0.01449058698205201,87.1897731811173,B
SMALL RETRO SPOT MUG IN BOX  WHITE,1426.13,0.014488351956191563,87.20426153307349,B
SILK PURSE BABUSHKA PINK,1424.17,0.014468439907616655,87.21872997298111,B
SKULLS WRAP,1424.0,0.014466712842179033,87.23319668582329,B
CHARLIE & LOLA WASTEPAPER BIN BLUE,1423.71,0.014463766671726625,87.24766045249501,B
BISCUIT TIN VINTAGE RED,1423.57,0.014462344382542701,87.26212279687755,B
CLEAR DRAWER KNOB ACRYLIC EDWARDIAN,1421.75,0.014443854623151715,87.2765666515007,B
HOME GARLAND PAINTED ZINC ,1419.75,0.01442353620623854,87.29099018770694,B
ASSORTED TUTTI FRUTTI  FOB NOTEBOOK,1419.74,0.014423434614153975,87.3054136223211,B
DAIRY MAID SUGAR JAM BOWL,1419.71,0.014423129837900277,87.31983675215899,B
ASSORTED TUTTI FRUTTI MIRROR,1418.5,0.014410837195667808,87.33424758935466,B
WATERING CAN GARDEN MARKER,1417.6299999999999,0.014401998684310578,87.34864958803897,B
3D CHRISTMAS STAMPS STICKERS ,1417.42,0.014399865250534695,87.3630494532895,B
SET/10 BLUE POLKADOT PARTY CANDLES,1412.8,0.014352929707465266,87.37740238299698,B
RETRO SPOT PARTY BAG + STICKER SET,1412.25,0.014347342142814143,87.39174972513979,B
SET OF 6 FUNKY BEAKERS,1407.43,0.014298374758053397,87.40604809989784,B
ANGEL DECORATION STARS ON DRESS,1403.52,0.014258652252988144,87.42030675215084,B
ROSE DU SUD COSMETICS BAG,1401.83,0.014241483190696513,87.43454823534154,B
ASSORTED FARMYARD ANIMALS IN BUCKET,1394.92,0.0141712830602615,87.4487195184018,B
PINK WHITE SPOTS GARDEN PARASOL,1394.7,0.014169048034401053,87.4628885664362,B
GLITTER CHRISTMAS HEART ,1393.94,0.014161327035974046,87.47704989347218,B
ROSE FOLKART HEART DECORATIONS,1393.09,0.014152691708785949,87.49120258518097,B
MONEY BOX HOUSEKEEPING DESIGN,1390.04,0.01412170612299336,87.50532429130396,B
ASSORTED FLORAL SECATEURS,1389.44,0.014115610597919409,87.51943990190189,B
CHILDS GARDEN TROWEL BLUE ,1389.1799999999998,0.014112969203720693,87.53355287110561,B
SET/6 FRUIT SALAD PAPER CUPS,1388.45,0.014105552981547387,87.54765842408716,B
RED SPOTTY LUGGAGE TAG,1385.3,0.01407355147490914,87.56173197556207,B
CHILDREN'S APRON DOLLY GIRL ,1384.65,0.01406694798941236,87.57579892355147,B
BLACK GRAND BAROQUE PHOTO FRAME,1383.59,0.014056179228448377,87.58985510277992,B
ROBOT BIRTHDAY CARD,1380.76,0.014027428668516237,87.60388253144843,B
6 HOOK JEWELLERY STAND BLACK DRESS,1380.52,0.014024990458486658,87.61790752190691,B
PENNY FARTHING BIRTHDAY CARD,1379.51,0.014014729657945505,87.63192225156486,B
DOORSTOP FOOTBALL DESIGN,1377.42,0.013993496912271239,87.64591574847714,B
VANILLA INCENSE IN TIN,1377.32,0.013992480991425579,87.65990822946856,B
MOROCCAN BEATEN METAL MIRROR,1376.07,0.013979781980854845,87.6738880114494,B
BLACK CANDELABRA T-LIGHT HOLDER,1374.02,0.013958955603518845,87.68784696705292,B
POTTING SHED CANDLE CITRONELLA,1373.17,0.013950320276330747,87.70179728732926,B
CLASSIC FRENCH STYLE BASKET NATURAL,1372.56,0.013944123159172227,87.71574141048843,B
GLITTER SNOW PEAR TREE DECORATION,1370.8999999999999,0.013927258873134294,87.72966866936157,B
VINTAGE KITCHEN PRINT FRUITS,1370.86,0.013926852504796031,87.74359552186637,B
RETROSPOT GIANT TUBE MATCHES,1370.55,0.01392370315017449,87.75751922501654,B
ANTIQUE GLASS PEDESTAL BOWL,1368.36,0.013901454483654567,87.7714206795002,B
RED  SPOTTY COFFEE  MUG,1367.79,0.013895663734834314,87.78531634323502,B
TOAST ITS - FAIRY FLOWER,1367.25,0.013890177762267754,87.79920652099729,B
36 PENCILS TUBE RED RETROSPOT,1367.22,0.013889872986014056,87.8130963939833,B
DIAMANTE RING ASSORTED IN BOX.,1364.52,0.013862443123181275,87.82695883710649,B
"WRAP,SUKI AND FRIENDS",1363.0,0.013847001126327264,87.84080583823281,B
PINK/WHITE RIBBED MELAMINE JUG,1362.3600000000001,0.013840499232915051,87.85464633746572,B
CHRISTMAS HANGING TREE WITH BELL,1361.33,0.013830035248204762,87.86847637271393,B
PORCELAIN ROSE SMALL,1360.72,0.013823838131046245,87.88230021084497,B
SKULLS AND CROSSBONES WRAP,1360.3,0.013819571263494479,87.89611978210847,B
BLUE KASHMIRI COFFEE TABLE ,1359.95,0.013816015540534675,87.90993579764901,B
CLEAR COLOUR GLASS GEMS IN BAG,1351.18,0.013726919282370414,87.92366271693139,B
MAGIC SHEEP WOOL GROWING FROM PAPER,1349.54,0.013710258180501608,87.93737297511188,B
6 ROCKET BALLOONS ,1348.67,0.013701419669144382,87.95107439478103,B
RETRO SPOT CERAMIC TOASTRACK,1346.0800000000002,0.013675107319241823,87.96474950210028,B
ANTIQUE TALL SWIRLGLASS TRINKET POT,1345.13,0.013665456071208067,87.97841495817148,B
SKULLS  DESIGN  COTTON TOTE BAG,1344.5,0.013659055769880414,87.99207401394136,B
 3 STRIPEY MICE FELTCRAFT,1342.03,0.013633962524992646,88.00570797646635,B
WHITE GOOSE FEATHER CHRISTMAS TREE ,1341.0100000000002,0.013623600132366931,88.01933157659872,B
WAY OUT METAL SIGN ,1340.43,0.013617707791462109,88.03294928439018,B
BLUE  SPOTTY EGG CUP ,1338.36,0.013596678229956975,88.04654596262014,B
MORE BUTTER METAL SIGN ,1336.26,0.013575343892198144,88.06012130651234,B
MAGNETS PACK OF 4 HOME SWEET HOME,1335.47,0.013567318117517439,88.07368862462987,B
SOFT PINK ROSE TOWEL ,1334.43,0.01355675254072259,88.08724537717059,B
JAZZ HEARTS MEMO PAD,1334.1100000000001,0.013553501594016484,88.1007988787646,B
CARD CHRISTMAS VILLAGE,1333.86,0.013550961791902334,88.11434984055651,B
FUNKY FLOWER PICNIC BAG FOR 4,1333.61,0.013548421989788189,88.1278982625463,B
"GARLAND, MAGIC GARDEN 1.8M",1332.36,0.013535722979217455,88.14143398552551,B
SET/3 POLKA DOT STACKING TINS,1331.76,0.013529627454143505,88.15496361297966,B
IVORY PAPER CUP CAKE CASES ,1328.94,0.013500978486295931,88.16846459146595,B
SET OF 6 3D KIT CARDS FOR KIDS,1328.9299999999998,0.013500876894211365,88.18196546836016,B
12 COLOURED PARTY BALLOONS,1326.24,0.013473548623463148,88.19543901698363,B
METAL SIGN HER DINNER IS SERVED ,1326.0400000000002,0.01347151678177183,88.2089105337654,B
CERAMIC STRAWBERRY DESIGN MUG,1324.25,0.01345333179863454,88.22236386556403,B
ICE CREAM DESIGN GARDEN PARASOL,1323.9,0.013449776075674736,88.23581364163971,B
RED SPOTTY WASHBAG,1319.96,0.013409748794355785,88.24922339043407,B
FLOOR CUSHION ELEPHANT CARNIVAL,1319.46,0.013404669190127491,88.26262805962419,B
BREAD BIN DINER STYLE MINT,1319.05,0.01340050391466029,88.27602856353886,B
JAZZ HEARTS PURSE NOTEBOOK,1318.07,0.013390547890372835,88.28941911142923,B
DISCO BALL ROTATOR BATTERY OPERATED,1316.5,0.013374597933095997,88.30279370936232,B
PINK HEART CANDY BUTTON CALCULATOR,1308.74,0.013295762475472886,88.3160894718378,B
WHITE CHRISTMAS STAR DECORATION,1306.57,0.013273716993122091,88.32936318883092,B
RELAX LARGE WOOD LETTERS,1306.2,0.013269958085993155,88.34263314691692,B
GREEN MINI TAPE MEASURE ,1301.72,0.01322444483210765,88.35585759174903,B
FRENCH ENAMEL UTENSIL HOLDER,1300.6,0.013213066518636272,88.36907065826766,B
ANGEL DECORATION WITH LACE PADDED,1294.1499999999999,0.013147539624091289,88.38221819789175,B
ZINC FINISH 15CM PLANTER POTS,1291.45,0.013120109761258507,88.395338307653,B
TOP SECRET PEN SET,1290.86,0.013114115828269119,88.40845242348128,B
SLEEPING CAT ERASERS,1289.1,0.013096235621385528,88.42154865910267,B
FRENCH TOILET SIGN BLUE METAL,1286.1200000000001,0.013065961180184903,88.43461462028286,B
CANDY POP CHUNKY KNITTED THROW ,1282.9,0.013033248528954695,88.44764786881181,B
CAMOUFLAGE DESIGN TEDDY,1279.6100000000001,0.012999824733132525,88.46064769354494,B
YELLOW METAL CHICKEN HEART ,1278.8999999999999,0.012992611695128345,88.47364030524007,B
GINGERBREAD MAN COOKIE CUTTER,1277.98,0.012983265223348289,88.48662357046342,B
PAINTED METAL STAR WITH HOLLY BELLS,1276.6699999999998,0.012969956660270157,88.4995935271237,B
VINTAGE CREAM CAT FOOD CONTAINER,1276.6299999999999,0.012969550291931893,88.51256307741562,B
METAL WALL SHELF UNIT WITH HOOKS,1274.47,0.01294760640166567,88.52551068381729,B
PINK POLKADOT KIDS BAG,1273.36,0.012936329680278857,88.53844701349756,B
RETRO SPOTS PUDDING BOWL,1273.26,0.0129353137594332,88.55138232725699,B
BATHROOM SET LOVE HEART DESIGN,1273.25,0.012935212167348635,88.56431753942434,B
SMALL MARSHMALLOWS PINK BOWL,1272.88,0.012931453260219699,88.57724899268456,B
SET OF 4 FAIRY CAKE PLACEMATS,1270.56,0.012907883896600417,88.59015687658116,B
CERAMIC BIRDHOUSE RED ROOF SMALL,1270.39,0.012906156831162799,88.60306303341233,B
3D STICKERS VINTAGE CHRISTMAS,1268.0,0.012881876322951555,88.61594490973528,B
RIBBON REEL SOCKS AND MITTENS,1266.8899999999999,0.012870599601564744,88.62881550933685,B
CLEAR MILKSHAKE GLASS,1261.95,0.012820413111789207,88.64163592244863,B
RAINY LADIES BIRTHDAY CARD,1261.02,0.012810965047924583,88.65444688749655,B
BLACK ENCHANTED FOREST PLACEMAT,1260.57,0.01280639340411912,88.66725328090067,B
RETROSPOT SMALL TUBE MATCHES,1260.4,0.0128046663386815,88.68005794723935,B
FOLDING UMBRELLA  CREAM/MULTI  SPOT,1260.25,0.01280314245741301,88.69286108969676,B
YELLOW POT PLANT CANDLE,1258.44,0.01278475429010659,88.70564584398687,B
GARDEN PATH POCKET BOOK,1258.41,0.012784449513852892,88.71843029350073,B
RETROSPOT RED WASHING UP GLOVES,1258.3,0.012783332000922666,88.73121362550165,B
3D TRADITIONAL CHRISTMAS STICKERS,1257.69,0.01277713488376415,88.74399076038542,B
PINK HEARTS PAPER GARLAND,1255.19,0.012751736862622685,88.75674249724804,B
GOLD WINE GLASS,1255.08,0.012750619349692459,88.76949311659773,B
SKULLS GREETING CARD,1251.33,0.012712522317980259,88.78220563891571,B
FRENCH LAUNDRY SIGN BLUE METAL,1250.55,0.012704598135384123,88.7949102370511,B
BLUE KASHMIRI OCCASIONAL TABLE,1249.45,0.012693423006081877,88.80760366005718,B
RAIN PONCHO ,1249.23,0.01269118798022143,88.8202948480374,B
HEART STRING MEMO HOLDER HANGING,1249.13,0.012690172059375771,88.83298502009679,B
MEASURING TAPE BABUSHKA PINK,1246.2900000000002,0.012661319907359067,88.84564634000415,B
COSY SLIPPER SHOES SMALL  RED ,1245.93,0.012657662592314694,88.85830400259647,B
SILK PURSE RUSSIAN DOLL BLUE,1245.93,0.012657662592314694,88.87096166518879,B
TEA FOR ONE POLKADOT,1245.76,0.012655935526877075,88.88361760071567,B
GLASS CAKE STAND MIRRORED BASE,1244.81,0.012646284278843315,88.89626388499451,B
RED RETROSPOT BOWL,1244.16,0.012639680793346536,88.90890356578785,B
GARDEN PATH JOURNAL,1242.76,0.012625457901507315,88.92152902368936,B
GIANT SEVENTEEN DRAWER SIDEBOARD,1240.0,0.012597418486167135,88.93412644217553,B
SMALL RETRO SPOT MUG IN BOX  RED,1238.54,0.012582586041820519,88.94670902821734,B
TEA COSY BLUE STRIPE,1238.03,0.01257740484550766,88.95928643306284,B
SILVER RETRODISC LAMPSHADE,1234.27,0.012539206221710895,88.97182563928456,B
RAIN PONCHO RETROSPOT,1232.29,0.012519090988966853,88.98434473027353,B
SET 4 NURSERY DES ROUND BOXES,1232.06,0.01251675437102184,88.99686148464455,B
ASSORTED COLOUR SET 6 TEASPOONS,1232.02,0.012516348002683577,89.00937783264723,B
PIN CUSHION RUSSIAN DOLL RED,1230.67,0.012502633071267186,89.0218804657185,B
DOG TOY WITH PINK CROCHET SKIRT,1230.44,0.012500296453322172,89.03438076217182,B
TUB 24 HANGING EASTER EGGS SPOTTY,1229.8200000000002,0.01249399774407909,89.0468747599159,B
SUNSET COLOUR CHUNKY KNITTED THROW,1228.28,0.012478352563055942,89.05935311247895,B
SNOWFLAKE PORTABLE TABLE LIGHT ,1225.1000000000001,0.012446046280164002,89.0717991587591,B
RED POLKA DOT TISSUE BOX,1224.89,0.012443912846388117,89.0842430716055,B
STANDING METAL RABBIT WITH EGG,1223.02,0.012424915126574298,89.09666798673207,B
GLITTER CHRISTMAS STAR ,1222.95,0.012424203981982337,89.10909219071405,B
SOAP DISH BROCANTE,1222.7400000000002,0.012422070548206458,89.12151426126226,B
FRENCH KITCHEN SIGN BLUE METAL,1219.8700000000001,0.012392913619936052,89.1339071748822,B
VINTAGE GLASS COFFEE CADDY,1219.31,0.012387224463200364,89.1462943993454,B
VINTAGE CARAVAN GIFT WRAP,1219.0,0.012384075108578821,89.15867847445398,B
CARD I LOVE LONDON ,1218.29,0.012376862070574644,89.17105533652455,B
CHILDS GARDEN RAKE BLUE,1216.23,0.012355934101154079,89.1834112706257,B
CARD DOLLY GIRL ,1215.09,0.012344352603513568,89.19575562322922,B
SILVER MINI TAPE MEASURE ,1214.46,0.012337952302185921,89.20809357553141,B
DOORMAT BIRD ON THE WIRE,1213.8700000000001,0.012331958369196535,89.22042553390061,B
4 PEAR BOTANICAL DINNER CANDLES,1211.49,0.012307779453069859,89.23273331335368,B
S/12 VANILLA  BOTANICAL T-LIGHTS,1211.3200000000002,0.01230605238763224,89.2450393657413,B
SET OF THREE 50'S GIFT WRAPS ,1210.6,0.012298737757543494,89.25733810349885,B
URBAN BLACK RIBBONS ,1210.59,0.012298636165458928,89.2696367396643,B
FOLK FELT HANGING MULTICOL GARLAND,1210.26,0.012295283626668256,89.28193202329098,B
HEART SHAPE WIRELESS DOORBELL,1208.74,0.012279841629814244,89.2942118649208,B
BEACH HUT KEY CABINET,1207.83,0.01227059675011875,89.30648246167091,B
PACK OF 20 SPACEBOY NAPKINS,1206.46,0.012256678634533228,89.31873914030544,B
VINTAGE BEAD COSMETIC BAG ,1206.05,0.012252513359066027,89.33099165366451,B
RED SPOTTY EGG CUP ,1205.25,0.012244385992300757,89.34323603965682,B
CINAMMON SET OF 9 T-LIGHTS,1201.46,0.012205882592250297,89.35544192224907,B
COLOURFUL STANDING GNOME,1200.93,0.012200498211768305,89.36764242046084,B
BLUE POT PLANT CANDLE ,1200.03,0.012191354924157377,89.379833775385,B
REGENCY MIRROR WITH SHUTTERS,1200.0,0.01219105014790368,89.3920248255329,B
LAVENDER INCENSE IN TIN,1195.73,0.012147670327794057,89.40417249586069,B
ASSORTED TUTTI FRUTTI HEART BOX,1195.22,0.012142489131481199,89.41631498499217,B
LARGE ENGLISH ARBORETUM,1195.15,0.012141777986889236,89.42845676297905,B
  DOORMAT UNION JACK GUNS AND ROSES,1193.31,0.012123085043329117,89.44057984802238,B
MAKE YOUR OWN PLAYTIME CARD KIT,1193.0600000000002,0.012120545241214972,89.4527003932636,B
SMALL YELLOW BABUSHKA NOTEBOOK ,1192.4199999999998,0.012114043347802753,89.4648144366114,B
MILK PAN BLUE RETROSPOT,1192.13,0.012111097177350346,89.47692553378876,B
ENAMEL PINK TEA CONTAINER,1191.35,0.012103172994754207,89.48902870678351,B
TEA BAG PLATE RED RETROSPOT,1190.85,0.012098093390525914,89.50112680017403,B
3D STICKERS TRADITIONAL CHRISTMAS ,1187.0,0.012058980437968058,89.513185780612,B
SET OF 6 HEART CHOPSTICKS,1186.94,0.012058370885460662,89.52524415149746,B
ASS FLORAL PRINT SCISSORS,1186.9,0.0120579645171224,89.53730211601459,B
4 LILY  BOTANICAL DINNER CANDLES,1185.75,0.012046281427397325,89.54934839744199,B
MINI JIGSAW DOLLY GIRL,1183.92,0.012027690075921771,89.56137608751791,B
SET OF 3 DANISH ROSE PLANTERS,1183.8200000000002,0.012026674155076113,89.573402761673,B
RIDGED GLASS POSY VASE ,1183.3999999999999,0.012022407287524345,89.58542516896051,B
MAGIC DRAWING SLATE BAKE A CAKE ,1180.21,0.011989999412547836,89.59741516837306,B
WHITE CHRISTMAS HEART DECORATION,1179.4299999999998,0.011982075229951697,89.60939724360301,B
LARGE CHUNKY GLASS ROMAN BOWL,1179.17,0.011979433835752985,89.62137667743876,B
HEART DECORATION RUSTIC HANGING ,1178.6000000000001,0.011973643086932733,89.6333503205257,B
"DECORATION , WOBBLY RABBIT , METAL ",1178.26,0.011970188956057492,89.64532050948175,B
TV DINNER TRAY AIR HOSTESS ,1176.29,0.011950175315398015,89.65727068479714,B
CUT GLASS HEXAGON T-LIGHT HOLDER,1176.1299999999999,0.011948549842044963,89.66921923463919,B
LOLITA  DESIGN  COTTON TOTE BAG,1174.19,0.011928840977639186,89.68114807561683,B
HEARTS  STICKERS,1171.37,0.01190019200979161,89.69304826762662,B
BIRD DECORATION RED SPOT,1169.55,0.011881702250400623,89.70492996987703,B
TEATIME PEN CASE & PENS,1169.1,0.01187713060659516,89.71680710048362,B
BLUE CUSHION COVER WITH FLOWER,1163.75,0.011822778841352424,89.72862987932497,B
"FEATHER PEN,LIGHT PINK",1163.41,0.011819324710477185,89.74044920403544,B
ASSORTED TUTTI FRUTTI PHOTO FRAME,1162.89,0.011814041922079759,89.75226324595752,B
6 CROCHET STRAWBERRIES,1158.28,0.011767207971094895,89.76403045392861,B
APRON APPLE DELIGHT,1152.83,0.011711840285006499,89.77574229421361,B
CHILDS GARDEN RAKE PINK,1150.2,0.01168512156676568,89.78742741578039,B
MEDINA STAMPED METAL STOOL,1148.45,0.01166734295196665,89.79909475873235,B
CHRISTMAS TREE HEART DECORATION,1148.44,0.011667241359882086,89.81076200009224,B
12 ASS ZINC CHRISTMAS DECORATIONS,1148.0500000000002,0.011663279268584018,89.82242527936083,B
PACK OF 12 BLUE PAISLEY TISSUES ,1147.05,0.011653120060127429,89.83407839942096,B
PAPER CHAIN KIT LONDON,1146.41,0.011646618166715215,89.84572501758768,B
"AIRLINE LOUNGE,METAL SIGN",1145.56,0.011637982839527116,89.85736300042721,B
CUBIC MUG BLUE POLKA DOT,1145.26,0.01163493507699014,89.8689979355042,B
WICKER WREATH SMALL,1144.3799999999999,0.011625994973548343,89.88062393047774,B
POSY CANDY BAG,1144.21,0.011624267908110726,89.89224819838584,B
75 GREEN FAIRY CAKE CASES,1143.76,0.01161969626430526,89.90386789465015,B
PINK SMALL GLASS CAKE STAND,1142.4299999999998,0.011606184517058,89.91547407916721,B
FRYING PAN BLUE POLKADOT ,1139.16,0.011572963905404965,89.92704704307262,B
BLACK SILVER FLOWER T-LIGHT HOLDER,1138.04,0.011561585591933586,89.93860862866455,B
3D STICKERS CHRISTMAS STAMPS,1137.0,0.011551020015138736,89.95015964867969,B
DOLLY MIXTURE CHILDREN'S UMBRELLA,1136.77,0.011548683397193721,89.96170833207688,B
GUMBALL MONOCHROME COAT RACK,1135.3799999999999,0.011534562097439065,89.97324289417432,B
FRYING PAN PINK POLKADOT,1134.9,0.011529685677379905,89.9847725798517,B
WHITE WITH BLACK CATS MUG,1134.68,0.011527450651519456,89.9963000305032,B
CHILDS GARDEN FORK PINK,1133.99,0.011520440797684413,90.00782047130089,B
SCENTED VELVET LOUNGE CANDLE ,1133.6000000000001,0.011516478706386345,90.01933695000727,B
HAIRCLIPS FORTIES FABRIC ASSORTED,1133.5800000000002,0.011516275522217213,90.03085322552948,B
CHILDS GARDEN FORK BLUE ,1133.22,0.01151261820717284,90.04236584373666,B
DINOSAUR HEIGHT CHART STICKER SET,1132.68,0.011507132234606284,90.05387297597127,B
GLASS JAR PEACOCK BATH SALTS,1131.24,0.0114925029744288,90.06536547894571,B
"RIBBON REEL, XMAS SOCK/BAUBLE",1131.0,0.011490064764399219,90.07685554371011,B
FRENCH ENAMEL WATER BASIN,1130.53,0.011485289936424623,90.08834083364654,B
SMALL SILVER FLOWER CANDLE POT,1129.9,0.011478889635096974,90.09981972328164,B
CARROT CHARLIE+LOLA COASTER SET,1127.97,0.011459282362775762,90.11127900564442,B
36 FOIL HEART CAKE CASES,1127.14,0.011450850219756796,90.12272985586418,B
LETS GO SHOPPING COTTON TOTE BAG,1126.16,0.01144089419546934,90.13417075005965,B
RIBBONS PURSE ,1121.58,0.011394365020738173,90.14556511508039,B
ENAMEL BLUE RIM BISCUIT BIN,1121.0,0.011388472679833355,90.15695358776023,B
VINTAGE CARAVAN GREETING CARD ,1120.66,0.011385018548958117,90.16833860630919,B
ROSE DU SUD DRAWSTRING BAG,1118.8799999999999,0.01136693515790539,90.1797055414671,B
SMALL RED SPOT  WINDMILL,1116.44,0.011342146689271321,90.19104768815637,B
ETCHED GLASS BIRD TREE DECORATION,1114.76,0.011325079219064255,90.20237276737544,B
ASSORTED COLOUR SILK GLASSES CASE,1114.66,0.011324063298218598,90.21369683067365,B
BASKET OF TOADSTOOLS,1112.94,0.011306589459673269,90.22500342013333,B
RED SHARK HELICOPTER,1112.0900000000001,0.011297954132485171,90.23630137426582,B
 CHERRY BLOSSOM  DECORATIVE FLASK,1111.67,0.011293687264933404,90.24759506153076,B
PINK UNION JACK  LUGGAGE TAG,1111.3799999999999,0.011290741094480992,90.25888580262524,B
BEACH HUT DESIGN BLACKBOARD,1110.45,0.011281293030616368,90.27016709565586,B
DO NOT TOUCH MY STUFF DOOR HANGER ,1107.75,0.011253863167783585,90.28142095882365,B
HOUSE WRECKING METAL SIGN ,1107.02,0.011246446945610276,90.29266740576925,B
GLASS CLOCHE LARGE,1106.53,0.01124146893346655,90.30390887470271,B
PARTY INVITES WOODLAND,1105.1899999999998,0.011227855594134722,90.31513673029684,B
POCKET BAG BLUE PAISLEY RED SPOT,1104.97,0.011225620568274275,90.32636235086511,B
BLACK EAR MUFF HEADPHONES,1104.55,0.011221353700722508,90.33758370456583,B
"TRAY, BREAKFAST IN BED",1104.25,0.011218305938185532,90.34880201050402,B
ANTIQUE GLASS PLACE SETTING,1103.71,0.011212819965618976,90.36001483046964,B
GREEN FERN JOURNAL ,1103.27,0.011208349913898078,90.37122318038354,B
SUNSET CHECK HAMMOCK,1102.99,0.011205505335530233,90.38242868571906,B
CHILDRENS APRON APPLES DESIGN,1102.3,0.011198495481695188,90.39362718120076,B
PINK FAIRY CAKE COASTER,1099.88,0.01117391019723025,90.40480109139799,B
MODERN VINTAGE COTTON SHOPPING BAG,1098.7,0.011161922331251477,90.41596301372924,B
MA CAMPAGNE MINI WOODEN CHEST,1097.8000000000002,0.011152779043640551,90.42711579277288,B
MULTICOLOUR 3D BALLS GARLAND,1095.2,0.011126365101653426,90.43824215787454,B
BEADED PEARL HEART WHITE LARGE,1093.79,0.011112040617729638,90.44935419849227,B
S/16 VINTAGE SKY BLUE CUTLERY,1092.42,0.011098122502144116,90.46045232099442,B
BLUE PAISLEY JOURNAL ,1090.65,0.011080140703175959,90.47153246169759,B
BUNNY EGG BOX,1090.34,0.011076991348554414,90.48260945304615,B
BROWN  PIRATE TREASURE CHEST ,1090.06,0.01107414677018657,90.49368359981634,B
LILAC DIAMANTE PEN IN GIFT BOX,1089.63,0.01106977831055024,90.50475337812689,B
CHRISTMAS TREE DECORATION WITH BELL,1088.45,0.011057790444571468,90.51581116857146,B
PINK JUICY FRUIT PHOTO FRAME,1087.73,0.011050475814482725,90.52686164438595,B
ENGLISH ROSE GARDEN SECATEURS,1087.09,0.011043973921070508,90.53790561830702,B
BLACK SMALL GLASS CAKE STAND,1087.03,0.011043364368563114,90.54894898267558,B
GINGHAM HEART DECORATION,1086.13,0.011034221080952188,90.55998320375653,B
MUMMY MOUSE RED GINGHAM RIBBON,1080.14,0.010973367422297235,90.57095657117883,B
GARDEN PATH SKETCHBOOK,1077.52,0.010946750296140978,90.58190332147497,B
PERIWINKLE T-LIGHT HOLDER,1077.45,0.010946039151549016,90.59284936062652,B
FRENCH ENAMEL POT W LID,1076.2,0.010933340140978284,90.6037827007675,B
3 WICK CHRISTMAS BRIAR CANDLE ,1075.86,0.010929886010103043,90.6147125867776,B
MAGIC DRAWING SLATE BUNNIES ,1075.15,0.010922672972098868,90.6256352597497,B
FLORAL BATHROOM SET,1074.73,0.010918406104547102,90.63655366585425,B
FELTCRAFT HAIRBAND PINK AND BLUE,1074.3899999999999,0.010914951973671861,90.64746861782793,B
4 WILDFLOWER BOTANICAL CANDLES,1074.24,0.010913428092403374,90.65838204592033,B
UNION STRIPE CUSHION COVER ,1073.58,0.010906723014822027,90.66928876893516,B
SET/3 TALL GLASS CANDLE HOLDER PINK,1069.86,0.010868930759363524,90.68015769969452,B
MILK PAN PINK POLKADOT,1069.53,0.010865578220572852,90.6910232779151,B
SET OF 12  VINTAGE POSTCARD SET,1069.35,0.010863749563050666,90.70188702747815,B
EIGHT PIECE CREEPY CRAWLIE SET,1067.64,0.010846377316589906,90.71273340479475,B
SET OF 36 DINOSAUR PAPER DOILIES,1061.74,0.010786437986696045,90.72351984278144,B
POLKA DOT PEN,1060.8,0.010776888330746852,90.7342967311122,B
4 IVORY DINNER CANDLES GOLD FLOCK,1060.19,0.010770691213588335,90.74506742232579,B
PINK POLKADOT CHILDRENS UMBRELLA,1059.97,0.010768456187727886,90.75583587851352,B
12 PENCILS TALL TUBE RED RETROSPOT,1059.31,0.01076175111014654,90.76659762962367,B
CHRISTMAS TREE STAR DECORATION,1058.54,0.010753928519634968,90.77735155814331,B
WRAP I LOVE LONDON ,1057.3600000000001,0.010741940653656197,90.78809349879697,B
BREAD BIN DINER STYLE PINK,1056.7,0.01073523557607485,90.79882873437305,B
WHITE BITTY LIGHT CHAIN ,1056.6,0.010734219655229188,90.80956295402828,B
PENS ASSORTED SPACEBALL,1056.4,0.010732187813537875,90.82029514184181,B
12 DAISY PEGS IN WOOD BOX,1055.86,0.010726701840971315,90.83102184368278,B
WRAP SUKI AND FRIENDS,1055.42,0.010722231789250419,90.84174407547202,B
POP ART PEN CASE & PENS,1054.7,0.010714917159161678,90.85245899263118,B
PAINTED METAL TREE WITH HOLLY BELLS,1053.1899999999998,0.010699576754392228,90.86315856938558,B
SILVER DIAMANTE PEN IN GIFT BOX,1053.15,0.010699170386053967,90.87385773977162,B
12 RED ROSE PEG PLACE SETTINGS,1052.69,0.01069449715016394,90.88455223692179,B
BLUE 5 PATCH FLOWER CUSHION COVER,1052.29,0.010690433466781302,90.89524267038857,B
HEART EAR MUFF HEADPHONES,1051.4,0.010681391771254942,90.90592406215983,B
BLACK PIRATE TREASURE CHEST,1050.99,0.01067722649578774,90.91660128865561,B
BALLOON WATER BOMB PACK OF 35,1050.83,0.010675601022434686,90.92727688967805,B
LIPSTICK PEN FUSCHIA,1050.27,0.010669911865699,90.93794680154376,B
PINK PAISLEY CUSHION COVER ,1050.15,0.010668692760684209,90.94861549430445,B
PINK KASHMIRI COFFEE TABLE ,1050.0,0.01066716887941572,90.95928266318387,B
DISCO BALL CHRISTMAS DECORATION,1049.25,0.01065954947307328,90.96994221265695,B
IVORY HANGING DECORATION  BIRD,1047.1799999999998,0.010638519911568145,90.98058073256851,B
SET/6 FROG PRINCE T-LIGHT CANDLES,1046.23,0.01062886866353439,90.99120960123204,B
MOODY GIRL DOOR HANGER ,1045.98,0.010626328861420243,91.00183593009346,B
PINK 5 PATCH FLOWER CUSHION COVER ,1045.16,0.010617998310485842,91.01245392840394,B
BUBBLE GUM CHUNKY KNITTED THROW ,1044.23,0.010608550246621216,91.02306247865056,B
DECORATIVE CATS BATHROOM BOTTLE,1043.86,0.010604791339492279,91.03366726999005,B
BUTTERFLIES STICKERS,1042.3799999999999,0.01058975571097653,91.04425702570103,B
ZINC HEART LATTICE T-LIGHT HOLDER,1042.16,0.010587520685116083,91.05484454638615,B
S/3 PINK COL METAL BASKET W HANDLE,1042.16,0.010587520685116083,91.06543206707127,B
LARGE ROUND CUTGLASS CANDLESTICK,1042.02,0.01058609839593216,91.0760181654672,B
DAISY GARDEN MARKER,1041.39,0.010579698094604512,91.0865978635618,B
S/4 IVORY MINI ROSE CANDLE IN BOWL,1038.86,0.010553995297209347,91.09715185885902,B
BLUE TEATIME PRINT BOWL ,1038.72,0.010552573008025427,91.10770443186705,B
FELT EGG COSY BLUE RABBIT ,1036.52,0.010530222749420936,91.11823465461647,B
HEART T-LIGHT HOLDER,1034.8999999999999,0.010513764831721263,91.1287484194482,B
SQUARE FLOOR CUSHION VINTAGE RED,1034.75,0.010512240950452776,91.13926066039865,B
SILVER MUG BONE CHINA TREE OF LIFE,1034.52,0.010509904332507761,91.14977056473116,B
CLASSIC FRENCH STYLE BASKET GREEN ,1033.73,0.01050187855782706,91.16027244328899,B
ASSORTED MINI MADRAS NOTEBOOK,1030.81,0.010472213669133826,91.17074465695812,B
TOOTHPASTE TUBE PEN,1027.89,0.010442548780440597,91.18118720573857,B
SMALLFOLKART BAUBLE CHRISTMAS DEC,1025.93,0.010422636731865685,91.19160984247043,B
CUBIC MUG FLOCK BLUE ON BROWN,1025.41,0.01041735394346826,91.2020271964139,B
FELT EGG COSY CHICKEN,1024.85,0.01041166478673257,91.21243886120062,B
WOODLAND STORAGE BOX SMALL,1024.59,0.01040902339253386,91.22284788459316,B
IVORY STRING CURTAIN WITH POLE ,1023.96,0.01040262309120621,91.23325050768437,B
CHRISTMAS MUSICAL ZINC STAR,1023.53,0.010398254631569879,91.24364876231594,B
PAPERWEIGHT CHILDHOOD MEMORIES,1023.48,0.010397746671147049,91.25404650898709,B
LUNCHBAG SPACEBOY DESIGN ,1022.6,0.010388806567705253,91.26443531555479,B
SILK PURSE BABUSHKA BLUE,1022.0300000000001,0.010383015818885,91.27481833137368,B
METAL TUBE CHIME ON BAMBOO,1020.56,0.010368081782453816,91.28518641315614,B
SET OF 3 CONEY ISLAND OVAL BOXES,1017.62,0.010338213709591452,91.29552462686573,B
PINK HORSE SOCK PUPPET,1016.8700000000001,0.010330594303249015,91.30585522116898,B
BANQUET BIRTHDAY  CARD  ,1016.32,0.01032500673859789,91.31618022790758,B
PACK OF 20 NAPKINS RED APPLES,1014.17,0.010303164440416228,91.326483392348,B
3 WHITE CHOC MORRIS BOXED CANDLES,1011.86,0.010279696668881514,91.33676308901688,B
STRAWBERRY CANDY BAG,1011.7,0.010278071195528461,91.34704116021241,B
TOTE BAG I LOVE LONDON,1009.8000000000001,0.010258768699460947,91.35729992891187,B
WRAP CIRCUS PARADE,1007.5,0.010235402520010798,91.36753533143188,B
36 DOILIES SPACEBOY DESIGN ,1005.37,0.010213763405998269,91.37774909483788,B
PINK METAL CHICKEN HEART ,1003.67,0.010196492751622072,91.3879455875895,B
FELTCRAFT HAIRBANDS PINK AND WHITE ,1003.0899999999999,0.010190600410717251,91.39813618800022,B
CURIOUS IMAGES SCRAP BOOK SET,1002.63,0.010185927174827223,91.40832211517505,B
WRAP DOLLY GIRL,1001.5,0.010174447269271279,91.41849656244432,B
IVORY KNITTED MUG COSY ,1001.14,0.010170789954226909,91.42866735239855,B
SET OF 72 GREEN PAPER DOILIES,1000.0799999999999,0.010160021193262926,91.4388273735918,B
CHRYSANTHEMUM NOTEBOOK,998.48,0.01014376645973239,91.44897114005154,B
COLOURFUL FISHING GNOME,998.03,0.010139194815926924,91.45911033486746,B
POTTING SHED ROSE CANDLE,997.7000000000002,0.010135842277136252,91.4692461771446,B
ROSE 3 WICK MORRIS BOX CANDLE,996.82,0.010126902173694455,91.4793730793183,B
BOUDOIR SQUARE TISSUE BOX,996.8199999999999,0.010126902173694455,91.48949998149199,B
GINGHAM OVEN GLOVE RED HEART ,996.39,0.010122533714058123,91.49962251520604,B
MAGIC TREE -PAPER FLOWERS,994.05,0.010098761166269711,91.50972127637232,B
SEASIDE FLYING DISC,993.5600000000001,0.010093783154125985,91.51981505952645,B
WOOD STAMP SET BEST WISHES,991.65,0.010074379065973903,91.52988943859242,B
ROSES IN WHITE HEART CANDLE ,991.38,0.010071636079690626,91.5399610746721,B
CHOCOLATE 1 WICK MORRIS BOX CANDLE,991.17,0.010069502645914741,91.55003057731803,B
SET OF 3 GOLD FLYING DUCKS,990.26,0.010060257766219249,91.56009083508424,B
BLUE PAINTED KASHMIRI TABLE ,990.0,0.010057616372020536,91.57014845145626,B
LIBRARY LAMP,989.62,0.010053755872807034,91.58020220732907,B
VINTAGE WOODEN BAR STOOL,988.15,0.010038821836375852,91.59024102916544,B
BISCUIT TIN VINTAGE GREEN,987.74,0.01003465656090865,91.60027568572634,B
BLUE/CREAM STRIPE CUSHION COVER ,987.09,0.01002805307541187,91.61030373880176,B
BLACK BIRD GARDEN DESIGN MUG,986.5899999999999,0.010022973471183576,91.62032671227294,B
FILIGREE WALL MIRROR  ANTIQUE WHITE,985.54,0.010012306302304161,91.63033901857524,B
6 RIBBONS SHIMMERING PINKS ,984.92,0.010006007593061077,91.6403450261683,B
FOLKART ZINC STAR CHRISTMAS DEC,984.63,0.010003061422608667,91.65034808759091,B
4 LAVENDER BOTANICAL DINNER CANDLES,983.25,0.009989041714938578,91.66033712930586,B
JAZZ HEARTS ADDRESS BOOK,978.3900000000001,0.009939667961839569,91.6702767972677,B
EIGHT PIECE SNAKE  SET,978.39,0.009939667961839567,91.68021646522955,B
PACK OF 12 SPACEBOY TISSUES,978.04,0.009936112238879762,91.69015257746842,B
ANGEL DECORATION PAINTED ZINC ,976.4200000000001,0.009919654321180093,91.7000722317896,B
SILVER  CANDLEPOT JARDIN ,975.84,0.009913761980275273,91.70998599376988,B
POTTING SHED SEED ENVELOPES,975.39,0.009909190336469809,91.71989518410635,B
IVORY GIANT GARDEN THERMOMETER,975.32,0.009908479191877848,91.72980366329823,B
KNITTED MUG COSY IVORY COLOUR ,973.59,0.009890903761247953,91.73969456705947,B
STRAWBERRIES  DESIGN FLANNEL ,972.18,0.009876579277324165,91.74957114633679,B
SCOTTIES CHILDRENS APRON,971.1,0.009865607332191054,91.75943675366898,B
FELT TOADSTOOL LARGE,970.41,0.009858597478356008,91.76929535114733,B
GENTLEMAN SHIRT REPAIR KIT ,968.97,0.009843968218178525,91.77913931936551,B
DOOR HANGER  MUM + DADS ROOM,968.8299999999999,0.009842545928994601,91.7889818652945,B
SILVER ROCCOCO CHANDELIER,968.3,0.00983716154851261,91.79881902684302,B
SET OF 16 VINTAGE PISTACHIO CUTLERY,967.9499999999999,0.009833605825552805,91.80865263266857,B
EDWARDIAN TOILET ROLL UNIT ,966.35,0.009817351092022268,91.8184699837606,B
ENAMEL PINK COFFEE CONTAINER,964.65,0.00980008043764607,91.82827006419824,B
SET OF 16 VINTAGE ROSE CUTLERY,964.03,0.009793781728402987,91.83806384592664,B
STAR DECORATION PAINTED ZINC ,963.4399999999999,0.0097877877954136,91.84785163372206,B
BLACK MINI TAPE MEASURE ,963.23,0.009785654361637718,91.8576372880837,B
YULETIDE IMAGES S/6 PAPER BOXES,962.25,0.009775698337350263,91.86741298642104,B
GREEN FERN SKETCHBOOK ,961.45,0.009767570970584994,91.87718055739163,B
BEACH HUT MIRROR,961.4,0.009767063010162166,91.88694762040178,B
SILVER VANILLA FLOWER CANDLE POT,960.99,0.009762897734694964,91.89671051813647,B
GOLD MUG BONE CHINA TREE OF LIFE,960.8399999999999,0.009761373853426476,91.9064718919899,B
HANGING BUTTERFLY  EGG,960.3,0.00975588788085992,91.91622777987075,B
FIVE CATS HANGING DECORATION,959.7900000000001,0.009750706684547063,91.9259784865553,B
S/3 FLWR FAIRY LAVENDER CANDLES,957.73,0.009729778715126492,91.93570826527042,B
WHITE CHRISTMAS TREE DECORATION ,957.63,0.009728762794280834,91.9454370280647,B
GLASS CLOCHE SMALL,956.87,0.009721041795853829,91.95515806986056,B
CHERRY BLOSSOM BATHROOM CABINET,955.35,0.009705599798999818,91.96486366965956,B
SKULLS STORAGE BOX LARGE,954.44,0.009696354919304324,91.97456002457886,B
BLUE PAISLEY SKETCHBOOK,954.23,0.009694221485528441,91.9842542460644,B
FOLDING UMBRELLA  WHITE/RED  SPOT,953.0,0.009681725659126839,91.99393597172352,B
 PEACE WOODEN BLOCK LETTERS,952.74,0.009679084264928127,92.00361505598845,B
SET/9 CHRISTMAS T-LIGHTS SCENTED ,952.51,0.009676747646983112,92.01329180363543,B
PINK DRAWER KNOB ACRYLIC EDWARDIAN,950.91,0.009660492913452574,92.02295229654888,B
RUSTIC  SEVENTEEN DRAWER SIDEBOARD,950.0,0.00965124803375708,92.03260354458264,B
ETCHED GLASS COASTER,948.26,0.009633571011042619,92.04223711559368,B
RIBBON REEL POLKADOTS ,947.07,0.009621481552979282,92.05185859714666,B
BLUE YELLOW FLOWER PIGGY BANK,946.72,0.009617925830019476,92.06147652297668,B
ENGLISH ROSE NOTEBOOK A7 SIZE,945.23,0.009602788609419162,92.07107931158609,B
CHRISTMAS CRAFT HEART DECORATIONS,942.88,0.009578914469546184,92.08065822605563,B
CHRYSANTHEMUM  JOURNAL,942.2,0.009572006207795707,92.09023023226342,B
CLASSICAL ROSE SMALL VASE,941.6,0.009565910682721755,92.09979614294615,B
CREAM WALL PLANTER HEART SHAPED,940.12,0.009550875054206006,92.10934701800035,B
RED DRAWER KNOB ACRYLIC EDWARDIAN,939.53,0.00954488112121662,92.11889189912156,B
GREEN JUICY FRUIT PHOTO FRAME,938.34,0.009532791663153283,92.12842469078471,B
CONGRATULATIONS BUNTING,937.88,0.009528118427263253,92.13795280921198,B
SMALL CHUNKY GLASS ROMAN  BOWL,937.29,0.009522124494273866,92.14747493370625,B
RETRO LAUNDRY TUB PINK,936.74,0.009516536929622744,92.15699147063587,B
WHITE/BLUE PULL BACK RACING CAR,933.07,0.009479252634587073,92.16647072327046,B
ENGLISH ROSE SCISSORS,931.86,0.009466959992354603,92.17593768326282,B
GLASS JAR MARMALADE ,928.5000000000001,0.009432825051940473,92.18537050831476,B
HEART T-LIGHT HOLDER ,928.04,0.009428151816050443,92.19479866013081,B
TOAST ITS - HAPPY BIRTHDAY,927.93,0.009427034303120217,92.20422569443393,B
HANGING BAUBLE T-LIGHT HOLDER SMALL,926.37,0.009411185937927943,92.21363688037185,B
GARDEN PATH NOTEBOOK ,926.21,0.00940956046457489,92.22304644083643,B
CREAM CUSHION COVER WITH FLOWERS,925.62,0.009403566531585503,92.23245000736802,B
ENCHANTED BIRD PLANT CAGE,925.29,0.00940021399279483,92.2418502213608,B
DANISH ROSE PHOTO FRAME,923.99,0.009387007021801267,92.2512372283826,B
GLASS BONBON JAR PARFUME AUX FLEURE,923.72,0.00938426403551799,92.26062149241812,B
VINTAGE BILLBOARD MUG ,923.52,0.009382232193826672,92.27000372461195,B
WHITE ADVENT CANDLE,923.05,0.009377457365852077,92.27938118197781,B
FOLKART HEART NAPKIN RINGS,919.1300000000001,0.00933763326870226,92.28871881524651,B
RETRO LAUNDRY TUB PISTACHIO,918.91,0.009335398242841809,92.29805421348935,B
SET 5 MINI GATEAUX  FRIDGE MAGNETS,918.6800000000001,0.009333061624896794,92.30738727511425,B
ROSES ON BLUE TEACUP CANDLE ,918.65,0.009332756848643096,92.3167200319629,B
BLUE SCANDINAVIAN PAISLEY WRAP,918.5,0.009331232967374608,92.32605126493027,B
SMALL SPOTTY CHOCOLATE GIFT BAG ,918.49,0.009331131375290043,92.33538239630556,B
MINT GREEN ROSE TOWEL,918.3,0.00932920112568329,92.34471159743124,B
FAIRY CAKES NOTEBOOK A6 SIZE,916.33,0.009309187485023816,92.35402078491627,B
BALLOON ART MAKE YOUR OWN FLOWERS,915.37,0.009299434644905494,92.36332021956117,B
ETCHED GLASS DROPLET DECORATION,914.67,0.009292323198985881,92.37261254276017,B
FELTCRAFT HAIRBAND RED AND BLUE,914.4799999999999,0.00929039294937913,92.38190293570955,B
CHEST NATURAL WOOD 20 DRAWERS,910.0,0.009244879695493624,92.39114781540503,B
PINK OVAL JEWELLED MIRROR,907.38,0.009218262569337369,92.40036607797437,B
SILVER T-LIGHT SETTING,907.27,0.009217145056407142,92.40958322303078,B
WOOD STAMP SET FLOWERS,906.5600000000001,0.009209932018402967,92.41879315504919,B
"DECORATION , HANGING METAL RABBIT",904.02,0.009184127628923237,92.42797728267811,B
RABBIT  DESIGN  COTTON TOTE BAG,903.56,0.009179454393033207,92.43715673707115,B
BLUE CHALET BIRDFEEDER,902.0300000000001,0.009163910804094632,92.44632064787524,B
SILVER VANILLA  FLOWER CANDLE POT,902.0,0.009163606027840932,92.45548425390308,B
VINTAGE KEEPSAKE BOX PARIS DAYS,901.94,0.009162996475333538,92.46464725037842,B
3D SHEET OF CAT STICKERS,901.63,0.009159847120711995,92.47380709749913,B
3D SHEET OF DOG STICKERS,900.05,0.00914379557135059,92.48295089307048,B
BLUE PAISLEY NOTEBOOK,899.63,0.009139528703798822,92.49209042177428,B
PINK STRIPE HOT WATER BOTTLE,899.5200000000001,0.0091384111908686,92.50122883296515,B
36 FOIL STAR CAKE CASES ,899.12,0.009134347507485964,92.51036318047264,B
SET/5 BLUE SPOTTY LID GLASS BOWLS,898.7199999999999,0.009130283824103328,92.51949346429674,B
MEASURING TAPE BABUSHKA BLUE,897.6700000000001,0.009119616655223916,92.52861308095197,B
ROMANTIC IMAGES SCRAP BOOK SET,897.54,0.009118295958124557,92.53773137691009,B
FLOWER FAIRY INCENSE LAVENDER,896.3399999999999,0.009106104907976652,92.54683748181806,B
LARGE HANGING GLASS+ZINC LANTERN,896.0,0.009102650777101413,92.55594013259515,B
CARD CIRCUS PARADE,893.79,0.009080198926412358,92.56502033152157,B
CAKE SHOP  STICKER SHEET,892.41,0.00906617921874227,92.57408651074032,B
HI TEC ALPINE HAND WARMER,892.26,0.009064655337473781,92.58315116607778,B
BLOSSOM IMAGES SCRAP BOOK SET,891.14,0.009053277024002404,92.59220444310179,B
RING OF ROSES BIRTHDAY CARD,889.88,0.009040476421347105,92.60124491952314,B
BASKET OF FLOWERS SEWING KIT,889.0699999999999,0.00903224746249727,92.61027716698564,B
BLUE DRAGONFLY HELICOPTER,888.45,0.009025948753254187,92.61930311573889,B
SET OF 12 MINI BUNNIES IN A BUCKET,888.0600000000001,0.00902198666195612,92.62832510240084,B
IVORY EMBROIDERED QUILT ,887.4,0.00901528158437477,92.6373403839852,B
PINK  HONEYCOMB PAPER BALL ,885.64,0.00899740137749118,92.64633778536269,B
BOHEMIAN COLLAGE STATIONERY SET,885.25,0.008993439286193112,92.65533122464888,B
JAZZ HEARTS MAGNETIC MEMO PAD,884.5600000000002,0.008986429432358068,92.66431765408123,B
BLACK PILLAR CANDLE SILVER FLOCK,877.8000000000001,0.008917753183191542,92.67323540726443,B
MARAKESH LANTERN SMALL ,873.25,0.008871528784714075,92.68210693604914,B
CANDY PINK FRENCH BOUDOIR CLOCK,872.76,0.008866550772570345,92.6909734868217,B
CHRYSANTHEMUM SKETCHBOOK ,871.51,0.008853851761999614,92.6998273385837,B
RETROSPOT CIGAR BOX MATCHES ,870.14,0.00883993364641409,92.70866727223012,B
RED SPOTTY PUDDING BOWL,869.23,0.008830688766718596,92.71749796099684,B
SCALLOP SHELL SOAP DISH,868.79,0.008826218714997698,92.72632417971184,B
"BROCADE PURSE,SMALL ARCH BUTTON",867.8399999999999,0.00881656746696394,92.7351407471788,B
TOXIC AREA  DOOR HANGER ,867.7099999999999,0.008815246769864584,92.74395599394867,B
WRAP COWBOYS  ,866.3,0.008800922285940798,92.75275691623462,B
PINK/WHITE CHRISTMAS TREE 60CM,866.16,0.008799499996756876,92.76155641623137,B
PINK PAISLEY ROSE GIFT WRAP,866.0,0.008797874523403823,92.77035429075478,B
LARGE STRIPES CHOCOLATE GIFT BAG,864.31,0.00878070546111219,92.77913499621589,B
BLACK METAL BAROQUE PHOTO FRAME,864.1,0.008778572027336309,92.78791356824323,B
WHITE HONEYCOMB PAPER GARLAND ,863.97,0.008777251330236952,92.79669081957347,B
WHITE STITCHED CUSHION COVER,863.88,0.00877633700147586,92.80546715657495,B
CANDLE PLATE LACE WHITE,863.19,0.008769327147640815,92.8142364837226,B
CANDY SHOP  STICKER SHEET,862.41,0.008761402965044678,92.82299788668765,B
MOODY BOY  DOOR HANGER ,860.9799999999999,0.008746875296951758,92.8317447619846,B
"FRENCH BOTTLE , LAVENDER",860.08,0.008737732009340832,92.84048249399393,B
SET OF SALT AND PEPPER TOADSTOOLS,859.11,0.008727877577137944,92.84921037157108,B
 HOME SWEET HOME  BLACKBOARD,857.24,0.008708879857324126,92.8579192514284,B
BEADED CRYSTAL HEART PINK SMALL,857.09,0.008707355976055639,92.86662660740446,B
SMALL STRIPES CHOCOLATE GIFT BAG ,856.4,0.008700346122220592,92.87532695352668,B
ELEPHANT TOY WITH BLUE T-SHIRT,854.91,0.008685208901620278,92.8840121624283,B
STAR  T-LIGHT HOLDER ,854.53,0.008681348402406776,92.89269351083071,B
SILVER SKULL HOT WATER BOTTLE ,854.23,0.008678300639869801,92.90137181147058,B
MIRROR MOSAIC T-LIGHT HOLDER ROUND,852.4,0.008659709288394248,92.91003152075898,B
ROSE SCENT CANDLE JEWELLED DRAWER,852.28,0.008658490183379457,92.91869001094236,B
SKULLS DESIGN FLANNEL,851.49,0.008650464408698754,92.92734047535106,B
PINK  POLKADOT PLATE ,850.9399999999999,0.008644876844047631,92.9359853521951,B
BLUE CHARLIE+LOLA PERSONAL DOORSIGN,850.16,0.008636952661451494,92.94462230485655,B
YULETIDE IMAGES GIFT WRAP SET,850.14,0.008636749477282362,92.95325905433383,B
PACK OF 12 STICKY BUNNIES,848.25,0.008617548573299414,92.96187660290713,B
EASTER DECORATION NATURAL CHICK,848.11,0.008616126284115492,92.97049272919124,B
KITCHEN FLOWER POTS WALL PLAQUE,847.62,0.008611148271971765,92.9791038774632,B
"ART LIGHTS,FUNK MONKEY",846.83,0.00860312249729106,92.9877069999605,B
WHITE TRAVEL ALARM CLOCK,845.9499999999999,0.008594182393849265,92.99630118235434,B
ANTIQUE EDWARDIAN DRESSER,841.7,0.008551005757908774,93.00485218811225,B
FRENCH FLORAL CUSHION COVER ,841.6899999999999,0.008550904165824207,93.01340309227808,B
CHRYSANTHEMUM POCKET BOOK ,840.98,0.008543691127820031,93.02194678340591,B
VIPPASSPORT COVER ,840.73,0.008541151325705884,93.03048793473161,B
PARTY INVITES DINOSAURS,840.73,0.008541151325705884,93.03902908605731,B
PINK 3 TIER GLASS PLATE STAND,840.45,0.008538306747338041,93.04756739280465,B
PINK POLKADOT BOWL,839.87,0.008532414406433219,93.05609980721108,B
BOTANICAL ROSE GIFT WRAP,839.8,0.008531703261841259,93.06463151047292,B
BROWN FLOWER LIGHTS,838.52,0.008518699475016829,93.07315020994794,B
LAVENDER SCENTED SET/9 T-LIGHTS,838.3499999999999,0.008516972409579207,93.08166718235752,B
3 ROSE MORRIS BOXED CANDLES,838.12,0.008514635791634194,93.09018181814915,B
INLAID WOOD INCENSE HOLDER,837.88,0.008512197581604613,93.09869401573076,B
PINK PICNIC BARBECUE BUCKET,837.77,0.008511080068674388,93.10720509579943,B
LARGE CHINESE STYLE SCISSOR,837.65,0.008509860963659598,93.11571495676309,B
CERAMIC BIRDHOUSE BLACK ROSE  LARGE,837.6,0.00850935300323677,93.12422430976632,B
POLYESTER FILLER PAD 65CMx65CM,837.25,0.008505797280276964,93.1327301070466,B
TEA TIME PAPER LANTERNS,837.02,0.008503460662331949,93.14123356770892,B
GREEN FERN NOTEBOOK,834.44,0.008477249904513956,93.14971081761344,B
PURPLE DRAWERKNOB ACRYLIC EDWARDIAN,834.44,0.008477249904513956,93.15818806751795,B
UNION FLAG WINDSOCK,834.03,0.008473084629046754,93.166661152147,B
BLUE PAISLEY POCKET BOOK,833.78,0.00847054482693261,93.17513169697393,B
ABSTRACT CIRCLES NOTEBOOK,832.66,0.008459166513461232,93.1835908634874,B
PINK AND WHITE CHRISTMAS TREE 120CM,831.1400000000001,0.008443724516607222,93.192034588004,B
EASTER BUNNIES ON A STICK,831.04,0.008442708595761562,93.20047729659977,B
WRAP GREEN PEARS ,829.5,0.00842706341473842,93.20890436001451,B
ABSTRACT CIRCLES POCKET BOOK,829.3199999999999,0.008425234757216233,93.21732959477173,B
PARTY INVITES JAZZ HEARTS,828.56,0.008417513758789226,93.22574710853051,B
FRYING PAN RED RETROSPOT,825.69,0.008388356830518825,93.23413546536104,B
CERAMIC BIRDHOUSE BUTTERFLY LARGE,824.95,0.008380839016260952,93.24251630437729,B
BOX OF 6 ASSORTED COLOUR TEASPOONS,823.84,0.00836956229487414,93.25088586667216,B
SMALL REGAL  SILVER CANDLEPOT ,823.6300000000001,0.008367428861098258,93.25925329553326,B
BLUE POLKADOT WRAP,822.5,0.008355948955542314,93.2676092444888,B
SET/3 CHRISTMAS DECOUPAGE CANDLES,818.52,0.008315515305885101,93.27592475979468,B
FELT FARM ANIMAL CHICKEN,818.43,0.008314600977124007,93.2842393607718,B
MAGNETS PACK OF 4 RETRO PHOTO,817.98,0.008310029333318543,93.29254939010512,B
FAIRY CAKE CERAMIC BUTTER DISH,817.6,0.008306168834105041,93.30085555893923,B
MINI JIGSAW BUNNIES,816.84,0.008298447835678036,93.30915400677492,B
SNOWSTORM PHOTO FRAME FRIDGE MAGNET,816.74,0.008297431914832377,93.31745143868974,B
SOLDIERS EGG CUP ,815.41,0.008283920167585116,93.32573535885733,B
RED/CREAM STRIPE CUSHION COVER ,815.37,0.008283513799246852,93.33401887265657,B
FROG CANDLE,815.01,0.00827985648420248,93.34229872914078,B
CARAVAN SQUARE TISSUE BOX,813.64,0.008265938368616959,93.3505646675094,B
WOOD STAMP SET HAPPY BIRTHDAY,812.88,0.008258217370189953,93.35882288487959,B
SHAKER THROW  QUILTED,811.8,0.008247245425056839,93.36707013030464,B
WHITE WITH BLACK CATS PLATE,810.6999999999999,0.008236070295754594,93.37530620060039,B
KITTENS DESIGN FLANNEL,809.0999999999999,0.008219815562224056,93.38352601616262,B
ENVELOPE 50 BLOSSOM IMAGES,807.0999999999999,0.008199497145310881,93.39172551330793,B
VINTAGE RED MUG,806.22,0.008190557041869087,93.3999160703498,B
ZINC POLICE BOX LANTERN,806.22,0.008190557041869087,93.40810662739167,B
ORANGE SCENTED SET/9 T-LIGHTS,802.79,0.008155710956862995,93.41626233834853,B
FIRST CLASS PASSPORT COVER ,802.26,0.008150326576381005,93.42441266492492,B
RED REINDEER STRING OF 20 LIGHTS,801.4,0.008141589657108341,93.43255425458203,B
BLUE POLKADOT PLATE ,799.74,0.008124725371070408,93.4406789799531,B
ANTIQUE CREAM CUTLERY SHELF ,798.84,0.00811558208345948,93.44879456203657,B
GREEN FERN POCKET BOOK,798.01,0.008107149940440513,93.45690171197701,B
SMALL LICORICE DES PINK BOWL,796.42,0.00809099679899454,93.46499270877601,B
CERAMIC STRAWBERRY TRINKET TRAY,796.2,0.008088761773134091,93.47308147054915,B
SKULL LUNCHBOX WITH CUTLERY ,796.12,0.008087949036457565,93.4811694195856,B
CERAMIC LOVE HEARTS DESIGN MUG,795.72,0.008083885353074931,93.48925330493867,B
FLOOR LAMP SHADE WOOD BASE,794.73,0.00807382773670291,93.49732713267538,B
DEEP BLUE GLASS GEMS IN BAG,794.4599999999999,0.00807108475041963,93.5053982174258,B
SET OF 4 FAIRY CAKE PLACEMATS ,794.41,0.008070576789996802,93.5134687942158,B
T-LIGHT HOLDER SWEETHEART HANGING,794.34,0.008069865645404841,93.5215386598612,B
MIRROR MOSAIC VOTIVE HOLDER,794.11,0.008067529027459826,93.52960618888866,B
WHITE NEWBAROQUE CANDLESTICK CANDLE,793.34,0.008059706436948255,93.53766589532562,B
COSY SLIPPER SHOES SMALL GREEN,793.0200000000001,0.008056455490242148,93.54572235081586,B
WOVEN ROSE GARDEN CUSHION COVER ,792.61,0.008052290214774946,93.55377464103064,B
DECORATIVE NET CANOPY CREAM,792.0699999999999,0.008046804242208388,93.56182144527286,B
CUSHION COVER PINK UNION FLAG,792.0600000000001,0.008046702650123824,93.56986814792297,B
SPOTS MUG,790.6999999999999,0.008032886126622866,93.5779010340496,B
GREEN CAT FLORAL CUSHION COVER ,790.05,0.008026282641126085,93.58592731669073,B
RETRO SPOT CANDLE  LARGE,789.26,0.008018256866445382,93.59394557355718,B
ENVELOPE 50 ROMANTIC IMAGES,786.2199999999999,0.007987372872737358,93.60193294642991,B
BEADED PEARL HEART WHITE ON STICK,785.4,0.007979042321802958,93.60991198875172,B
SWEETIES  STICKERS,785.18,0.007976807295942509,93.61788879604767,B
DOOR MAT NEIGHBOURHOOD WITCH ,783.87,0.007963498732864381,93.62585229478053,B
SMALL MEDINA STAMPED METAL BOWL ,783.64,0.007961162114919366,93.63381345689545,B
BIRTHDAY BANQUET GIFT WRAP,783.3,0.007957707984044127,93.6417711648795,B
DECORATIVE ROSE BATHROOM BOTTLE,782.8199999999999,0.007952831563984965,93.64972399644348,B
URBAN CHIC CHOPSTICKS SET/5,782.18,0.00794632967057275,93.65767032611406,B
12 PENCILS TALL TUBE POSY,781.6899999999999,0.007941351658429022,93.66561167777249,B
PINK HEART SHAPE PHOTO FRAME,781.62,0.007940640513837062,93.67355231828633,B
APRON MODERN VINTAGE COTTON,781.1700000000001,0.007936068870031598,93.68148838715636,B
MOROCCAN BEATEN METAL DISH LARGE,780.94,0.007933732252086583,93.68942211940845,B
FAIRY CAKE NOTEBOOK A5 SIZE,780.5,0.007929262200365685,93.69735138160881,B
GLASS SPHERE CANDLE STAND MEDIUM,780.34,0.007927636727012632,93.70527901833583,B
CRAZY DAISY HEART DECORATION,779.0500000000001,0.007914531348103635,93.71319354968394,B
FUNKY MONKEY MUG,778.64,0.007910366072636435,93.72110391575657,B
BROWN FURRY HOT WATER BOTTLE,773.97,0.007862922569144178,93.72896683832572,B
WHITE SOAP RACK WITH 2 BOTTLES,773.16,0.007854693610294342,93.73682153193602,B
PINK POLKADOT WRAP ,773.0,0.007853068136941288,93.74467460007295,B
MINI JIGSAW BAKE A CAKE ,772.97,0.00785276336068759,93.75252736343364,B
METAL SIGN CUPCAKE SINGLE HOOK,772.72,0.007850223558573443,93.76037758699222,B
SMALL KITCHEN FLOWER POTS PLAQUE,770.05,0.007823098471994357,93.76820068546421,B
CAKE STAND VICTORIAN FILIGREE SMALL,769.5500000000001,0.007818018867766065,93.77601870433197,B
IVORY HANGING BIRD PLANTER ,768.8499999999999,0.0078109074218464525,93.78382961175382,B
SET/4 RED MINI ROSE CANDLE IN BOWL,768.03,0.007802576870912053,93.79163218862473,B
CERAMIC BIRDHOUSE RED ROOF LARGE,767.75,0.007799732292544209,93.79943192091727,B
SUNFLOWER DECORATIVE PARASOL,767.65,0.007798716371698549,93.80723063728897,B
FLOWER FAIRY OIL BURNER SET ROSE,767.0,0.0077921128862017686,93.81502275017517,B
SKULLS STORAGE BOX SMALL,766.5799999999999,0.007787846018650002,93.82281059619382,B
SET/4 BADGES BALLOON GIRL,766.48,0.007786830097804344,93.83059742629162,B
PINK BUTTERFLY WASHBAG,765.93,0.007781242533153221,93.83837866882477,B
PSYCHEDELIC WALL THERMOMETER,765.73,0.007779210691461905,93.84615787951624,B
FRUIT TREE AND BIRDS WALL PLAQUE,765.58,0.0077776868101934165,93.85393556632643,B
RED DAISY POCKET BOOK ,765.11,0.007772911982218821,93.86170847830864,B
PINK BUTTERFLY CUSHION COVER ,763.61,0.007757673169533941,93.86946615147818,B
PINK PAINTED KASHMIRI CHAIR,763.35,0.007755031775335229,93.87722118325351,B
ENAMEL PINK SUGAR CONTAINER,762.97,0.007751171276121726,93.88497235452964,B
MINI FUNKY DESIGN TAPES,761.66,0.007737862713043598,93.89271021724268,B
MINI PAINT SET VINTAGE  BOY+ GIRL,761.4,0.007735221318844884,93.90044543856152,B
GREEN PICNIC BARBECUE BUCKET,761.25,0.007733697437576397,93.90817913599909,B
RED RETROSPOT CUP,760.79,0.007729024201686367,93.91590816020077,B
SET/3 POT PLANT CANDLES,760.61,0.007727195544164182,93.92363535574493,B
FRENCH STYLE EMBOSSED HEART CABINET,759.91,0.00772008409824457,93.93135543984317,B
SMALL ROUND CUT GLASS CANDLESTICK,759.8,0.007718966585314346,93.93907440642849,B
PINK ROSE FABRIC MIRROR,759.73,0.007718255440722386,93.94679266186921,B
CARD BIRTHDAY COWBOY,759.0,0.007710839218549079,93.95450350108776,B
DANISH ROSE BEDSIDE CABINET,759.0,0.007710839218549079,93.9622143403063,B
MAXWELL 2 TONE BLUE 60 PAGE PHOTO A,757.17,0.007692247867073524,93.96990658817337,B
RED RETROSPOT PLATE ,756.49,0.007685339605323046,93.97759192777869,B
EDWARDIAN 2 DRAWER WALL CABINET ,755.8,0.007678329751488,93.98527025753017,B
WRAP CHRISTMAS SCREEN PRINT,755.75,0.007677821791065172,93.99294807932124,B
PACK 6 HEART/ICE-CREAM PATCHES,755.69,0.007677212238557778,94.0006252915598,B
BLUE CALCULATOR RULER,755.1,0.007671218305568391,94.00829650986537,B
FAIRY CAKE WICKER PICNIC BASKET ,753.77,0.00765770655832113,94.0159542164237,B
LARGE YELLOW BABUSHKA NOTEBOOK ,753.2,0.0076519158095008765,94.0236061322332,B
MULTI HEARTS  STICKERS,751.7199999999999,0.0076368801809851275,94.03124301241418,B
ASS COL LARGE SAND GECKO P'WEIGHT,751.68,0.007636473812646864,94.03887948622683,B
GREEN ROSE QUILT ,750.48,0.007624282762498961,94.04650376898933,B
PINK ROUND BUTTERFLY MIRROR ,748.48,0.007603964345585789,94.05410773333492,B
PAPERWEIGHT VINTAGE COLLAGE,747.79,0.007596954491750744,94.06170468782666,B
"TUMBLER, NEW ENGLAND",745.48,0.007573486720216029,94.06927817454688,B
BLUE POLKADOT KIDS BAG,745.2099999999999,0.00757074373393275,94.07684891828082,B
RETRO SPOT CANDLE  SMALL,744.75,0.007566070498042722,94.08441498877886,B
 PAINT YOUR OWN CANVAS SET,744.5999999999999,0.007564546616774233,94.09197953539564,B
S/4 BLACK DINNER CANDLE SILVER FLOC,743.26,0.007550933277442408,94.09953046867308,B
POCKET BAG PINK PAISELY BROWN SPOT,742.9,0.007547275962398036,94.10707774463548,B
"FRENCH BLUE METAL DOOR SIGN, 1",742.67,0.007544939344453021,94.11462268397993,B
FRENCH EMROIDR LAVENDER SCENT HEART,741.6,0.0075340689914044755,94.12215675297134,B
BLUE POLKADOT BOWL,740.1,0.007518830178719595,94.12967558315006,B
EGG CUP NATURAL CHICKEN,738.72,0.007504810471049506,94.13718039362111,B
HANGING SPRING FLOWER EGG LARGE,737.74,0.007494854446762051,94.14467524806787,B
PINK YELLOW PATCH CUSHION COVER,735.9000000000001,0.007476161503201933,94.15215140957108,B
BLUE GINGHAM ROSE CUSHION COVER,734.71,0.007464072045138595,94.15961548161621,B
MIRRORED WALL ART PHOTO FRAMES,733.4,0.007450763482060465,94.16706624509827,B
S/2 BEACH HUT TREASURE CHESTS,732.95,0.007446191838255002,94.17451243693652,B
FRENCH ENAMEL CANDLEHOLDER,732.73,0.007443956812394553,94.18195639374892,B
FLYING PIG WATERING CAN,732.59,0.007442534523210631,94.18939892827213,B
VINTAGE BEAD PINK SHADE ,731.99,0.007436438998136678,94.19683536727027,B
Adjustment by Peter on Jun 25 2010 ,731.0500000000001,0.007426889342187488,94.20426225661245,B
VINTAGE PHOTO ALBUM PARIS DAYS,731.02,0.00742658456593379,94.21168884117839,B
HANGING BAUBLE T-LIGHT HOLDER LARGE,730.3900000000001,0.007420184264606142,94.21910902544299,B
ASS FLORAL PRINT TORCH,729.9499999999999,0.007415714212885242,94.22652473965587,B
MAGAZINE RACK GEBRA ASSORTED ,729.61,0.007412260082010003,94.23393699973788,B
SET OF SKULL WALL STICKERS,729.08,0.007406875701528013,94.24134387543941,B
S/4 PURPLE DINNER CANDLE BLK FLOCK,728.6700000000001,0.007402710426060812,94.24874658586548,B
GLITTER CHRISTMAS TREE,728.3299999999999,0.007399256295185572,94.25614584216066,B
OLIVE CHALET BIRDFEEDER,727.9300000000001,0.007395192611802939,94.26354103477247,B
WHITE GLASS CHUNKY CHARM BRACELET,727.77,0.0073935671384498846,94.27093460191092,B
NOEL GARLAND PAINTED ZINC ,727.2,0.00738777638962963,94.27832237830056,B
FLUTED ANTIQUE CANDLE HOLDER,726.9699999999999,0.0073854397716846135,94.28570781807224,B
CAMOUFLAGE EAR MUFF HEADPHONES,726.38,0.007379445838695229,94.29308726391093,B
BLUE  SPOTTY PUDDING BOWL,723.5500000000001,0.007350695278763091,94.3004379591897,B
CHRISTMAS TREE PAINTED ZINC ,723.54,0.007350593686678524,94.30778855287637,B
LARGE HEART FLOWERS HOOK   ,723.51,0.007350288910424826,94.3151388417868,B
MIRROR MOSAIC HURRICANE LAMP ,721.96,0.007334542137317117,94.32247338392412,B
VINTAGE KEEPSAKE BOX PINK FLOWER,721.45,0.007329360941004259,94.32980274486512,B
BEACH HUT PHOTO FRAME,720.6999999999999,0.007321741534661818,94.33712448639979,B
T-LIGHT HOLDER WHITE LACE,719.5,0.007309550484513916,94.3444340368843,B
"DECORATION , WOBBLY CHICKEN, METAL ",718.89,0.007303353367355397,94.35173739025166,B
MAGIC DRAWING SLATE LEAP FROG ,718.4,0.007298375355211669,94.35903576560686,B
FOLKART BAUBLE CHRISTMAS DECORATION,717.99,0.0072942100797444695,94.36632997568661,B
BLUE JUICY FRUIT PHOTO FRAME,717.79,0.007292178238053151,94.37362215392466,B
RIDGED GLASS STORAGE JAR CREAM LID,714.6,0.007259770363076641,94.38088192428773,B
SET/20 COLLAGE PAPER NAPKIN ,714.55,0.007259262402653811,94.38814118669039,B
ZINC HEART LATTICE PLANTER BOWL,713.8000000000001,0.007251642996311373,94.3953928296867,B
PAINTED BIRD ASSORTED CHRISTMAS,712.9100000000001,0.007242601300785011,94.40263543098749,B
CUPID DESIGN SCENTED CANDLES,708.21,0.007194853021039055,94.40983028400852,B
200 BENDY SKULL STRAWS,707.95,0.007192211626840343,94.41702249563536,B
WOVEN BERRIES CUSHION COVER ,706.4,0.007176464853732633,94.4241989604891,B
LOUVRE VANITY MIRROR,705.9,0.00717138524950434,94.4313703457386,B
BEACH HUT SHELF W 3 DRAWERS,703.63,0.007148323846307889,94.43851866958491,B
CANDY BUTTON PHOTO ALBUM,703.54,0.007147409517546796,94.44566607910245,B
FAIRY CAKES NOTEBOOK A7 SIZE,702.25,0.007134304138637799,94.45280038324108,B
TABLE LAMP WHITE SHADE WOOD BASE,702.0699999999999,0.007132475481115614,94.4599328587222,B
GOLD STANDING GNOME,700.84,0.007119979654714013,94.46705283837692,B
GLITTER CHRISTMAS TREE WITH BELLS,700.76,0.007119166918037485,94.47417200529495,B
GINGHAM ROSE WRAP,698.8,0.007099254869462576,94.4812712601644,B
RED HEART LUGGAGE TAG,698.36,0.007094784817741678,94.48836604498214,B
COSY SLIPPER SHOES LARGE RED,698.0100000000001,0.007091229094781873,94.49545727407693,B
DAISY NOTEBOOK ,698.01,0.007091229094781873,94.50254850317171,B
ENVELOPE 50 CURIOUS IMAGES,697.75,0.00708858770058316,94.50963709087229,B
FLAG OF ST GEORGE ,697.43,0.007085336753877053,94.51672242762616,B
STRAWBERRY SCENTED SET/9 T-LIGHTS,696.89,0.007079850781310496,94.52380227840747,B
DINOSAUR BIRTHDAY CARD,695.11,0.007061767390257772,94.53086404579773,B
DOORSTOP RACING CAR DESIGN,694.08,0.007051303405547489,94.53791534920327,B
"RETRO ""TEA FOR ONE"" ",694.01,0.007050592260955528,94.54496594146423,B
FLOWER FAIRY OIL BURNER SET SUMMER,693.25,0.007042871262528522,94.55200881272675,B
HELLO SAILOR BATHROOM SET,691.65,0.007026616528997983,94.55903542925576,B
PINK PATCH PENCIL CASE BLUE HEART,691.1400000000001,0.0070214353326851255,94.56605686458845,B
S/3 FLWR FAIRY LILLY CANDLES,690.24,0.007012292045074197,94.57306915663352,B
CHRISTMAS MUSICAL ZINC TREE,689.9,0.007008837914198957,94.58007799454772,B
METAL DECORATION NAUGHTY CHILDREN ,689.4799999999999,0.007004571046647191,94.58708256559437,B
PACK/12 XMAS FUN CARD,688.8100000000001,0.00699776437698128,94.59408032997135,B
YELLOW SHARK HELICOPTER,688.7,0.006996646864051054,94.6010769768354,B
JIGSAW TOADSTOOLS 3 PIECE,688.13,0.006990856115230799,94.60806783295064,B
FRENCH GARDEN SIGN BLUE METAL,687.69,0.006986386063509903,94.61505421901416,B
SET OF 6 ICE CREAM SKITTLES,687.69,0.006986386063509903,94.62204060507767,B
BLUE SWEETHEART BRACELET,684.41,0.006953063859772298,94.62899366893744,B
MINI JIGSAW PURDEY,683.68,0.006945647637598989,94.63593931657503,B
PURPLE GREEN FLOWER PIGGY BANK,682.99,0.006938637783763946,94.6428779543588,B
"BREAD BIN, DINER STYLE, IVORY",682.7499999999999,0.006936199573734364,94.64981415393252,B
CUPBOARD 3 DRAWER MA CAMPAGNE,682.0699999999999,0.0069292913119838855,94.65674344524452,B
PINK NEW BAROQUECANDLESTICK CANDLE,682.01,0.006928681759476491,94.66367212700399,B
PINK SWEETHEART BRACELET,680.9,0.0069174050380896804,94.67058953204209,B
RIDGED GLASS PENDANT LAMPSHADE,680.8499999999999,0.0069168970776668495,94.67750642911976,B
VINTAGE SHELLS PRINT,680.46,0.006912934986368782,94.68441936410613,B
BLUE TV TRAY TABLE ,679.39,0.006902064633320234,94.69132142873946,B
SMALL SQUARE CUT GLASS CANDLESTICK,678.9200000000001,0.006897289805345639,94.69821871854481,B
BUNNY WOODEN PAINTED WITH BIRD ,678.8199999999999,0.00689627388449998,94.7051149924293,B
FAUX FUR CHOCOLATE THROW,678.36,0.00689160064860995,94.71200659307792,B
PARTY PIZZA DISH RED RETROSPOT,678.34,0.006891397464440819,94.71889799054236,B
HIPPY CHIC DECORATIVE PARASOL,675.74,0.006864983522453694,94.7257629740648,B
MR ROBOT SOFT TOY,673.72,0.006844461921371389,94.73260743598618,B
SET OF PICTURE FRAME  STICKERS,670.1800000000001,0.006808498323435074,94.73941593430962,B
ROBIN CHRISTMAS CARD,669.73,0.0068039266796296105,94.74621986098924,B
RED ORGANIC CANDLE IN GLASS,669.62,0.006802809166699385,94.75302267015594,B
RED CHARLIE+LOLA PERSONAL DOORSIGN,668.34,0.006789805379874955,94.75981247553582,B
BLUE ROSE FABRIC MIRROR,667.99,0.006786249656915148,94.76659872519274,B
SMALL PINK MAGIC CHRISTMAS TREE,667.6899999999999,0.006783201894378173,94.77338192708712,B
FLOWER FAIRY SET 3 CANDLES LAVENDER,666.85,0.0067746681592746405,94.7801565952464,B
JARDIN ETCHED GLASS FRUITBOWL,666.5,0.006771112436314836,94.78692770768271,B
SET OF RED SALAD SERVERS ,664.73,0.0067531306373466785,94.79368083832006,B
FLOWERS  STICKERS,664.51,0.006750895611486228,94.80043173393155,B
HOLLY TOP CHRISTMAS STOCKING,664.4,0.006749778098556004,94.8071815120301,B
PEG BAG APPLE DESIGN,664.35,0.006749270138133175,94.81393078216823,B
LARGE  TALL CAMPHOR WOOD TOADSTOOL ,662.55,0.0067309835629113185,94.82066176573115,B
LUNCHBAG SUKI  DESIGN ,661.63,0.00672163709113126,94.82738340282228,B
ASSORTED LAQUERED INCENSE HOLDERS,661.5400000000001,0.006720722762370167,94.83410412558464,B
FLOWER FAIRY INCENSE ROSE,661.23,0.006717573407748625,94.8408216989924,B
BIRD DECORATION GREEN  SPOT,660.62,0.006711376290590107,94.847533075283,B
PING MICROWAVE APRON,660.62,0.006711376290590107,94.85424445157359,B
VINTAGE WOODEN PLATE RACK,659.1500000000001,0.006696442254158926,94.86094089382775,B
RECYCLED PENCIL WITH RABBIT ERASER,659.1,0.006695934293736097,94.86763682812148,B
BLUE SPOTTY LUGGAGE TAG ,657.9,0.006683743243588193,94.87432057136506,B
DECORATION  BUTTERFLY  MAGIC GARDEN,656.99,0.006674498363892699,94.88099506972895,B
SET OF 36 SILVER PAPER DOILIES,656.9399999999999,0.006673990403469869,94.88766906013242,B
CERAMIC PLATE LOVE HEART DESIGN,656.87,0.0066732792588779085,94.8943423393913,B
PINK  POLKADOT CUP,656.76,0.006672161745947685,94.90101450113725,B
STRING OF STARS CARD HOLDER,656.6100000000001,0.006670637864679197,94.90768513900193,B
"FRENCH BLUE METAL DOOR SIGN, 2",656.41,0.006668606022987879,94.91435374502491,B
MINI CAKE STAND HANGING HEARTS,655.01,0.006654383131148659,94.92100812815606,B
JIGSAW TREE WITH WATERING CAN,654.01,0.0066442239226920715,94.92765235207875,B
ASS COL LARGE SAND FROG P'WEIGHT,653.97,0.006643817554353808,94.9342961696331,B
PINK PILLAR CANDLE SILVER FLOCK,653.63,0.006640363423478568,94.94093653305657,B
ESSENTIAL BALM 3.5g TIN IN ENVELOPE,652.97,0.006633658345897221,94.94757019140246,B
SET/4 2 TONE EGG SHAPE MIXING BOWLS,651.05,0.006614152665660575,94.95418434406812,B
SET OF 16 VINTAGE SKY BLUE CUTLERY,650.15,0.006605009378049647,94.96078935344617,B
POSY SHOPPER BAG,649.8199999999999,0.006601656839258974,94.96739101028544,B
GINGHAM HEART WREATH,647.7500000000001,0.006580627277753842,94.9739716375632,B
VICTORIAN METAL POSTCARD CHRISTMAS,646.4399999999999,0.006567318714675713,94.98053895627787,B
SET OF 3 PINK FLYING DUCKS,646.24,0.006565286872984395,94.98710424315085,B
PINK BREAKFAST CUP AND SAUCER ,646.22,0.006565083688815263,94.99366932683967,B
SMALL GLASS SUNDAE DISH CLEAR,645.58,0.006558581795403048,95.00022790863507,C
JARDIN ETCHED GLASS LARGE BELL JAR,645.3,0.006555737217035204,95.00678364585211,C
"FRENCH BLUE METAL DOOR SIGN, 3",645.15,0.006554213335766715,95.01333785918787,C
NEW ENGLAND TEATOWELS,644.88,0.006551470349483438,95.01988932953735,C
DANISH ROSE UMBRELLA STAND,644.55,0.006548117810692764,95.02643744734804,C
TUB 24 PINK FLOWER PEGS,643.24,0.006534809247614635,95.03297225659566,C
CIRCLE OF FRIENDS CANDLE HOLDER,642.66,0.006528916906709816,95.03950117350236,C
JASMINE VOTIVE CANDLE,642.3199999999999,0.006525462775834576,95.0460266362782,C
LA PALMIERA WALL THERMOMETER,641.75,0.006519672027014323,95.05254630830521,C
WOVEN BUBBLE GUM CUSHION COVER,639.7,0.00649884564967832,95.05904515395488,C
PACK OF 20 FAIRY CAKE PAPER NAPKINS,639.47,0.006496509031733305,95.06554166298662,C
BLUE  DIAMANTE PEN IN GIFT BOX,639.07,0.0064924453483506716,95.07203410833498,C
TRIANGULAR RIDGED GLASS POSY HOLDER,638.8,0.0064897023620673925,95.07852381069705,C
NEW BAROQUE IVORY CUSHION COVER ,638.34,0.006485029126177363,95.08500883982323,C
LADLE LOVE HEART RED ,638.15,0.006483098876570611,95.0914919386998,C
DIAMANTE BOW BROOCH BLACK COLOUR,638.07,0.0064822861398940845,95.0979742248397,C
"STRING OF 8 BUTTERFLIES,PINK",636.62,0.006467555287632034,95.10444178012733,C
MONEY BOX CONFECTIONERY DESIGN,636.23,0.006463593196333965,95.11090537332366,C
ASS COL SMALL SAND GECKO P'WEIGHT,636.06,0.006461866130896345,95.11736723945455,C
MOTORING TISSUE BOX,635.25,0.0064536371720465115,95.1238208766266,C
PAPERWEIGHT SAVE THE PLANET,634.57,0.006446728910296033,95.13026760553689,C
FRENCH CHATEAU LARGE FRUIT BOWL ,634.51,0.0064461193577886365,95.13671372489468,C
BLACK CHAMPAGNE GLASS,634.08,0.0064417508981523056,95.14315547579282,C
SET OF 3 BIRD LIGHT PINK FEATHER ,632.81,0.0064288487034124394,95.14958432449623,C
MIRROR MOSAIC CANDLE PLATE,631.01,0.006410562128190584,95.15599488662443,C
PINK PAINTED KASHMIRI TABLE,630.0,0.006400301327649432,95.16239518795207,C
3 TRADITIONAl BISCUIT CUTTERS  SET,629.74,0.0063976599334507195,95.16879284788553,C
DECORATIVE FLORE BATHROOM BOTTLE,629.51,0.0063953233155057045,95.17518817120103,C
SET OF 3 CHRISTMAS BRIAR CANDLES,626.39,0.006363626585121155,95.18155179778616,C
WRAP BLUE RUSSIAN FOLKART,626.25,0.006362204295937233,95.1879140020821,C
PARTY INVITES FOOTBALL,625.4599999999999,0.0063541785212565295,95.19426818060336,C
S/5 MINI ICE CREAM FRIDGE MAGNETS,625.1999999999999,0.0063515371270578165,95.20061971773042,C
BUBBLE GUM SCARF KNITTING KIT,624.21,0.006341479510685797,95.2069611972411,C
"DECORATION , HANGING METAL CHICKEN",623.96,0.006338939708571651,95.21330013694967,C
TROPICAL LUGGAGE TAG,621.81,0.006317097410389988,95.21961723436006,C
DECORATION WHITE CHICK MAGIC GARDEN,621.8,0.006316995818305422,95.22593423017837,C
PINK CAT FLORAL CUSHION COVER ,620.52,0.006303992031480994,95.23223822220984,C
TURQ ICE CREAM BUM BAG ,619.84,0.006297083769730515,95.23853530597957,C
DOLLY HONEYCOMB GARLAND,619.67,0.006295356704292895,95.24483066268387,C
"WRAP, FRIENDSHIP ON GREEN",619.5,0.0062936296388552745,95.25112429232273,C
CANDY SPOT EGG WARMER HARE,618.54,0.006283876798736951,95.25740816912146,C
EASTER DECORATION EGG BUNNY ,618.3,0.0062814385887073705,95.26368960771016,C
SET/4 SCENTED CANDLES IN RAMEKINS,615.84,0.006256446935904168,95.26994605464607,C
SMALL ORIENTAL BLUE FOLDING STOOL,615.4,0.00625197688418327,95.27619803153026,C
SET/4 BUTTERFLY MIRROR MAGNETS,615.07,0.006248624345392598,95.28244665587565,C
SWEETHEART WIRE MAGAZINE RACK,614.34,0.00624120812321929,95.28868786399886,C
RETRO SISTERS EXPRESSO CUPS,614.1,0.006238769913189708,95.29492663391206,C
CHUNKY SILVER NECKLACE PASTEL FLOWE,613.4399999999999,0.006232064835608361,95.30115869874767,C
SET OF 3 WICKER BASKET ROSE,612.8199999999999,0.006225766126365277,95.30738446487403,C
VINTAGE PINK DECORATIVE PARASOL,611.97,0.00621713079917718,95.3136015956732,C
FLYING SAUCER TABLE LIGHT IN WHITE,611.51,0.006212457563287149,95.3198140532365,C
IVORY LOVE BIRD CANDLE,610.3100000000001,0.006200266513139246,95.32601431974963,C
BLUE COAT RACK PARIS FASHION,610.1899999999999,0.006199047408124455,95.33221336715776,C
"FRENCH BLUE METAL DOOR SIGN, 5",610.11,0.006198234671447929,95.33841160182921,C
PACK OF 12 RED RETROSPOT TISSUES ,609.9999999999999,0.006197117158517703,95.34460871898773,C
LOO ROLL  METAL SIGN ,607.96,0.006176392373266268,95.35078511136099,C
JIGSAW RABBIT AND BIRDHOUSE,607.92,0.006175986004928003,95.35696109736593,C
PINK  HEART CONFETTI IN TUBE,607.37,0.0061703984402768815,95.3631314958062,C
MAGIC DRAWING SLATE GO TO THE FAIR ,606.26,0.006159121718890071,95.3692906175251,C
RATTLE SNAKE EGGS,605.83,0.006154753259253739,95.37544537078435,C
BLUE POLKADOT CUP,605.49,0.0061512991283785,95.38159666991272,C
FRENCH CHATEAU SMALL FRUITBOWL,605.22,0.006148556142095222,95.38774522605482,C
YELLOW DRAGONFLY HELICOPTER,603.54,0.006131488671888155,95.3938767147267,C
PARTY INVITES BALLOON GIRL,603.4599999999999,0.006130675935211629,95.40000739066191,C
RED DRAGONFLY HELICOPTER,603.45,0.006130574343127065,95.40613796500504,C
ORANGE FLOWER MUG ,603.4499999999999,0.006130574343127063,95.41226853934818,C
SMALL GREEN PEONY FOLDING STOOL,602.6,0.006121939015938964,95.41839047836412,C
BLUE PATCH PENCIL CASE PINK HEART,601.53,0.006111068662890417,95.424501547027,C
DAISY JOURNAL ,601.45,0.0061102559262138905,95.43061180295322,C
4 VANILLA BOTANICAL CANDLES,600.24,0.006097963283981421,95.4367097662372,C
BLACK TEA TOWEL CLASSIC DESIGN,598.76,0.006082927655465673,95.44279269389267,C
FROG SOCK PUPPET,597.7600000000001,0.006072768447009087,95.44886546233968,C
12 MINI TOADSTOOL PEGS,597.56,0.006070736605317768,95.454936198945,C
CLASSICAL ROSE DISH,596.94,0.0060644378960746865,95.46100063684108,C
IF YOU CAN'T STAND THE HEAT MUG,596.57,0.00606067898894575,95.46706131583002,C
"FRENCH BLUE METAL DOOR SIGN, 4",596.34,0.006058342371000734,95.47311965820103,C
MIRRORED DOVE WALL DECORATION,595.62,0.006051027740911991,95.47917068594194,C
NIGHTINGALE COATHOOK WHITE,594.3199999999999,0.006037820769918429,95.48520850671186,C
BLUE NEW BAROQUE CANDLESTICK CANDLE,593.96,0.006034163454874058,95.49124267016673,C
RED HEARTS LIGHT CHAIN ,593.76,0.006032131613182741,95.49727480177991,C
ZINC HEART LATTICE DOUBLE PLANTER,593.03,0.006024715391009432,95.50329951717092,C
2 PICTURE BOOK EGGS EASTER BUNNY,592.7,0.00602136285221876,95.50932088002314,C
CHRISTMAS TREE T-LIGHT HOLDER,592.39,0.0060182134975972175,95.51533909352074,C
PINK METAL SWINGING BUNNY,592.18,0.006016080063821334,95.52135517358455,C
POLKA DOT PISTACHIO PAIL,591.6600000000001,0.00601079727542391,95.52736597085998,C
ARCHED GREY MIRROR,591.58,0.006009984538747383,95.53337595539872,C
GLASS SPHERE CANDLE STAND LARGE ,590.45,0.00599850463319144,95.53937446003192,C
HAWAIIAN GRASS SKIRT ,589.9200000000001,0.00599312025270945,95.54536758028463,C
BLUE SPOTTY PURSE ,589.9000000000001,0.005992917068540319,95.55136049735317,C
MOROCCAN BEATEN METAL DISH,589.73,0.005991190003102697,95.55735168735627,C
BLUE DRAWER KNOB ACRYLIC EDWARDIAN,589.2,0.005985805622620708,95.56333749297889,C
"FRENCH BOTTLE, BRASSERIE DES ARTIST",588.64,0.005980116465885019,95.56931760944477,C
RETRO PLASTIC POLKA TRAY,588.55,0.005979202137123925,95.5752968115819,C
VINTAGE NOTEBOOK TRAVELOGUE,588.19,0.005975544822079556,95.58127235640397,C
CLAM SHELL LARGE,588.0600000000002,0.0059742241249802,95.58724658052896,C
POTTING SHED SEED TIN,587.8,0.005971582730781485,95.59321816325973,C
VINTAGE BEAD NOTEBOOK,587.73,0.005970871586189525,95.59918903484592,C
FLORAL BLUE MONSTER,587.58,0.005969347704921037,95.60515838255084,C
PING! MICROWAVE PLATE,587.17,0.0059651824294538365,95.61112356498029,C
SET/4 BADGES WOODLAND ANIMAL,587.08,0.005964268100692744,95.61708783308099,C
ASSTD DESIGN POP ART SLIM PEN,586.5,0.005958375759787924,95.62304620884078,C
"FRENCH BLUE METAL DOOR SIGN, 8",586.36,0.005956953470604002,95.62900316231138,C
WRAP FOLK ART,585.25,0.0059456767492171905,95.6349488390606,C
JAM JAR WITH PINK LID,583.9399999999999,0.005932368186139062,95.64088120724674,C
PACK 4 FLOWER/BUTTERFLY PATCHES,583.68,0.005929726791940349,95.64681093403867,C
HILDA CANDY SPOT RABBIT,582.93,0.00592210738559791,95.65273304142427,C
LIGHT BIRD HOUSE TREE DECORATION,582.85,0.005921294648921383,95.6586543360732,C
CANDY SPOT TEA COSY,582.52,0.005917942110130709,95.66457227818333,C
PAPER POCKET TRAVELING FAN ,582.4300000000001,0.0059170277813696175,95.6704893059647,C
POLKADOT RAIN HAT ,581.68,0.0059094083750271765,95.67639871433973,C
FENG SHUI PILLAR CANDLE,581.5899999999999,0.005908494046266084,95.68230720838599,C
CERAMIC BIRDHOUSE FINCH BLUE  LARGE,581.27,0.005905243099559977,95.68821245148555,C
SMALL FOLKART STAR CHRISTMAS DEC,581.07,0.00590321125786866,95.69411566274343,C
HOT WATER BOTTLE BABUSHKA LARGE,580.8,0.005900468271585381,95.70001613101502,C
BLACK AND WHITE DOG BOWL,579.7800000000001,0.005890105878959664,95.70590623689398,C
GLASS CHICKEN BUTTER DISH,579.3100000000001,0.005885331050985068,95.71179156794497,C
TROPICAL PASSPORT COVER ,578.98,0.005881978512194394,95.71767354645716,C
CONCH SHELL,577.6899999999999,0.005868873133285397,95.72354241959044,C
"FRENCH BLUE METAL DOOR SIGN, 0",577.51,0.005867044475763212,95.72940946406621,C
ROSE 1 WICK MORRIS BOXED CANDLE,574.91,0.005840630533776087,95.73525009459999,C
SMALL ORIENTAL RED FOLDING STOOL,574.71,0.00583859869208477,95.74108869329207,C
SET OF 4 NAPKIN CHARMS LEAVES   ,574.61,0.005837582771239112,95.7469262760633,C
GLASS CHALICE GREEN  SMALL ,574.55,0.0058369732187317155,95.75276324928204,C
VINTAGE NOTEBOOK PARIS DAYS,574.0400000000001,0.005831792022418858,95.75859504130446,C
RETROSPOT CANDLE  SMALL,573.12,0.0058224455506387975,95.7644174868551,C
"FRENCH BLUE METAL DOOR SIGN, 9",572.58,0.005816959578072242,95.77023444643316,C
SWALLOW SQUARE TISSUE BOX,571.87,0.005809746540068065,95.77604419297323,C
WRAP WEDDING DAY,571.08,0.005801720765387362,95.78184591373862,C
BLUE SPOTTY PASSPORT COVER,570.85,0.005799384147442347,95.78764529788606,C
PANDA AND BUNNIES STICKER SHEET,570.64,0.005797250713666463,95.79344254859973,C
CERAMIC BOWL WITH LOVE HEART DESIGN,570.2900000000001,0.0057936949907066585,95.79923624359043,C
FLOWER FAIRY INCENSE BOUQUET,569.34,0.0057840437426729015,95.80502028733311,C
SET/12 TAPER CANDLES,569.26,0.005783231005996374,95.8108035183391,C
"WHITE PEARL BEADED HEART, SMALL",569.16,0.005782215085150715,95.81658573342425,C
LARGE TORTILLA DESIGN RED BOWL,568.89,0.005779472098867438,95.82236520552311,C
RED POLKADOT PUDDING BOWL,568.8100000000001,0.005778659362190911,95.8281438648853,C
PEG BAG APPLES DESIGN,568.4599999999999,0.005775103639231104,95.83391896852454,C
WATERING CAN SINGLE HOOK PISTACHIO,567.48,0.005765147614943651,95.83968411613948,C
RETRO MOD TRAY,567.38,0.005764131694097991,95.84544824783357,C
MRS ROBOT SOFT TOY,567.34,0.005763725325759728,95.85121197315934,C
ENAMEL COLLANDER CREAM,567.12,0.005761490299899279,95.85697346345924,C
WRAP BLUE REINDEER,567.0,0.005760271194884489,95.86273373465413,C
TEACUP AND SAUCER REGENCY ROSES,566.7,0.005757223432347513,95.86849095808648,C
RETRO SPOT CANDLE  MEDIUM,566.22,0.005752347012288352,95.87424330509877,C
RED FLOCK LOVE HEART PHOTO FRAME,561.68,0.0057062242058954485,95.87994952930467,C
ASSTD HEARTS DESIGN MUGS,561.05,0.005699823904567799,95.88564935320923,C
RED ROSE AND LACE C/COVER,560.5,0.005694236339916677,95.89134358954915,C
"FRENCH BLUE METAL DOOR SIGN, 7",560.05,0.005689664696111213,95.89703325424526,C
MOUSEY LONG LEGS SOFT TOY,559.78,0.005686921709827935,95.90272017595508,C
ROMANTIC IMAGES GIFT WRAP SET,559.62,0.005685296236474882,95.90840547219156,C
PINK JEWELLED PHOTO FRAME,559.45,0.005683569171037262,95.9140890413626,C
SET OF 6 T-LIGHTS CACTI ,559.37,0.005682756434360735,95.91977179779697,C
CANDY SPOT APRON,559.28,0.005681842105599641,95.92545363990257,C
HANGING HEART MIRROR DECORATION ,558.04,0.005669244687113475,95.93112288458968,C
THE KING GIFT BAG,557.43,0.0056630475699549565,95.93678593215964,C
SET OF 36 DOILIES VINTAGE CHRISTMAS,557.4,0.005662742793701259,95.94244867495334,C
ROUND CACTUS CANDLE,556.7800000000001,0.005656444084458177,95.94810511903779,C
SILVER PHOTO FRAME,554.78,0.005636125667545003,95.95374124470534,C
KEEP OUT GIRLS DOOR HANGER ,554.13,0.005629522182048222,95.95937076688739,C
2 PICTURE BOOK EGGS EASTER CHICKS,553.83,0.005626474419511246,95.9649972413069,C
PIN CUSHION BABUSHKA RED,553.0300000000001,0.005618347052745978,95.97061558835965,C
FELT TOADSTOOL  SMALL,552.4499999999999,0.0056124547118411566,95.97622804307149,C
 RIDGED GLASS T-LIGHT HOLDER,552.12,0.005609102173050483,95.98183714524454,C
MEASURING TAPE RUSSIAN DOLL PINK,551.7,0.005604835305498717,95.98744198055005,C
SET OF 36 DOILIES SPACEBOY DESIGN ,551.6,0.005603819384653059,95.99304579993469,C
2 PICTURE BOOK EGGS EASTER DUCKS,550.11,0.005588682164052745,95.99863448209875,C
"FRENCH BLUE METAL DOOR SIGN, 6",550.1,0.005588580571968179,96.00422306267072,C
GLASS CHALICE GREEN  LARGE ,549.12,0.0055786245476807245,96.0098016872184,C
CANDY SPOT BREAD BASKETS,548.81,0.005575475193059181,96.01537716241145,C
COLUMBIAN CANDLE RECTANGLE,547.85,0.00556572235294086,96.0209428847644,C
SET 3 JARDIN DE FEMME SCENT CANDLES,547.74,0.005564604840010635,96.0265074896044,C
FORKED CACTUS CANDLE,547.34,0.005560541156628001,96.03206803076102,C
FELT FARM ANIMAL RABBIT,547.16,0.005558712499105814,96.03762674326013,C
RED RETROSPOT PURSE ,547.0300000000001,0.00555739180200646,96.04318413506213,C
GREEN METAL SWINGING BUNNY,546.8,0.005555055184061443,96.0487391902462,C
FROG KING WATERING CAN,545.1600000000001,0.005538394082192643,96.05427758432839,C
SMALL CAMPHOR WOOD FIELD  MUSHROOM,545.15,0.005538292490108076,96.05981587681849,C
MARAKESH LANTERN LARGE,544.5,0.005531689004611294,96.0653475658231,C
JELLY BABIES YELLOW SMALL BOWL,543.41,0.0055206154673936155,96.07086818129049,C
"CARD, BILLBOARD FONT",543.34,0.005519904322801655,96.07638808561329,C
GREEN GOOSE FEATHER CHRISTMAS TREE ,542.61,0.005512488100628346,96.08190057371392,C
FOLKART CROWN TABLE DECORATIONS,542.47,0.0055110658114444246,96.08741163952537,C
SET/6 GINGERBREAD STAR T-LIGHTS,540.21,0.005488106000332539,96.0928997455257,C
BOTANICAL ROSE GREETING CARD,539.98,0.005485769382387524,96.09838551490809,C
ROSE DU SUD CUSHION COVER ,539.13,0.005477134055199426,96.10386264896329,C
MULTICOLOUR HONEYCOMB PAPER GARLAND,538.97,0.005475508581846373,96.10933815754514,C
MIDNIGHT GLAMOUR SCARF KNITTING KIT,538.6,0.005471749674717435,96.11480990721985,C
GREEN DRAWER KNOB ACRYLIC EDWARDIAN,536.88,0.005454275836172106,96.12026418305602,C
FUSCHIA/GREEN STRIPE WOOLLY BLANKET,536.24,0.005447773942759891,96.12571195699879,C
RED BIRD HOUSE TREE DECORATION,535.89,0.005444218219800086,96.13115617521858,C
NEW BAROQUE BLACK PHOTO ALBUM,535.69,0.005442186378108769,96.13659836159668,C
TALL ROCOCO CANDLE HOLDER,535.63,0.005441576825601374,96.14203993842229,C
S/4 BLUE DINNER CANDLE SILVER FLOCK,534.58,0.005430909656721958,96.14747084807901,C
LOVELY BONBON STICKER SHEET,534.52,0.005430300104214562,96.15290114818322,C
SILVER CHARM NECKLACE 70CM,534.27,0.005427760302100416,96.15832890848532,C
LARGE CAMPHOR WOOD FIELD MUSHROOM ,532.3199999999999,0.005407949845610072,96.16373685833092,C
MINI JIGSAW DINOSAUR ,531.72,0.005401854320536121,96.16913871265146,C
SILVER GLITTER FLOWER VOTIVE HOLDER,531.5600000000001,0.005400228847183068,96.17453894149864,C
ASSTD DESIGN 3D PAPER STICKERS,530.7,0.005391491927910403,96.17993043342655,C
PREMIUM CHURCH CANDLE,530.16,0.005386005955343846,96.1853164393819,C
 IVORY PAPER CUP CAKE CASES ,530.16,0.005386005955343846,96.19070244533724,C
SILVER FISHING GNOME ,529.9200000000001,0.005383567745314266,96.19608601308255,C
SMALL MARAKESH LANTERN ON STICK,529.49,0.005379199285677933,96.20146521236823,C
PACK OF 12 CIRCUS PARADE TISSUES ,528.3399999999999,0.005367516195952857,96.20683272856418,C
MAGNETS PACK OF 4 VINTAGE LABELS ,527.88,0.005362842960062828,96.21219557152425,C
METAL SIGN HIS DINNER IS SERVED,524.78,0.00533134941384741,96.2175269209381,C
CHILDRENS APRON APPLE DESIGN,524.71,0.005330638269255451,96.22285755920736,C
JAM JAR WITH GREEN LID,524.12,0.005324644336266064,96.22818220354362,C
ROSE SCENT CANDLES IN GLASS,523.15,0.0053147899040631745,96.23349699344769,C
75 BLACK FAIRY CAKE CASES,522.9499999999999,0.005312758062371858,96.23880975151006,C
SILVER GLASS T-LIGHT SET,522.34,0.005306560945213341,96.24411631245528,C
BLUE PULL BACK RACING CAR,522.3100000000001,0.005306256168959644,96.24942256862424,C
GOLD MINI TAPE MEASURE ,521.34,0.005296401736756754,96.254718970361,C
YELLOW BREAKFAST CUP AND SAUCER,520.71,0.005290001435429105,96.26000897179642,C
SET OF 3 SILVER FLYING DUCKS,518.4,0.0052665336638943894,96.26527550546032,C
STARS GIFT TAPE ,518.33,0.005265822519302429,96.27054132797963,C
GREEN ROSE CUSHION COVER,517.48,0.0052571871921143305,96.27579851517174,C
WHITE PICNIC BARBECUE BUCKET,517.4300000000001,0.005256679231691501,96.28105519440344,C
75 GREEN PETIT FOUR CASES,517.25,0.0052548505741693155,96.28631004497761,C
GREEN GIANT GARDEN THERMOMETER,517.2,0.005254342613746487,96.29156438759136,C
PINK POT PLANT CANDLE,515.1800000000001,0.005233821012664182,96.29679820860403,C
SET/6 PINK BIRD T-LIGHT CANDLES,514.1,0.005222849067531069,96.30202105767157,C
PASTEL BLUE PHOTO ALBUM ,514.06,0.005222442699192804,96.30724350037076,C
WRAP GREEN RUSSIAN FOLKART ,512.75,0.005209134136114677,96.31245263450687,C
BLUE FLOCK GLASS CANDLEHOLDER,512.73,0.0052089309519455455,96.31766156545882,C
WHITE MURANO TWIST BRACELET,512.34,0.005204968860647477,96.32286653431947,C
HELLO SAILOR BLUE SOAP HOLDER,511.2,0.005193387363006967,96.32805992168248,C
SMALL TALL CAMPHOR WOOD TOADSTOOL,511.08,0.005192168257992177,96.33325208994047,C
MIRROR LOVE BIRD T-LIGHT HOLDER,510.13,0.005182517009958421,96.33843460695043,C
SET OF 16 VINTAGE BLACK CUTLERY,509.95,0.005180688352436235,96.34361529530287,C
GREEN 3 TIER GLASS PLATE STAND,509.9,0.005180180392013405,96.34879547569489,C
DAIRY MAID CERAMIC BUTTER DISH,509.62,0.0051773358136455614,96.35397281150853,C
DAISY SKETCHBOOK ,509.19,0.005172967354009229,96.35914577886254,C
RETRO PINK SPOT WASHING UP GLOVES,509.0,0.005171037104402478,96.36431681596694,C
ASSORTED TUTTI FRUTTI KEYRING BALL,507.99999999999994,0.005160877895945891,96.36947769386289,C
SET OF 6 T-LIGHTS WEDDING CAKE ,507.38000000000005,0.005154579186702808,96.3746322730496,C
FOLDING UMBRELLA RED/WHITE POLKADOT,507.33000000000004,0.005154071226279979,96.37978634427589,C
PURPLE GEMSTONE BRACELET,507.10999999999996,0.005151836200419529,96.38493818047631,C
LADLE LOVE HEART PINK,507.05,0.005151226647912135,96.39008940712422,C
COLUMBIAN CANDLE ROUND,507.03,0.0051510234637430026,96.39524043058796,C
RED COAT RACK PARIS FASHION,506.24,0.005142997689062299,96.40038342827702,C
BIRD IN TREE MUG ,504.55,0.005125828626770669,96.4055092569038,C
SMALL CHOCOLATES PINK BOWL,503.77,0.005117904444174531,96.41062716134797,C
5 STRAND GLASS NECKLACE CRYSTAL,503.09999999999997,0.005111097774508617,96.41573825912248,C
JARDIN ETCHED GLASS GINGER JAR,502.58,0.005105814986111193,96.42084407410859,C
FRENCH CHATEAU OVAL PLATTER,502.2,0.00510195448689769,96.42594602859549,C
CHRISTMAS DECOUPAGE CANDLE,501.02,0.005089966620918918,96.4310359952164,C
SCOTTIES DES CHILD'S APRON,500.83,0.0050880363713121666,96.43612403158772,C
GREEN  DIAMANTE PEN IN GIFT BOX,500.69,0.005086614082128245,96.44121064566986,C
PATCHWORK PENCIL CASE BUTTERFLY ,500.49,0.005084582240436927,96.4462952279103,C
MINI  ZINC GARDEN DECORATIONS ,500.10999999999996,0.0050807217412234245,96.45137594965152,C
DECORATIVE HANGING SHELVING UNIT,499.55,0.005075032584487736,96.456450982236,C
SET OF 3 BIRD L.BLUE FEATHER,499.31,0.005072594374458155,96.46152357661046,C
WHITE BAROQUE WALL CLOCK ,499.16999999999996,0.005071172085274233,96.46659474869574,C
MADRAS NOTEBOOK LARGE ,499.03,0.005069749796090311,96.47166449849183,C
BLUE CLIMBING HYDRANGA ART FLOWER,498.90000000000003,0.005068429098990955,96.47673292759083,C
SET/4 COLOURFUL MIXING BOWLS,498.58,0.005065178152284847,96.48179810574311,C
DENIM PATCH PENCIL CASE BUTTERFLY,498.14,0.005060708100563949,96.48685881384367,C
CAROUSEL DES CHILD'S OVERALL,497.81,0.005057355561773276,96.49191616940544,C
PINK AND WHITE CHRISTMAS TREE 180CM,497.70000000000005,0.005056238048843052,96.49697240745428,C
BLACK/WHITE GLASS/SILVER BRACELET,496.65,0.005045570879963635,96.50201797833424,C
NAMASTE SWAGAT INCENSE,496.5,0.005044046998695147,96.50706202533293,C
BLUE  SPOTTY  COFFEE MUG,495.98,0.005038764210297723,96.51210078954323,C
CARD DOG AND BALL ,495.27,0.005031551172293546,96.51713234071552,C
S/4 PINK DINNER CANDLE SILVER FLOCK,494.39,0.00502261106885175,96.52215495178437,C
SCOTTIES DESIGN WASHBAG,493.84,0.005017023504200627,96.52717197528857,C
BALLERINA HEART DECORATION.,492.17,0.005000057626078129,96.53217203291464,C
S/2 ZINC HEART DESIGN PLANTERS,491.5,0.004993250956412215,96.53716528387106,C
DAISY FOLKART HEART DECORATION,491.38,0.004992031851397425,96.54215731572246,C
VINTAGE KEEPSAKE BOX TRAVELOGUE,490.61,0.004984209260885854,96.54714152498335,C
CARD WEDDING DAY,489.99,0.00497791055164277,96.55211943553499,C
ROSE DU SUD CHILDS APRON,489.14,0.004969275224454671,96.55708871075944,C
CAROUSEL DESIGN WASHBAG,488.83,0.004966125869833129,96.56205483662927,C
FRAPPUCINO SCARF KNITTING KIT,488.68,0.0049646019885646415,96.56701943861783,C
CHERRY BLOSSOM TABLE CLOCK ,488.48999999999995,0.004962671738957891,96.57198211035679,C
EAU DE NILE JEWELLED PHOTOFRAME,488.25,0.00496023352892831,96.57694234388572,C
VINTAGE GLASS SUGAR CADDY,488.16,0.004959319200167217,96.58190166308589,C
CHRISTMAS CARD SINGING ANGEL,487.19,0.004949464767964328,96.58685112785385,C
RETROSPOT CANDLE  LARGE,486.81,0.0049456042687508256,96.5917967321226,C
SALT AND PEPPER SHAKERS TOADSTOOLS,486.35,0.004940931032860796,96.59673766315547,C
3 PIECE SPACEBOY COOKIE CUTTER SET,485.16,0.004928841574797458,96.60166650473026,C
OVEN MITT APPLE DESIGN,485.0,0.004927216101444404,96.60659372083171,C
BLACK BAROQUE WALL CLOCK ,484.98,0.004927012917275272,96.61152073374899,C
MULTICOLOUR HONEYCOMB FAN,483.45,0.004911469328336695,96.61643220307732,C
RETRO PLASTIC ELEPHANT TRAY,482.92999999999995,0.004906186539939269,96.62133838961726,C
OLD DOC RUSSEL METAL SIGN,482.73,0.004904154698247953,96.62624254431552,C
SET 3 WICKER OVAL BASKETS W LIDS,482.7,0.004903849921994255,96.6311463942375,C
ORIGAMI LAVENDER INCENSE/CANDL SET ,481.15,0.004888103148886546,96.63603449738639,C
JINGLE BELLS TREE DECORATION,481.09,0.004887493596379151,96.64092199098278,C
S/4 BURGUNDY WINE DINNER CANDLES,480.94,0.004885969715110663,96.64580796069788,C
SET/6 3D KIT CARDS FOR KIDS,480.69,0.004883429912996517,96.65069139061087,C
MAXWELL 2 TONE PINK 60 PAGE PHOTO A,479.40999999999997,0.0048704261261720855,96.65556181673705,C
GLASS CHALICE BLUE SMALL ,478.64,0.004862603535660515,96.6604244202727,C
TEATIME GEL PENS ASST,478.4,0.004860165325630933,96.66528458559833,C
"BLACK TEA,COFFEE,SUGAR JARS",478.33000000000004,0.004859454181038973,96.67014403977937,C
ASSORTED TUTTI FRUTTI BRACELET,478.17,0.004857828707685919,96.67500186848706,C
GREEN BLUE FLOWER PIGGY BANK,477.29999999999995,0.004848990196328689,96.67985085868338,C
S/4 ROSE    BOTANICAL  CANDLE,477.12,0.004847161538806504,96.68469802022219,C
PEACH KNITTED HEN ,476.86,0.004844520144607792,96.68954254036679,C
"F.FAIRY S/3 CANDLE/GLASS, ROSE",476.4,0.004839846908717761,96.69438238727551,C
GOLD WASHBAG,475.94,0.004835173672827731,96.69921756094834,C
BLACK AND WHITE CAT BOWL,475.87,0.00483446252823577,96.70405202347658,C
PINK/YELLOW FLOWERS HANDBAG,475.28999999999996,0.004828570187330949,96.7088805936639,C
"DECOUPAGE,GREETING CARD,",475.13,0.004826944713977896,96.71370753837789,C
DAIRY MAID  SMALL  MILK JUG,474.74,0.004822982622679828,96.71853052100057,C
PAIR PADDED HANGERS PINK CHECK,472.90000000000003,0.004804289679119709,96.72333481067969,C
TEACUP AND SAUCER REGENCY GREEN,472.5,0.004800225995737074,96.72813503667543,C
72 CAKE CASES DOLLY GIRL DESIGN,471.84999999999997,0.004793622510240293,96.73292865918566,C
JARDIN ETCHED GLASS BUTTER DISH,471.4,0.004789050866434829,96.7377177100521,C
NEW BAROQUE JEWELLERY BOX ,471.38,0.004788847682265698,96.74250655773436,C
SET/10 IVORY POLKADOT PARTY CANDLES,471.25,0.004787526985166341,96.74729408471953,C
BLACK FACE LAMB WITH PANTS,471.13,0.004786307880151551,96.75208039259968,C
BLACK CHRISTMAS TREE 120CM,470.96000000000004,0.004784580814713932,96.7568649734144,C
SCENTED CANDLE IN DIGITALIS TIN,470.93,0.004784276038460234,96.76164924945286,C
ENGLISH ROSE PLACEMATS,470.74,0.004782345788853482,96.76643159524171,C
BLACK CHUNKY BEAD BRACELET W STRAP,470.71,0.004782041012599784,96.77121363625432,C
PACK 3 FIRE ENGINE/CAR PATCHES,470.03,0.004775132750849305,96.77598876900517,C
S/3 PINK SQUARE PLANTERS ROSES,469.26,0.004767310160337734,96.7807560791655,C
EASTER DECORATION SITTING BUNNY,468.95,0.004764160805716192,96.78552023997122,C
"FRENCH BLUE METAL DOOR SIGN, No",468.94,0.0047640592136316265,96.79028429918485,C
ASSORTED CHEESE FRIDGE MAGNETS,467.73,0.0047517665713991564,96.79503606575625,C
PURPLE PILLAR CANDLE BLACK FLOCK,467.71000000000004,0.004751563387230026,96.79978762914348,C
GREEN SWEETHEART BRACELET,467.54,0.0047498363217924056,96.80453746546527,C
WHITE HEART CONFETTI IN TUBE,465.48,0.004728908352371838,96.80926637381765,C
PINK BOUDOIR T-LIGHT HOLDER,465.23,0.004726368550257691,96.8139927423679,C
PURPLE FOXGLOVE ARTIIFCIAL FLOWER,464.85,0.004722508051044188,96.81871525041895,C
BLUE TILED TRAY,464.5,0.004718952328084383,96.82343420274704,C
ROSE DU SUD OVEN GLOVE,464.03000000000003,0.004714177500109788,96.82814838024714,C
BLUE CIRCLES DESIGN MONKEY DOLL,464.01,0.004713974315940656,96.83286235456309,C
GIANT PINK HEART MEMO HOLDER,462.15000000000003,0.004695078188211405,96.8375574327513,C
BASKET/8 SCENTED LOVE TOKEN CANDLES,461.53,0.004688779478968321,96.84224621223026,C
SET/4 BADGES BEETLES,461.48,0.004688271518545492,96.84693448374881,C
GOLD PHOTO FRAME,461.43,0.004687763558122663,96.85162224730693,C
PENS ASSORTED FUNKY JEWELED ,460.83000000000004,0.004681668033048711,96.85630391533998,C
SILVER HANGING T-LIGHT HOLDER DOME,459.21000000000004,0.004665210115349041,96.86096912545533,C
IVORY WALL CLOCK,459.0,0.004663076681573158,96.8656322021369,C
RED WALL CLOCK,459.0,0.004663076681573158,96.87029527881846,C
BLUE SHARK HELICOPTER,457.87,0.004651596776017215,96.87494687559447,C
CERAMIC LOVE HEART MONEY BANK,456.81,0.0046408280150532335,96.87958770360953,C
SET/6 COLLAGE PAPER PLATES,456.59999999999997,0.00463869458127735,96.8842263981908,C
BLUE KNITTED HEN ,456.51,0.004637780252516257,96.88886417844333,C
SET OF 2 TEA TOWELS PING MICROWAVE,455.81000000000006,0.004630668806596647,96.89349484724993,C
"S/6 HALLOWEEN GHOST T LIGHTS, 5CM H",453.99,0.00461217904720566,96.89810702629713,C
SET/4 BADGES DOGS,453.71,0.0046093344688378154,96.90271636076596,C
LARGE SKULL WINDMILL,452.17,0.004593689287814673,96.90731005005378,C
ECONOMY PASSPORT COVER ,451.67,0.00458860968358638,96.91189865973736,C
TOYBOX  WRAP ,451.5,0.00458688261814876,96.9164855423555,C
CUBIC MUG PINK POLKA DOT,451.41,0.004585968289387667,96.9210715106449,C
PINK HEARTS PHOTO ALBUM,451.35,0.004585358736880272,96.92565686938177,C
MIRROR MOSAIC GOBLET CANDLE HOLDER,451.09000000000003,0.004582717342681559,96.93023958672445,C
PINK GOOSE FEATHER TREE 60CM,450.2,0.004573675647155198,96.9348132623716,C
BLACK GEMSTONE BRACELET,448.60999999999996,0.004557522505709224,96.93937078487731,C
MINI JIGSAW GO TO THE FAIR,447.71,0.004548379218098297,96.9439191640954,C
ASS COL SMALL SAND FROG P'WEIGHT,447.0,0.00454116618009412,96.9484603302755,C
SET OF 2 CHRISTMAS DECOUPAGE CANDLE,446.83,0.004539439114656501,96.95299976939015,C
CANDY SPOT HEART DECORATION,446.65,0.004537610457134316,96.95753737984728,C
ALPHABET HEARTS STICKER SHEET,446.13,0.004532327668736891,96.96206970751602,C
CARD CAT AND TREE ,445.99,0.004530905379552969,96.96660061289558,C
RED RETROSPOT TOASTRACK,444.36,0.004514345869768733,96.97111495876534,C
PINK HEARTS LIGHT CHAIN ,444.28,0.004513533133092206,96.97562849189843,C
EASTER DECORATION HANGING BUNNY,444.26,0.004513329948923074,96.98014182184735,C
ORIGAMI VANILLA INCENSE/CANDLE SET ,442.78,0.004498294320407326,96.98464011616777,C
PURPLE SWEETHEART BRACELET,442.47,0.004495144965785785,96.98913526113355,C
BLACK CHRISTMAS TREE 60CM,442.28000000000003,0.004493214716179033,96.99362847584973,C
BROWN COZY SQUARE PHOTO ALBUM,441.77,0.004488033519866174,96.9981165093696,C
BLUE PAINTED KASHMIRI CHAIR,441.65000000000003,0.004486814414851385,97.00260332378444,C
FAWN AND MUSHROOM GREETING CARD,441.19,0.004482141178961354,97.00708546496341,C
SWISS CHALET TREE DECORATION ,439.84,0.004468426247544962,97.01155389121095,C
PIECE OF CAMO STATIONERY SET,439.53,0.00446527689292342,97.01601916810388,C
PURPLE/TURQ FLOWERS HANDBAG,439.49,0.004464870524585157,97.02048403862847,C
WRAP  PINK FLOCK,439.0,0.00445989251244143,97.02494393114091,C
SQUARECUSHION COVER PINK UNION FLAG,438.96,0.004459486144103166,97.02940341728501,C
PARTY INVITES SPACEMAN,438.89,0.004458774999511205,97.03386219228452,C
CHERRY BLOSSOM LUGGAGE TAG,438.61,0.004455930421143361,97.03831812270566,C
"TUMBLER, ENGLISH ROSE",438.25,0.00445227310609899,97.04277039581176,C
BEADED CRYSTAL HEART BLUE SMALL,437.93,0.004449022159392882,97.04721941797115,C
DANISH ROSE ROUND SEWING BOX,437.72,0.004446888725616999,97.05166630669676,C
EASTER BUNNY WREATH,437.39,0.004443536186826326,97.05610984288359,C
PINK GLASS CANDLEHOLDER,437.35,0.004443129818488063,97.06055297270207,C
ANT COPPER LIME BOUDICCA BRACELET,436.26,0.004432056281270383,97.06498502898334,C
"SMALL POP BOX,FUNKY MONKEY",435.74,0.004426773492872958,97.06941180247621,C
PLASMATRONIC LAMP,435.45,0.004423827322420548,97.07383562979864,C
FOLKART STAR CHRISTMAS DECORATIONS,434.8,0.004417223836923767,97.07825285363556,C
FLORAL PINK MONSTER,434.79,0.004417122244839201,97.0826699758804,C
Dotcomgiftshop Gift Voucher £30.00,434.56,0.004414785626894186,97.0870847615073,C
PARTY PIZZA DISH RED WHITE SPOT ,434.07,0.004409807614750459,97.09149456912205,C
EAU DE NILE HEART SHAPE PHOTO FRAME,433.64,0.004405439155114126,97.09590000827716,C
SET OF 4 NEW ENGLAND COASTERS ,432.75,0.004396397459587764,97.10029640573674,C
FELT EGG COSY LADYBIRD ,431.40999999999997,0.004382784120255939,97.104679189857,C
BUNNY DECORATION MAGIC GARDEN,431.34999999999997,0.0043821745677485435,97.10906136442475,C
BLUE RIVIERA HANDBAG,431.0,0.004378618844788739,97.11343998326953,C
COLUMBIAN CUBE CANDLE,430.95,0.004378110884365909,97.11781809415389,C
BATHROOM SCALES FOOTPRINTS IN SAND,430.63,0.004374859937659801,97.12219295409155,C
BLUE POLKADOT PUDDING BOWL,429.49,0.004363278440019293,97.12655623253157,C
ROBOT MUG IN DISPLAY BOX,428.68,0.004355049481169458,97.13091128201273,C
SET/12 FUNKY FELT FLOWER PEG IN BAG,428.43,0.004352509679055311,97.13526379169178,C
JARDIN ETCHED GLASS SMALL BELL JAR,428.27000000000004,0.0043508842057022575,97.13961467589749,C
BLUE KASHMIRI BOXED MIRROR,428.0,0.004348141219418979,97.14396281711691,C
FELT FARM ANIMAL WHITE BUNNY ,427.09999999999997,0.004338997931808051,97.14830181504873,C
DAIRY MAID TOASTRACK,426.65000000000003,0.004334426288002588,97.15263624133672,C
PINK JEWELLED MIRROR TRINKET TRAY,426.39,0.004331784893803875,97.15696802623053,C
CHEST 7 DRAWER MA CAMPAGNE,425.09999999999997,0.004318679514894878,97.16128670574543,C
LIGHTHOUSE PRINTED METAL SIGN,424.6,0.004313599910666585,97.16560030565608,C
"CHARLIE+LOLA""EXTREMELY BUSY"" SIGN",424.53,0.004312888766074624,97.16991319442216,C
PINK STITCHED WALL CLOCK,424.2,0.0043095362272839504,97.17422273064945,C
LITTLE FLOWER SHOPPER BAG,424.0,0.0043075043855926335,97.17853023503504,C
DECORATIVE NET CANOPY LEOPARD,423.73,0.004304761399309355,97.18283499643435,C
SMALL POLKADOT CHOCOLATE GIFT BAG ,422.97999999999996,0.004297141992966914,97.18713213842732,C
OVEN MITT APPLES DESIGN,422.90999999999997,0.004296430848374954,97.19142856927569,C
SMALL MARAKESH METAL  LANTERN ,422.9,0.004296329256290388,97.19572489853198,C
PIN CUSHION RUSSIAN DOLL PINK,422.45000000000005,0.004291757612484925,97.20001665614446,C
MEDIUM CHINESE STYLE SCISSOR,421.9,0.004286170047833802,97.20430282619229,C
MONEY BOX FIRST ADE DESIGN,421.84000000000003,0.004285560495326407,97.20858838668762,C
CUSHION COVER PINK UNION JACK,421.52,0.004282309548620299,97.21287069623624,C
 OVAL WALL MIRROR DIAMANTE ,421.33,0.004280379299013548,97.21715107553526,C
STRIPY DESIGN SHOWER CAP,421.29999999999995,0.00428007452275985,97.22143115005801,C
"CAKE TIN, ROUND, VINTAGE RED,CREAM",421.05,0.004277534720645703,97.22570868477865,C
TEA TIME BREAKFAST BASKET,420.87,0.004275706063123518,97.22998439084178,C
WOVEN FROST CUSHION COVER,420.73,0.004274283773939597,97.23425867461572,C
BLUE SQUARE COMPACT MIRROR,420.0,0.004266867551766289,97.23852554216748,C
GREEN KASHMIRI OCCASIONAL TABLE,419.85,0.004265343670497801,97.24279088583798,C
ROUND GEORGIAN SILVER MIRROR,419.25000000000006,0.004259248145423849,97.24705013398341,C
RED VICTORIAN FABRIC OVAL BOX,418.59,0.004252543067842501,97.25130267705126,C
FLOWER FAIRY SET OF 3 LILY CANDLES,417.7,0.004243501372316139,97.25554617842357,C
FAIRY CAKES RECTANGLUAR BOXES,417.58,0.004242282267301349,97.25978846069087,C
BLUE ROCKING SINGING CANARY,417.17,0.004238116991834149,97.2640265776827,C
OCEAN SCENT CANDLE JEWELLED DRAWER,416.35,0.004229786440899747,97.2682563641236,C
DANISH ROSE TRINKET TRAYS,416.32,0.00422948166464605,97.27248584578825,C
ENAMEL BLUE RIM OVAL TRAY SET/2,416.01,0.004226332310024509,97.27671217809828,C
"WRAP, BILLBOARD FONTS DESIGN",415.8,0.004224198876248625,97.28093637697452,C
SMALL PINK GLASS SUNDAE DISH,414.88,0.004214852404468565,97.285151229379,C
EASTER BUNNY GARLAND OF FLOWERS,414.78000000000003,0.004213836483622908,97.28936506586263,C
YELLOW KNITTED KIDS RUCKSACK,414.74,0.004213430115284644,97.29357849597791,C
EMPIRE DESIGN ROSETTE,414.46999999999997,0.0042106871290013646,97.29778918310691,C
PACK OF 12 PINK POLKADOT TISSUES,414.33,0.004209264839817443,97.30199844794673,C
MAGIC GARDEN MOUNT FUJI,413.12,0.004196972197584974,97.30619542014432,C
BUNNY WOODEN PAINTED WITH FLOWER ,412.84,0.004194127619217129,97.31038954776353,C
S/3 TEAR DROP CUT GLASS DECORATION,412.77,0.004193416474625168,97.31458296423816,C
SET OF 4 DOTTY PLACEMATS ,411.78000000000003,0.004183358858253148,97.31876632309641,C
KASBAH LANTERN WITH GLASS ,410.64,0.004171777360612639,97.32293810045702,C
FAIRY CAKE PLACEMATS,409.94,0.004164665914693029,97.32710276637171,C
RED DAISY PAPER LAMPSHADE,409.57,0.004160907007564092,97.33126367337927,C
WRAP BLIZZARD,409.5,0.004160195862972131,97.33542386924223,C
LARGE TRIFLE DESIGN L BLUE BOWL,408.9,0.004154100337898179,97.33957796958013,C
PILLOWCUSHION COVER PINK UNION JACK,408.83000000000004,0.004153389193306218,97.34373135877344,C
SET OF MEADOW  FLOWER STICKERS,408.66,0.004151662127868599,97.3478830209013,C
LIPSTICK PEN BABY PINK,408.55,0.004150544614938374,97.35203356551625,C
SPACE OWL,408.5,0.004150036654515544,97.35618360217077,C
BAG FOR CHILDREN VINTAGE BLUE ,408.0,0.004144957050287251,97.36032855922106,C
BAG FOR CHILDREN VINTAGE PINK ,408.0,0.004144957050287251,97.36447351627135,C
"FLOWER FAIRY,5 SUMMER B'DRAW LINERS",408.0,0.004144957050287251,97.36861847332163,C
SET OF 16 VINTAGE RED CUTLERY,407.98,0.004144753866118119,97.37276322718775,C
PINK DOG BOWL,406.54,0.004130124605940635,97.37689335179368,C
PINK JEWELLED PHOTO FRAME ,406.44,0.004129108685094977,97.38102246047877,C
SWEETHEART WIRE FRUIT BOWL,406.26,0.004127280027572791,97.38514974050635,C
"CAKESTAND, 3 TIER, LOVEHEART",405.5,0.004119559029145785,97.3892692995355,C
GOLD WINE GOBLET,404.15000000000003,0.004105844097729394,97.39337514363322,C
GREEN POLKADOT BOWL,403.88,0.004103101111446115,97.39747824474466,C
BLUE BREAKFAST CUP AND SAUCER ,403.7,0.004101272453923929,97.40157951719858,C
BEECH WOOD PHOTO FRAME ,403.64,0.004100662901416535,97.4056801801,C
RETROSPOT CANDLE  MEDIUM,403.57,0.004099951756824574,97.40978013185683,C
FLORAL SOFT CAR TOY,402.37,0.00408776070667667,97.41386789256352,C
RED PEONY CUSHION COVER ,401.8,0.004081969957856415,97.41794986252137,C
SET/6 EAU DE NIL BIRD T-LIGHTS,401.32,0.004077093537797253,97.42202695605917,C
SMALL PINK PEONY FOLDING STOOL,401.3,0.004076890353628123,97.4261038464128,C
ROSE DU SUD WASHBAG ,400.82,0.004072013933568961,97.43017586034637,C
PINK BUTTERFLY HANDBAG W BOBBLES,400.75,0.004071302788977,97.43424716313534,C
COCKLE SHELL DISH,400.41,0.004067848658101761,97.43831501179343,C
HANGING SPRING FLOWER EGG SMALL,400.29,0.00406662955308697,97.44238164134653,C
SET OF 3 VINTAGE TEA TIME BOXES,399.62,0.004059822883421057,97.44644146422995,C
MINI CAKE STAND T-LIGHT HOLDER,399.47999999999996,0.0040584005942371345,97.45049986482418,C
GREEN BIRDHOUSE DECORATION,398.69,0.004050374819556432,97.45455023964374,C
JARDIN DE FEMME SCENTED CANDLE,398.04,0.004043771334059651,97.45859401097779,C
BLUE HEART COMPACT MIRROR,398.02,0.004043568149890519,97.46263757912769,C
CAKES AND RABBITS DESIGN FLANNEL ,397.98999999999995,0.004043263373636821,97.46668084250132,C
Discount,397.89,0.004042247452791163,97.4707230899541,C
BEADED CRYSTAL HEART PINK LARGE,397.81,0.0040414347161146355,97.47476452467022,C
FRIDGE MAGNETS US DINER ASSORTED,396.9,0.004032189836419142,97.47879671450664,C
WHITE GRAND BAROQUE PHOTO FRAME,396.8,0.004031173915573483,97.48282788842222,C
ASS COLOUR GLOWING TIARAS,396.17,0.0040247736142458345,97.48685266203647,C
IVORY HANGING DECORATION  EGG,395.14,0.004014309629535549,97.49086697166601,C
LILLIES CANVAS PICTURE,394.85,0.00401136345908314,97.4948783351251,C
RETRO PINK BALL ASHTRAY ,394.73,0.0040101443540683495,97.49888847947916,C
GREEN ENAMEL+GLASS HAIR COMB,394.01,0.0040028297239796074,97.50289130920314,C
S/4 FESTIVE GREEN DINNER CANDLES,393.39,0.003996531014736524,97.50688784021787,C
CURIOUS  IMAGES NOTEBOOK SET,393.22,0.003994803949298904,97.51088264416717,C
3 TRADITIONAL COOKIE CUTTERS  SET,392.40000000000003,0.003986473398364504,97.51486911756554,C
BLACK SWEETHEART BRACELET,391.12,0.003973469611540073,97.51884258717708,C
BISCUITS SMALL BOWL LIGHT BLUE,390.84,0.003970625033172229,97.52281321221025,C
SILVER TEDDY BEAR,390.52,0.003967374086466121,97.52678058629672,C
SILVER JEWELLED MIRROR TRINKET TRAY,390.45,0.0039666629418741595,97.5307472492386,C
ENGLISH ROSE IRONING BOARD COVER,390.0,0.003962091298068696,97.53470934053666,C
PAPERWEIGHT HOME SWEET HOME,389.61,0.003958129206770628,97.53866746974343,C
WHITE CERAMIC PARTY SET (5PCS),389.3,0.003954979852149086,97.54262244959558,C
POP-ART FLUORESCENT PENS,389.22,0.003954167115472558,97.54657661671105,C
BUNNY EGG GARLAND,389.02,0.0039521352737812415,97.55052875198483,C
SET/4 BADGES CUTE CREATURES,388.21999999999997,0.003944007907015971,97.55447275989184,C
CLASSICAL ROSE CANDLESTAND,387.16,0.003933239146051991,97.55840599903789,C
ROSE PINK METAL FOLDING CHAIR,385.98,0.003921251280073219,97.56232725031796,C
FRENCH CHATEAU LARGE PLATTER ,385.95,0.0039209465038195215,97.56624819682179,C
FIRST CLASS HOLIDAY PURSE ,385.93000000000006,0.00392074331965039,97.57016894014144,C
WHITE CHRYSANTHEMUMS ART FLOWER,384.53999999999996,0.003906622019895734,97.57407556216134,C
GOLD EAR MUFF HEADPHONES,384.14,0.0039025583365130995,97.57797812049786,C
GRASS HOPPER WOODEN WALL CLOCK ,384.09000000000003,0.0039020503760902707,97.58188017087394,C
"TUMBLER, BAROQUE",384.03000000000003,0.003901440823582876,97.58578161169753,C
TEACUP AND SAUCER REGENCY PINK,384.0,0.003901136047329178,97.58968274774486,C
ANT COPPER PINK BOUDICCA BRACELET,383.9,0.003900120126483519,97.59358286787135,C
"CAKE TIN, 3 TIER RED/IVORY",383.4,0.0038950405222552254,97.5974779083936,C
PURPLE ANEMONE ARTIFICIAL FLOWER,383.03000000000003,0.003891281615126289,97.60136919000873,C
SCANDINAVIAN 3 HEARTS NAPKIN RING,382.64,0.0038873195238282197,97.60525650953255,C
PINK GINGHAM CAT WITH SCARF,382.24,0.003883255840445586,97.609139765373,C
WOVEN CANDY CUSHION COVER ,382.09,0.0038817319591770974,97.61302149733218,C
"WHITE TEA,COFFEE,SUGAR JARS",382.0,0.003880817630416005,97.6169023149626,C
ZINC HEART LATTICE 2 WALL PLANTER,381.62,0.003876957131202502,97.6207792720938,C
PINK HEART RED HANDBAG,381.51,0.0038758396182722774,97.62465511171207,C
"PEARL & SHELL 42""NECKL. PINK",380.89,0.003869540909029194,97.6285246526211,C
SET OF 4 NAPKIN CHARMS INSTRUMENT,380.73,0.00386791543567614,97.63239256805677,C
"F.FAIRY S/3 CANDLE/GLASS,LAVENDER",380.35,0.003864054936462638,97.63625662299323,C
CHRISTMAS CARD STACK OF PRESENTS,379.04,0.0038507463733845095,97.64010736936662,C
DECORATION  PINK CHICK MAGIC GARDEN,378.07,0.00384089194118162,97.6439482613078,C
WRAP MONSTER FUN ,378.0,0.0038401807965896596,97.64778844210439,C
"PINK/WHITE ""KEEP CLEAN"" BULLET BIN",377.99000000000007,0.0038400792045050944,97.6516285213089,C
FAIRY CAKES ROUND NESTING BOXES,377.93,0.0038394696519976983,97.65546799096089,C
PINK FLOWER FABRIC PONY,377.9,0.003839164875744,97.65930715583663,C
CARD PSYCHEDELIC APPLES,377.44,0.0038344916398539712,97.66314164747648,C
ASS DES PHONE SPONGE CRAFT STICKER,377.0,0.0038300215881330734,97.66697166906461,C
12 PENCILS SMALL TUBE POSY,376.34000000000003,0.003823316510551726,97.67079498557516,C
SET/6 GOLD REINDEER T-LIGHT CANDLES,376.05,0.003820370340099316,97.67461535591525,C
ZINC HEART LATTICE TRAY OVAL ,376.02,0.003820065563845618,97.6784354214791,C
BIRDCAGE DECORATION TEALIGHT HOLDER,375.44,0.003814173222940798,97.68224959470203,C
BLUE BIRDHOUSE DECORATION,375.28999999999996,0.00381264934167231,97.6860622440437,C
DOG BOWL VINTAGE CREAM,374.75,0.0038071633691057535,97.6898694074128,C
SKULLS SQUARE TISSUE BOX,374.73,0.003806960184936622,97.69367636759773,C
ENGLISH ROSE METAL WASTE BIN,374.70000000000005,0.0038066554086829247,97.69748302300641,C
PINK FOXGLOVE ARTIIFCIAL FLOWER,373.80000000000007,0.003797512121071997,97.70128053512748,C
BIRTHDAY PARTY CORDON BARRIER TAPE,372.69,0.0037862353996851858,97.70506677052717,C
CLASSICAL ROSE URN,372.3,0.0037822733083871167,97.70884904383556,C
AMETHYST CHUNKY BEAD BRACELET W STR,372.28999999999996,0.0037821717163025507,97.71263121555185,C
PINK DISCO HANDBAG,372.2,0.003781257387541458,97.7164124729394,C
ANT COPPER TURQ BOUDICCA BRACELET,371.55,0.0037746539020446766,97.72018712684144,C
DOORSTOP RUSSIAN DOLL RETROSPOT,371.1,0.0037700822582392136,97.72395720909968,C
SET/4 BIRD MIRROR MAGNETS ,370.94,0.0037684567848861594,97.72772566588456,C
ECONOMY HOLIDAY PURSE,370.92,0.003768253600717028,97.73149391948527,C
SEASIDE FRISBEE ,370.54,0.0037643931015035248,97.73525831258678,C
PINK MURANO TWIST BRACELET,370.19,0.0037608373785437198,97.73901914996533,C
YELLOW EASTER EGG HUNT START POST,370.17,0.003760634194374588,97.74277978415971,C
SILVER BRACELET W PASTEL FLOWER,370.02,0.0037591103131060996,97.74653889447282,C
ASSTD FRUIT+FLOWERS FRIDGE MAGNETS,369.96,0.003758500760598704,97.75029739523342,C
ROUND PINK HEART MIRROR,369.88,0.0037576880239221775,97.75405508325734,C
BLACK LOVE BIRD T-LIGHT HOLDER,369.59999999999997,0.0037548434455543333,97.75780992670289,C
BLUE DISCO HANDBAG,368.65,0.003745192197520576,97.76155511890042,C
SPRIG LAVENDER ARTIFICIAL FLOWER,368.3,0.0037416364745607718,97.76529675537498,C
BLUE ROSE PATCH PURSE PINK BUTTERFL,367.95,0.003738080751600966,97.76903483612658,C
ROMANTIC IMAGES NOTEBOOK SET,367.69,0.0037354393574022537,97.77277027548398,C
ASS FLORAL PRINT TAPE MEASURE,367.36,0.0037320868186115803,97.7765023623026,C
ENGLISH ROSE TAPE MEASURE,366.81,0.0037264992539604576,97.78022886155655,C
PACK 3 IRON ON DOG PATCHES,366.6,0.0037243658201845747,97.78395322737674,C
CREAM KNITTED HEN,365.76,0.0037158320850810417,97.78766905946182,C
SWEETHEART WIRE WALL TIDY,365.39,0.003712073177952104,97.79138113263977,C
QUEEN OF THE SKIES PASSPORT COVER ,364.25,0.0037004916803115963,97.79508162432008,C
WRAP DAISY CARPET ,363.75,0.0036954120760833028,97.79877703639616,C
BLUE POLKADOT WASHING UP GLOVES,363.49,0.0036927706818845906,97.80246980707804,C
MINI PAINTED GARDEN DECORATION ,363.04999999999995,0.003688300630163692,97.8061581077082,C
BIRD DECORATION RED RETROSPOT,362.74,0.0036851512755421505,97.80984325898375,C
VINTAGE NOTEBOOK BEAUTY GIRL,362.34000000000003,0.0036810875921595167,97.8135243465759,C
PINK PAISLEY SQUARE TISSUE BOX ,362.28999999999996,0.003680579631736686,97.81720492620764,C
STRAWBRY SCENTED VOTIVE CANDLE,360.96,0.0036670678844894266,97.82087199409213,C
RED AND WHITE SPOT TAPE,360.93,0.00366676310823573,97.82453875720037,C
MIRRORED WALL ART SKULLS,360.88,0.0036662551478129,97.82820501234818,C
ANIMAL STICKERS,360.84,0.003665848779474636,97.83187086112765,C
BLOND DOLL DOORSTOP,360.33000000000004,0.0036606675831617782,97.83553152871082,C
MIRROR MOSAIC T-LIGHT HOLDER ,359.85,0.0036557911631026163,97.83918731987391,C
BLUE PATCH PURSE PINK HEART,359.76,0.0036548768343415234,97.84284219670826,C
PINK DRESS JEWELLERY STAND ,358.93,0.0036464446913225565,97.84648864139959,C
PLASTERS IN TIN MR STRONG ,357.0,0.003626837419001345,97.8501154788186,C
LIGHT PINK FLOCK GLASS CANDLEHOLDER,356.1,0.003617694131390417,97.85373317294999,C
CAT BOWL VINTAGE CREAM,356.06,0.003617287763052154,97.85735046071304,C
ASSORTED SHAPES PHOTO CLIP SILVER ,355.66999999999996,0.0036133256717540843,97.86096378638479,C
PINK MILKSHAKE GLASS,355.33,0.003609871540878846,97.86457365792566,C
ROSES WHITE ROUND CANDLE,355.05,0.0036070269625110016,97.86818068488817,C
BEADED CRYSTAL HEART PINK ON STICK,354.84999999999997,0.003604995120819684,97.871785680009,C
SET/6  ANGEL T-LIGHTS WHITE/GOLD,353.39,0.0035901626764730677,97.87537584268547,C
WHITE GOOSE FEATHER TREE 60CM ,352.11,0.0035771588896486373,97.87895300157513,C
SILVER CHERRY LIGHTS,352.02,0.0035762445608875444,97.88252924613602,C
FUNKY MONKEY GIFT BAG MEDIUM,351.89,0.0035749238637881884,97.88610416999981,C
ELVIS WALLHANGING / CURTAIN,350.15,0.003557246841073728,97.88966141684088,C
GIFT BAG PSYCHEDELIC APPLES,350.13000000000005,0.003557043656904597,97.89321846049779,C
CAMPHOR WOOD PORTOBELLO MUSHROOM,350.03999999999996,0.0035561293281435036,97.89677458982594,C
BUTTONS AND STRIPES NOTEBOOK ,349.63,0.003551964052676303,97.90032655387861,C
PINK RIVIERA HANDBAG,349.39,0.0035495258426467224,97.90387607972126,C
"F.FAIRY S/3 CANDLE/GLASS,LILY/VALLY",349.15000000000003,0.003547087632617142,97.90742316735387,C
SPACE BOY BIRTHDAY CARD,349.12,0.003546782856363444,97.91096995021023,C
SUMMER FUN DESIGN SHOWER CAP,348.22999999999996,0.0035377411608370816,97.91450769137107,C
STANDING FAIRY POLE SUPPORT ,347.63,0.0035316456357631304,97.91803933700683,C
FAIRY CAKE GREETINGS CARD,347.3,0.0035282930969724566,97.92156763010381,C
PINK FELT EASTER RABBIT GARLAND,346.23,0.003517422743923909,97.92508505284773,C
ENAMEL BLUE RIM COFFEE CONTAINER,345.71999999999997,0.00351224154761105,97.92859729439535,C
BLUE GIANT GARDEN THERMOMETER,345.04,0.0035053332858605716,97.9321026276812,C
FOLDING UMBRELLA BLACKBLUE POLKADOT,344.28000000000003,0.0034976122874335663,97.93560023996864,C
ANTIQUE CREAM CUTLERY CUPBOARD,344.24,0.0034972059190953027,97.93909744588773,C
STARFISH SOAP DISH,344.09,0.003495682037826814,97.94259312792555,C
BLUE GLASS GEMS IN BAG,342.93,0.003483897356017174,97.94607702528157,C
GREEN POLKADOT PLATE ,342.89,0.0034834909876789106,97.94956051626924,C
SET/6 GARDEN GNOME T-LIGHT CANDLES,342.75,0.0034820686984949885,97.95304258496773,C
RETRO PLASTIC 70'S TRAY,342.2,0.003476481133843866,97.95651906610158,C
BANK ACCOUNT  GREETING  CARD ,341.88,0.0034732301871377583,97.95999229628872,C
SET/3 CHRISTMAS BRIAR CANDLES,341.53,0.003469674464177953,97.9634619707529,C
PINK CAT BOWL,340.58,0.0034600232161441963,97.96692199396905,C
SILVER DISCO HANDBAG,340.54,0.003459616847805933,97.97038161081686,C
BLUE VICTORIAN FABRIC OVAL BOX,340.35,0.0034576865981991813,97.97383929741505,C
STRING CRYSTALS NATURAL,340.0,0.0034541308752393763,97.9772934282903,C
WHITE ROUND PORCELAIN TLIGHT HOLDER,339.84,0.003452505401886322,97.98074593369218,C
BLUE STAR BLOCK TABLE LAMP,339.57,0.003449762415603044,97.98419569610778,C
FLOWER BURST SILVER RING CRYSTAL,339.53,0.00344935604726478,97.98764505215505,C
WAKE UP COCKEREL WALL THERMOMETER,339.29,0.0034469178372351994,97.99109196999228,C
Bank Charges,339.24,0.0034464098768123706,97.9945383798691,C
MIXED NUTS LIGHT GREEN BOWL,336.58,0.0034193863823178505,97.99795776625142,C
WALL MIRROR RECTANGLE DIAMANTE PINK,336.35999999999996,0.0034171513564574016,98.00137491760788,C
TIGRIS EYE CHUNKY CHARM BRACELET,335.68,0.0034102430947069227,98.00478516070258,C
SILVER BOOK MARK WITH BEADS,335.65999999999997,0.0034100399105377907,98.00819520061312,C
RED RETROSPOT TISSUE BOX,335.43,0.0034077032925927766,98.01160290390571,C
DANISH ROSE DELUXE COASTER,335.34999999999997,0.003406890555916249,98.01500979446163,C
VIP HOLIDAY PURSE,334.81000000000006,0.0034014045833496934,98.01841119904498,C
FAIRY DREAMS INCENSE ,334.35,0.003396731347459663,98.02180793039244,C
FLOWER FAIRY INCENSE LILY,333.61,0.003389213533201789,98.02519714392564,C
CANDY HEART HANGING DECORATION,333.25,0.003385556218157418,98.0285827001438,C
PINK & WHITE BREAKFAST TRAY,333.16,0.003384641889396325,98.0319673420332,C
BEAUTY SPEED EXPRESSO CUPS,332.9,0.0033820004951976125,98.03534934252839,C
SET OF 3 WICKER BASKET TEA AND CAKE,332.6,0.003378952732660637,98.03872829526105,C
TEATIME ROUND PENCIL SHARPENER ,331.76,0.0033704189975571042,98.04209871425861,C
DENIM PATCH PURSE PINK BUTTERFLY,331.65,0.003369301484626879,98.04546801574324,C
LARGE WHITE/PINK ROSE ART FLOWER,331.43,0.003367066458766431,98.048835082202,C
PINK HYDRANGEA ART FLOWER,330.84000000000003,0.003361072525777045,98.05219615472778,C
KNITTED RAINBOW HOT WATER BOTTLE,330.78,0.0033604629732696487,98.05555661770106,C
CLASSIC FRENCH STYLE BASKET BROWN,330.75,0.003360158197015952,98.05891677589807,C
ASSORTED EASTER DECORATIONS  BELLS,330.28000000000003,0.003355383369041357,98.06227215926711,C
STRIPES DESIGN TEDDY,328.81,0.0033404493326101743,98.06561260859972,C
WHITE CHOCOLATE SCENT CANDLE,328.39,0.003336182465058408,98.06894879106478,C
CARD SUKI BIRTHDAY,327.68,0.0033289694270542316,98.07227776049184,C
GREEN GOOSE FEATHER TREE 60CM,326.85,0.003320537284035265,98.07559829777588,C
"BIRTHDAY CARD, RETRO SPOT",326.79,0.00331992773152787,98.07891822550741,C
PINK KNITTED COW STUFFED TOY,326.33,0.00331525449563784,98.08223348000304,C
QUEEN OF SKIES LUGGAGE TAG,326.21,0.003314035390623049,98.08554751539366,C
ENGLISH ROSE TABLE CLOCK,325.88,0.0033106828518323765,98.08885819824549,C
LOUVRE CHALKBOARD,325.6,0.003307838273464532,98.09216603651896,C
SPACE BOY GIFT WRAP,325.5,0.003306822352618873,98.09547285887157,C
CHRISTMAS CARD SCREEN PRINT ,325.38,0.003305603247604083,98.09877846211918,C
RIDGED GLASS FINGER BOWL,324.22999999999996,0.003293920157879008,98.10207238227706,C
SET OF 4 NAPKIN CHARMS 3 KEYS ,323.65,0.003288027816974188,98.10536041009404,C
GREEN SQUARE COMPACT MIRROR,322.5,0.0032763447272491143,98.10863675482129,C
PAINTED PINK RABBIT ,322.44,0.003275735174741719,98.11191248999603,C
 SILVER T-LIGHT SETTING,321.87,0.0032699444259214647,98.11518243442195,C
GOLD FISHING GNOME,321.65000000000003,0.0032677094000610157,98.11845014382202,C
ANT WHITE SWEETHEART TABLE W 3 DRAW,320.0,0.003250946706107648,98.12170109052812,C
DANISH ROSE FOLDING CHAIR,319.6,0.0032468830227250136,98.12494797355085,C
PAISLEY PATTERN  STICKERS,318.75,0.003238247695536915,98.12818622124638,C
PAPERWEIGHT KINGS CHOICE ,318.67,0.0032374349588603878,98.13142365620524,C
COLUMBIAN CANDLE ROUND ,318.19,0.0032325585388012267,98.13465621474404,C
SET/6 SILVER REINDEER T-LIGHTS,317.34999999999997,0.003224024803697694,98.13788023954774,C
LARGE BLUE ORIENTAL FOLDING STOOL,317.0,0.0032204690807378887,98.14110070862849,C
JASMINE TEA INCENSE IN TIN,316.98,0.0032202658965687575,98.14432097452506,C
FAIRY CAKE PLACEMATS ,315.55,0.003205738228475839,98.14752671275353,C
GREEN PEONY CUSHION COVER,315.4,0.0032042143472073505,98.15073092710074,C
SMALL HANGING GLASS+ZINC LANTERN,315.26,0.0032027920580234284,98.15393371915876,C
CHARLIE+LOLA MY ROOM DOOR SIGN,314.67,0.003196798125034043,98.15713051728379,C
LARGE GREEN PEONY FOLDING STOOL,314.34999999999997,0.0031935471783279346,98.16032406446212,C
MIRROR CORNICE,313.84,0.0031883659820150755,98.16351243044413,C
PINK CHRYSANTHEMUMS ART FLOWER,313.8,0.0031879596136768127,98.16670039005781,C
BLUE DELPHINIUM ARTIFICIAL FLOWER,313.6,0.0031859277719854954,98.16988631782979,C
BLUE  TILE HOOK,313.28999999999996,0.0031827784173639527,98.17306909624716,C
BOOM BOX SPEAKER GIRLS,312.6,0.003175768563528909,98.17624486481068,C
ANT WHITE HIGH RISE BIRD BOX,312.5,0.00317475264268325,98.17941961745336,C
SET 3 WICKER STORAGE BASKETS ,312.35,0.003173228761414762,98.18259284621477,C
FIRST CLASS LUGGAGE TAG ,311.82,0.003167844380932771,98.18576069059571,C
ORIENTAL BLUE CUSHION COVER ,311.57,0.003165304578818625,98.18892599517453,C
AMBER GLASS/SILVER BRACELET,311.12,0.003160732935013161,98.19208672810954,C
SIX STRING SCANDINAVIAN HEART DECS,311.03000000000003,0.003159818606252068,98.1952465467158,C
TURQOISE ICE CREAM SUNHAT,310.83,0.0031577867645607507,98.19840433348035,C
PINK GINGHAM ROSE FLOOR CUSHION,310.44,0.0031538246732626817,98.20155815815362,C
WHITE ANEMONE ARTIFICIAL FLOWER,309.27000000000004,0.003141938399368476,98.20470009655298,C
LARGE PINK PEONY FOLDING STOOL,309.15,0.0031407192943536852,98.20784081584733,C
VINTAGE DOG FOOD CONTAINER,308.64,0.0031355380980408265,98.21097635394537,C
FLOWER WINDMILL,308.38,0.0031328967038421135,98.21410925064922,C
QUEEN OF THE SKIES HOLIDAY PURSE ,308.17,0.003130763270066231,98.21724001391928,C
ORIGAMI ROSE INCENSE IN TUBE,307.94,0.0031284266521212157,98.2203684405714,C
AMBER CHUNKY BEAD BRACELET W STRAP,307.84,0.003127410731275557,98.22349585130269,C
TURQ+RED BOUDICCA LARGE BRACELET,307.18,0.003120705653694211,98.22661655695639,C
MEASURING TAPE RUSSIAN DOLL BLUE,306.81000000000006,0.0031169467465652742,98.22973350370295,C
CROCHET BEAR WITH BLUE STRIPES,306.77,0.0031165403782270097,98.23285004408118,C
EAU DE NILE JEWELLED T-LIGHT HOLDER,305.78,0.003106482761854989,98.23595652684303,C
Dotcomgiftshop Gift Voucher £20.00,304.01,0.003088500962886831,98.23904502780591,C
BLUE PAISLEY TISSUE BOX,304.01,0.003088500962886831,98.2421335287688,C
LARGE GLASS SUNDAE DISH CLEAR,303.96,0.0030879930024640015,98.24522152177127,C
SET OF 4 ROSE BOTANICAL CANDLES,303.87,0.0030870786737029095,98.24830860044497,C
BOX/12 MOTHER & CHICK IN BASKET/BOW,303.86,0.0030869770816183435,98.2513955775266,C
MINI JIGSAW LEAP FROG,302.82,0.0030764115048234936,98.25447198903142,C
S/3 FLWR FAIRY SUMMER CANDLES,302.40000000000003,0.0030721446372717278,98.25754413366869,C
JARDIN ETCHED GLASS CANDLEHLDR LONG,301.95,0.0030675729934662634,98.26061170666216,C
GLASS CHALICE BLUE  LARGE ,301.8,0.0030660491121977758,98.26367775577435,C
BLACK SILOUETTE CANDLE PLATE,301.73,0.0030653379676058145,98.26674309374197,C
LAVENDER SCENT CAKE CANDLE,300.78,0.003055686719572057,98.26979878046154,C
RETRO LONGBOARD IRONING BOARD COVER,300.68,0.003054670798726399,98.27285345126027,C
BEADED CRYSTAL HEART BLUE  LARGE,300.67,0.0030545692066418335,98.27590802046691,C
ENAMEL DOG BOWL CREAM,300.48,0.0030526389570350817,98.27896065942394,C
MULTICOLOUR  CONFETTI IN TUBE,300.3,0.003050810299512896,98.28201146972346,C
BLOSSOM  IMAGES NOTEBOOK SET,299.5,0.0030426829327476266,98.2850541526562,C
WHITE HYDRANGEA ART FLOWER,298.8,0.0030355714868280166,98.28808972414303,C
SILVER FABRIC MIRROR,298.72,0.00303475875015149,98.29112448289318,C
 4 PURPLE FLOCK DINNER CANDLES,298.11,0.0030285616329929718,98.29415304452617,C
SET/4 SPRING FLOWER DECORATION,297.98,0.0030272409358936157,98.29718028546206,C
VINTAGE ROSE BEAD BRACELET RASPBERR,297.94,0.003026834567555352,98.30020712002961,C
WHITE SNOW SCANDINAVIAN STOCKING ,297.62,0.0030235836208492447,98.30323070365046,C
CANDY STRIPE ROSE C/COVER ,297.5,0.0030223645158344538,98.30625306816628,C
SILVER ROCOCO CANDLE STICK,297.3,0.003020332674143137,98.30927340084042,C
BLACK VINTAGE EARRINGS,296.47,0.0030119005311241703,98.31228530137155,C
ACRYLIC GEOMETRIC LAMP,295.2,0.002998998336384305,98.31528429970793,C
CROCHET ROSE PURSE WITH SUEDE BACK,295.16,0.002998591968046042,98.31828289167598,C
SET 5 MINI DOUGHNUT FRIDGE MAGNET ,295.08000000000004,0.0029977792313695155,98.32128067090734,C
RED RETROSPOT SHOPPING BAG,293.94,0.0029861977337290063,98.32426686864108,C
GREEN ROUND COMPACT MIRROR,293.87,0.0029854865891370454,98.32725235523021,C
SILVER HOOP EARRINGS WITH FLOWER,293.81,0.00298487703662965,98.33023723226684,C
OPIUM SCENTED VOTIVE CANDLE,293.76,0.0029843690762068205,98.33322160134304,C
VINTAGE ROSE BEAD BRACELET BLACK,293.75,0.002984267484122255,98.33620586882716,C
BUTTONS DESIGN JEWELLERY BOX,293.02,0.0029768512619489465,98.33918272008911,C
S/4 FESTIVE RED DINNER CANDLES,292.5,0.0029715684735515217,98.34215428856267,C
S/4 GROOVY CAT MAGNETS,292.24,0.0029689270793528096,98.34512321564202,C
WHITE WITH BLACK CATS BOWL,292.08,0.0029673016059997555,98.34809051724802,C
SET 72 CAKE CASES VINTAGE CHRISTMAS,291.6,0.0029624251859405944,98.35105294243397,C
BLUE MURANO TWIST BRACELET,291.56,0.0029620188176023307,98.35401496125156,C
PINK KNITTED KIDS RUCKSACK,290.78,0.002954094635006193,98.35696905588657,C
FOLK ART METAL HEART T-LIGHT HOLDER,290.36,0.002949827767454427,98.35991888365402,C
IVORY HANGING DECORATION  CHICKEN,290.16999999999996,0.002947897517847675,98.36286678117186,C
4 BLUE DINNER CANDLES SILVER FLOCK,289.56,0.002941700400689158,98.36580848157254,C
ORIGAMI JASMINE INCENSE/CANDLE SET,289.16999999999996,0.0029377383093910888,98.36874621988193,C
FOLKART CLIP ON STARS,289.0,0.0029360112439534695,98.37168223112589,C
CLAM SHELL SMALL ,288.55,0.002931439600148006,98.37461367072603,C
GEISHA GIRL CHOPSTICKS SET/5,288.35,0.0029294077584566887,98.37754307848449,C
ECONOMY LUGGAGE TAG,287.92,0.0029250392988203564,98.38046811778331,C
3 TIER SWEETHEART GARDEN SHELF,287.6,0.002921788352114249,98.38338990613542,C
HEARTS GIFT TAPE,287.24,0.0029181310370698776,98.38630803717248,C
FUNKY GIRLZ ASST MAGNETIC MEMO PAD,287.01,0.0029157944191248626,98.38922383159161,C
PASTEL PINK PHOTO ALBUM ,286.95,0.0029151848666174674,98.39213901645823,C
MIDNIGHT BLUE GLASS/SILVER BRACELET,285.5,0.0029004540143554173,98.39503947047258,C
4 BURGUNDY WINE DINNER CANDLES,285.32,0.0028986253568332315,98.39793809582942,C
VINTAGE BEAD PINK JEWEL BOX,284.81,0.002893444160520373,98.40083153998994,C
MIRRORED WALL ART STARS,284.44,0.0028896852533914358,98.40372122524333,C
SILVER/MOP ORBIT NECKLACE,284.41999999999996,0.0028894820692223033,98.40661070731255,C
PARTY TIME DESIGN FLANNEL,283.62,0.002881354702457035,98.409492062015,C
HEART SHAPE BUTTON FRAME ,283.49,0.0028800340053576788,98.41237209602036,C
RETRO PLASTIC DAISY TRAY,282.58,0.0028707891256621845,98.41524288514603,C
PASTEL COLOUR HONEYCOMB FAN,282.5,0.002869976388985658,98.41811286153501,C
MINI JIGSAW FIDO,282.24,0.0028673349947869456,98.4209801965298,C
BOTANICAL LAVENDER GIFT WRAP ,281.5,0.002859817180529072,98.42384001371033,C
BLUE MURANO TWIST NECKLACE,281.46,0.002859410812190808,98.42669942452252,C
RED BOUDICCA LARGE BRACELET,281.19,0.0028566678259075297,98.42955609234843,C
MADRAS NOTEBOOK MEDIUM,280.58,0.0028504707087490117,98.43240656305719,C
SET/4 MODERN VINTAGE COTTON NAPKINS,280.53000000000003,0.0028499627483261833,98.43525652580551,C
PAINTED YELLOW WOODEN DAISY,280.48,0.0028494547879033536,98.43810598059342,C
BOX/12 CHICK & EGG IN BASKET,280.4,0.0028486420512268264,98.44095462264465,C
CARD PARTY GAMES ,280.37,0.002848337274973129,98.44380295991962,C
PINK ENAMEL+GLASS HAIR COMB,280.29,0.0028475245382966023,98.44665048445792,C
WIRE FLOWER T-LIGHT HOLDER,280.08,0.0028453911045207185,98.44949587556243,C
RECTANGULAR SHAPED MIRROR,279.97,0.0028442735915904945,98.45234014915403,C
WOVEN SUNSET CUSHION COVER ,279.78,0.0028423433419837428,98.45518249249601,C
"PEARL & SHELL 42""NECKL. IVORY",279.5,0.002839498763615899,98.45802199125963,C
BLACK+WHITE NECKLACE W TASSEL,279.34999999999997,0.0028379748823474105,98.46085996614198,C
PINK/PURPLE RETRO RADIO,279.32,0.0028376701060937133,98.46369763624807,C
KITTY PENCIL ERASERS,279.21999999999997,0.0028366541852480544,98.46653429043332,C
CANDY SPOT BUNNY,279.19,0.0028363494089943568,98.46937063984231,C
DARK CHOCOLATE SCENTCANDLE,279.08,0.0028352318960641323,98.47220587173837,C
BLCK NEW BAROQUE CANDLESTICK CANDLE,279.0,0.002834419159387606,98.47504029089775,C
VINTAGE GOLD TINSEL REEL,279.0,0.002834419159387606,98.47787471005714,C
HEAVENS SCENT FRAGRANCE OILS ASSTD,278.46999999999997,0.0028290347789056147,98.48070374483605,C
GIFT BAG BIRTHDAY,277.51,0.0028192819387872917,98.48352302677483,C
PINK POODLE HANGING DECORATION ,277.39,0.0028180628337725016,98.4863410896086,C
PINK PARTY SUNGLASSES,277.05,0.0028146087028972622,98.48915569831149,C
CRYSTAL STUD EARRINGS ASSORTED COL ,276.52,0.002809224322415271,98.49196492263391,C
ORANGE TV TRAY TABLE ,276.48,0.0028088179540770083,98.49477374058799,C
SET OF 4 NAPKIN CHARMS CROWNS ,276.3,0.0028069892965548226,98.49758072988455,C
SILVER STANDING GNOME   ,276.25,0.002806481336131993,98.50038721122068,C
GREEN KASHMIRI BOXED MIRROR,276.0,0.0028039415340178463,98.5031911527547,C
JADE DROP EARRINGS W FILIGREE,275.21,0.002795915759337143,98.50598706851403,C
WHITE AND BLUE CERAMIC OIL BURNER,274.93,0.0027930711809692993,98.508780139695,C
WHITE HONEYCOMB PAPER FAN ,274.37,0.002787382024233611,98.51156752171924,C
LARGE PINK GLASS SUNDAE DISH,274.32,0.0027868740638107813,98.51435439578306,C
ORIGAMI SANDLEWOOD INCENSE+FLOWER,274.05,0.002784131077527503,98.51713852686059,C
BOTANICAL LAVENDER BIRTHDAY CARD,273.44,0.002777933960368985,98.51991646082097,C
BLUE WIRE SPIRAL CANDLE HOLDER,273.07,0.002774175053240048,98.52269063587421,C
LA PALMIERA METAL SIGN CALENDAR,272.61,0.0027695018173500186,98.52546013769157,C
BLUE VICTORIAN FABRIC HEART BOX,272.45,0.002767876343996965,98.52822801403556,C
LILAC FLOWER BLOCK TABLE LAMP,272.45,0.002767876343996965,98.53099589037956,C
RIDGED GLASS T-LIGHT HOLDER,271.18,0.0027549741492571,98.53375086452881,C
CANDY SPOT CUSHION COVER,271.12,0.002754364596749705,98.53650522912557,C
SQUARE FLOOR CUSHION VINTAGE PINK ,270.47,0.0027477611112529236,98.53925299023682,C
BLUE GLASS CHUNKY CHARM BRACELET,270.3,0.0027460340458153043,98.54199902428263,C
YELLOW FLOWERS FELT HANDBAG KIT,268.82,0.002730998417299556,98.54473002269994,C
BLACK BOX MIRROR LANTERN,268.75,0.002730287272707595,98.54746030997265,C
PSYCHEDELIC METAL SIGN CALENDAR,266.65,0.002708952934948763,98.5501692629076,C
BLACK FLOWER CANDLE PLATE,266.21999999999997,0.002704584475312431,98.55287384738291,C
S/4 BLACK MINI ROSE CANDLE IN BOWL,265.44,0.002696660292716294,98.55557050767563,C
BLUE SCOTTIE DOG W FLOWER PATTERN,264.65,0.0026886345180355906,98.55825914219366,C
YELLOW COAT RACK PARIS FASHION,264.59000000000003,0.002688024965528196,98.56094716715918,C
PINK BOUDICCA LARGE BRACELET,264.52000000000004,0.002687313820936235,98.56363448098013,C
HANGING WOOD AND FELT HEART,264.52,0.002687313820936234,98.56632179480107,C
SET OF 6 DOTS CHOPSTICKS,263.63,0.0026782721254098724,98.56900006692648,C
TRANSPARENT ACRYLIC TAPE DISPENSER,263.08,0.00267268456075875,98.57167275148724,C
WHITE SAGE INCENSE,263.03,0.002672176600335921,98.57434492808758,C
RUBY GLASS CLUSTER BRACELET,262.51,0.002666893811938496,98.57701182189952,C
4 PINK FLOCK CHRISTMAS BALLS,261.67,0.0026583600768349635,98.57967018197635,C
VINTAGE BLUE TINSEL REEL,261.66,0.0026582584847503975,98.58232844046111,C
S/12 MINI RABBIT EASTER,261.6,0.0026576489322430027,98.58498608939335,C
SMALL ZINC/GLASS CANDLEHOLDER,261.52,0.002656836195566475,98.58764292558892,C
FRIDGE MAGNETS LES ENFANTS ASSORTED,261.44,0.002656023458889948,98.59029894904782,C
BLUE PILLAR CANDLE SILVER FLOCK,260.67,0.002648200868378377,98.5929471499162,C
GINGHAM BABUSHKA DOORSTOP,260.61,0.0026475913158709816,98.59559474123208,C
PINK STRAWBERRY HANDBAG ,260.43,0.0026457626583487963,98.59824050389042,C
HANGING WOOD AND FELT BUTTERFLY ,260.28,0.002644238777080308,98.6008847426675,C
SCHOOL DESK AND CHAIR ,260.0,0.002641394198712464,98.60352613686622,C
RED RETROSPOT LUGGAGE TAG,259.02,0.002631438174425009,98.60615757504064,C
CAKES AND BOWS GIFT  TAPE,258.8,0.0026292031485645605,98.6087867781892,C
COFFEE SCENT PILLAR CANDLE,258.49,0.0026260537939430187,98.61141283198315,C
BLUE NEW BAROQUE FLOCK CANDLESTICK,258.06,0.0026216853343066864,98.61403451731745,C
PARTY TIME PENCIL ERASERS,258.01,0.002621177373883857,98.61665569469133,C
BIG PINK POODLE,257.1,0.002611932494188364,98.61926762718552,C
GOLD SCROLL GLASS T-LIGHT HOLDER,256.47,0.002605532192860714,98.62187315937838,C
GREEN MURANO TWIST BRACELET,255.6,0.0025966936815034836,98.62446985305988,C
FOLK ART METAL STAR T-LIGHT HOLDER,255.26,0.002593239550628244,98.62706309261051,C
CITRUS GARLAND FELT FLOWERS ,255.14,0.002592020445613454,98.62965511305613,C
SKULLS TAPE,254.48000000000002,0.0025853153680321073,98.63224042842417,C
FRIDGE MAGNETS LA VIE EN ROSE,252.88,0.0025690606345015687,98.63480948905867,C
DARK PINK FLOCK GLASS CANDLEHOLDER,252.29,0.0025630667015121827,98.63737255576018,C
BLUE POLKADOT PURSE ,251.96,0.0025597141627215097,98.6399322699229,C
HEARTS WRAPPING TAPE ,251.81,0.0025581902814530216,98.64249046020434,C
ORIGAMI OPIUM INCENSE/CANDLE SET ,251.71999999999997,0.0025572759526919283,98.64504773615704,C
PAIR OF ENAMEL FLOWER CLUSTER SLIDE,251.59,0.0025559552555925727,98.64760369141263,C
VINTAGE BEAD PINK PURSE ,251.49,0.0025549393347469138,98.65015863074737,C
PINK FLY SWAT,251.12,0.0025511804276179767,98.65270981117499,C
AMBER CHUNKY GLASS+BEAD NECKLACE,251.06,0.0025505708751105815,98.6552603820501,C
PINK LOVE BIRD CANDLE,250.41,0.0025439673896138003,98.65780434943971,C
MIDNIGHT BLUE VINTAGE EARRINGS,250.38,0.0025436626133601026,98.66034801205308,C
 VINTAGE DESIGN GIFT TAGS,249.9,0.0025387861933009416,98.66288679824638,C
BLUE & WHITE BREAKFAST TRAY,249.69,0.002536652759525058,98.6654234510059,C
NINJA RABBIT PINK,249.57999999999998,0.0025355352465948333,98.6679589862525,C
"CARD, GINGHAM ROSE ",249.44,0.0025341129574109117,98.6704930992099,C
CINNAMON SCENTED VOTIVE CANDLE,248.71999999999997,0.002526798327322169,98.67301989753723,C
SWEET PUDDING STICKER SHEET,248.24999999999997,0.0025220234993475732,98.67554192103658,C
CHILDRENS DOLLY GIRL MUG,248.1,0.0025204996180790856,98.67806242065467,C
BOTANICAL LILY GIFT WRAP,248.0,0.0025194836972334276,98.6805819043519,C
"FLOWER GLASS GARLD NECKL36""AMETHYST",247.92000000000002,0.0025186709605569007,98.68310057531245,C
"ROUND SNACK BOXES ,SET 4, FRUITS ",247.8,0.00251745185554211,98.68561802716799,C
DIAMANTE BOW BROOCH RED COLOUR,247.65,0.002515927974273622,98.68813395514226,C
BLUE GINGHAM ROSE FLOOR CUSHION ,247.26,0.0025119658829755535,98.69064592102524,C
HANGING HEART BASKET,246.34000000000003,0.002502619411195494,98.69314854043643,C
ROSES BLUE BASE CUSHION COVER ,246.03,0.002499470056573952,98.695648010493,C
ANT COPPER RED BOUDICCA BRACELET,245.32,0.0024922570185697754,98.69814026751158,C
WAKE UP COCKEREL CALENDAR SIGN ,244.91,0.0024880917431025756,98.70062835925468,C
HEART BUTTONS JEWELLERY BOX,244.8,0.0024869742301723507,98.70311533348485,C
PINK OWL DECORATION,244.8,0.0024869742301723507,98.70560230771501,C
BLUE OWL DECORATION,244.8,0.0024869742301723507,98.70808928194518,C
MOCK LOBSTER FRIDGE MAGNET,244.79999999999998,0.0024869742301723507,98.71057625617534,C
SUNJAR LED NIGHT NIGHT LIGHT,243.7,0.0024757991008701056,98.71305205527621,C
BLUE ROUND COMPACT MIRROR,243.03,0.0024689924312041927,98.71552104770741,C
LONG SILVER NECKLACE PASTEL FLOWER,242.25,0.0024610682486080554,98.71798211595602,C
CRYSTAL STILETTO PHONE CHARM,242.08999999999997,0.0024594427752550013,98.72044155873128,C
75 BLACK PETIT FOUR CASES,241.75,0.002455988644379762,98.72289754737567,C
SET OF 6 HALLOWEEN GHOST T-LIGHTS,241.67999999999998,0.002455277499787801,98.72535282487546,C
SILVER/BLACK ORBIT NECKLACE,241.48,0.0024532456580964837,98.72780607053356,C
CURIOUS IMAGES GIFT WRAP SET,240.64999999999998,0.002444813515077517,98.73025088404864,C
PINK GLASS CHUNKY CHARM BRACELET,240.51,0.0024433912258935947,98.73269427527454,C
SET/6 BEAD COASTERS GAUZE BAG GOLD,240.22,0.002440445055441185,98.73513472032998,C
BLUE FLY SWAT,239.8,0.002436178187889419,98.73757089851787,C
DECORATIVE PLANT POT WITH FRIEZE,238.5,0.0024229712168958566,98.73999386973477,C
PACK/12 BLUE FOLKART CARDS,238.48000000000002,0.002422768032726725,98.7424166377675,C
PIN CUSHION RUSSIAN DOLL BLUE,238.06,0.0024185011651749588,98.74483513893269,C
POP'S GREASY SPOON METAL SIGN,237.73000000000002,0.002415148626384285,98.74725028755907,C
MULTICOLOUR FEATHERS CURTAIN,236.40000000000003,0.0024016368791370253,98.74965192443821,C
LARGE GLASS ROSE SCENTED CANDLE ,236.33,0.002400925734545064,98.75205285017276,C
MIRRORED WALL ART POPPIES,236.29999999999998,0.0024006209582913664,98.75445347113106,C
BOTANICAL LILY GREETING CARD,236.14,0.0023989954849383123,98.756852466616,C
BEADED CRYSTAL HEART GREEN ON STICK,235.98,0.0023973700115852586,98.75924983662757,C
SWEET VALENCIA CANDLE+CUP,235.9,0.0023965572749087317,98.76164639390248,C
SET/6 COLLAGE PAPER CUPS,235.67000000000002,0.0023942206569637172,98.76404061455945,C
CHILDREN'S SPACEBOY MUG,235.32,0.0023906649340039118,98.76643127949345,C
BLACK SQUARE TABLE CLOCK,235.04,0.0023878203556360676,98.76881909984908,C
PINK PATCH PURSE BLUE HEART,234.29999999999998,0.0023803025413781935,98.77119940239047,C
PINK MINI TAPE MEASURE ,233.5,0.002372175174612924,98.77357157756508,C
WHITE BROCANTE SOAP DISH,233.10000000000002,0.00236811149123029,98.77593968905632,C
ENGLISH ROSE MUG IN GIFT BOX,232.89,0.0023659780574544066,98.77830566711377,C
WHITE HAND TOWEL WITH BUTTERFLY,232.35999999999999,0.002360593676972416,98.78066626079074,C
FLOWER PENCIL/RUBBER+5 MINI PENCILS,232.35,0.00236049208488785,98.78302675287563,C
SET/6 BLACK SNOWFLAKE T-LIGHTS ,232.08,0.002357749098604572,98.78538450197424,C
BEIGE PHOTO ALBUM,230.59,0.002342611878004258,98.78772711385224,C
"BISCUIT TIN, RED,IVORY, VINTAGE",230.55,0.0023422055096659943,98.7900693193619,C
PINK STRING CURTAIN WITH POLE,230.28,0.002339462523382716,98.79240878188529,C
NEW ENGLAND CERAMIC CAKE SERVER,229.57,0.0023322494853785397,98.79474103137066,C
BLACK SILOUETTE CANDLE PLATE ,229.5,0.002331538340786579,98.79707256971145,C
ASSORTED TUTTI FRUTTI KEYRING,228.64999999999998,0.00232290301359848,98.79939547272504,C
CHILDREN'S CIRCUS PARADE MUG,228.12,0.00231751863311649,98.80171299135816,C
PINK CRYSTAL HEART PHONE CHARM,227.72,0.002313454949733855,98.80402644630789,C
SILVER BLUE EGG T-LIGHT HOLDER,227.48,0.002311016739704274,98.8063374630476,C
BLUE SPOTTY BEAKER ,227.44,0.0023106103713660107,98.80864807341896,C
NECKLACE+BRACELET PINK BUTTERFLY,227.32999999999998,0.0023094928584357862,98.8109575662774,C
BAKING MOULD ROSE MILK CHOCOLATE,227.25,0.0023086801217592594,98.81326624639915,C
S/4 ROSE PINK DINNER CANDLES,227.11,0.0023072578325753373,98.81557350423172,C
CHILDRENS APRON DOLLY GIRL ,226.81,0.0023042100700383615,98.81787771430176,C
DANISH ROSE DECORATIVE PLATE,226.8,0.0023041084779537955,98.82018182277972,C
F.FAIRY S/3 CANDLE/GLASS,226.5,0.0023010607154168197,98.82248288349513,C
DOTTY PLACEMATS ,226.07000000000002,0.0022966922557804874,98.82477957575091,C
This is a test product.,226.0,0.002295981111188526,98.8270755568621,C
PINK KASHMIRI BOXED MIRROR,225.95,0.002295473150765697,98.82937103001287,C
S/4 SKY BLUE DINNER CANDLES,225.89,0.0022948635982583017,98.83166589361112,C
GOLD TEDDY BEAR,225.8,0.0022939492694972093,98.83395984288062,C
SET OF 6 T-LIGHTS EASTER CHICKS,225.66000000000003,0.002292526980313287,98.83625236986093,C
BLACKCHRISTMAS TREE 30CM,224.1,0.002276678615121012,98.83852904847605,C
HAND TOWEL PALE BLUE W FLOWERS,223.52,0.002270786274216192,98.84079983475026,C
FRENCH PAISLEY CUSHION COVER ,223.33000000000004,0.002268856024609441,98.84306869077487,C
WHITE  ROSEBUD PEARL BRACELET,221.96,0.0022549379090239176,98.8453236286839,C
ASSTD MULTICOLOUR CIRCLES MUG,221.75,0.0022528044752480342,98.84757643315915,C
CAROUSEL DES CHILD'S APRON,221.57,0.002250975817725849,98.84982740897688,C
ORIGAMI LAVENDER INCENSE+FLOWER,221.4,0.0022492487522882292,98.85207665772917,C
"CANDLE IN JAR COLLAGE , VANILLA",221.08,0.0022459978055821214,98.85432265553476,C
DAISY ERASERS IN BAG,221.06,0.0022457946214129894,98.85656845015617,C
ORIGAMI JASMINE INCENSE IN TUBE,221.03,0.002245489845159292,98.85881394000134,C
PINK GLASS TASSLE BAG CHARM ,220.7,0.0022421373063686184,98.86105607730771,C
4 GOLD FLOCK CHRISTMAS BALLS,220.66,0.002241730938030355,98.86329780824573,C
PINK MURANO TWIST NECKLACE,219.61999999999998,0.002231165361235505,98.86552897360697,C
VANILLA SCENT CAKE CANDLE ,219.45999999999998,0.002229539887882451,98.86775851349485,C
BLACK BAROQUE CARRIAGE CLOCK,219.38,0.0022287271512059243,98.86998724064605,C
WHITE BAROQUE CARRIAGE CLOCK,218.89999999999998,0.002223850731146763,98.8722110913772,C
ENAMEL BLUE RIM TEA CONTAINER,218.35999999999999,0.002218364758580206,98.87442945613577,C
CHERRY BLOSSOM PASSPORT COVER,218.35,0.0022182631664956405,98.87664771930227,C
VINTAGE CAT FOOD CONTAINER,218.14,0.002216129732719757,98.87886384903499,C
FOLDING UMBRELLA CREAM POLKADOT,218.07000000000002,0.0022154185881277967,98.88107926762311,C
S/4 BLACK LOVEBIRD COASTERS,217.81,0.002212777193929084,98.88329204481704,C
CARDHOLDER GINGHAM HEART,216.9,0.0022035323142335903,98.88549557713128,C
PAIR BUTTERFLY HAIR CLIPS,216.54,0.002199874999189219,98.88769545213047,C
OLD ROSE COMBO BEAD NECKLACE,216.38,0.002198249525836165,98.8898937016563,C
S/3 PUPPIES CHRISTMAS DECORATIONS,216.33,0.0021977415654133364,98.89209144322172,C
YELLOW RED FLOWER PIGGY BANK,216.07,0.0021951001712146234,98.89428654339294,C
RED POPPY ARTIFICIAL FLOWER,215.93,0.0021936778820307013,98.89648022127497,C
CREAM DELPHINIUM ARTIFICIAL FLOWER,215.8,0.0021923571849313452,98.8986725784599,C
BLACK LOVE BIRD CANDLE,215.62,0.0021905285274091595,98.9008631069873,C
TURQUOISE GLASS TASSLE BAG CHARM ,215.21,0.0021863632519419592,98.90304947023924,C
BUTTERFLY WATER TRANSFER TATTOOS ,215.0,0.0021842298181660763,98.90523370005741,C
"FLOWER GLASS GARLAND NECKL.36""BLACK",214.89000000000001,0.0021831123052358514,98.90741681236264,C
MINI HAND WARMER BABUSHKA DESIGN,214.8,0.0021821979764747586,98.90959901033912,C
S/2 BEACH HUT STOOLS,214.65,0.002180674095206271,98.91177968443432,C
DOOR MAT SWEET HOME,214.47,0.002178845437684085,98.913958529872,C
PIN CUSHION BABUSHKA PINK,214.4,0.0021781342930921243,98.9161366641651,C
BOOZE & WOMEN GREETING CARD ,214.26,0.0021767120039082022,98.918313376169,C
FOLDING UMBRELLA PINKWHITE POLKADOT,213.93,0.0021733594651175284,98.92048673563411,C
"FEATHER DUSTER, COAL BLACK",213.75,0.002171530807595343,98.92265826644172,C
RIVIERA NECKLACE,213.69,0.0021709212550879474,98.9248291876968,C
PASTEL PINK PHOTO ALBUM,213.37,0.0021676703083818405,98.92699685800518,C
BLOSSOM IMAGES GIFT WRAP SET,213.35,0.0021674671242127084,98.92916432512939,C
POLKADOT MUG PINK ,213.12,0.0021651305062676935,98.93132945563566,C
PINK MONTE CARLO HANDBAG,212.7,0.002160863638715927,98.93349031927438,C
ASSORTED MONKEY SUCTION CUP HOOK,212.58,0.0021596445337011367,98.93564996380809,C
GREEN VINTAGE EARRINGS ,212.43,0.002158120652432649,98.93780808446053,C
PINK TV TRAY TABLE ,212.42,0.002158019060348083,98.93996610352087,C
PACK/12 BLUE REINDEER CARD,212.40000000000003,0.002157815876178952,98.94212391939705,C
PINK FLOCK PHOTO FRAME ,212.33,0.0021571047315869906,98.94428102412863,C
SCOTTIES DESIGN BABY BIB,212.06,0.002154361745303712,98.94643538587393,C
BLACK STITCHED WALL CLOCK,211.92000000000002,0.00215293945611979,98.94858832533005,C
OYSTER TRINKET BOX,211.75,0.00215121239068217,98.95073953772074,C
POLYESTER FILLER PAD 45x30cm,211.7,0.002150704430259341,98.952890242151,C
RETROSPOT BABUSHKA DOORSTOP,210.36,0.0021370910909275153,98.95502733324193,C
PAPERWEIGHT VINTAGE PAISLEY,208.9,0.0021222586465808988,98.95714959188851,C
SILVER FINCH DECORATION,208.89000000000001,0.0021221570544963336,98.95927174894301,C
GOLD FABRIC MIRROR,208.36,0.0021167726740143424,98.96138852161702,C
RETRO BROWN BALL ASHTRAY ,208.12,0.0021143344639847615,98.963502856081,C
RED RETROSPOT BIG BOWL,207.9,0.0021120994381243125,98.96561495551913,C
DARK BIRD HOUSE TREE DECORATION,207.78,0.0021108803331095225,98.96772583585224,C
ENGLISH ROSE TEA SET IN GIFT BOX,207.69,0.0021099660043484296,98.96983580185659,C
BLACK ENAMEL FLOWER RING,207.33,0.0021063086893040586,98.9719421105459,C
BLUE EGG  SPOON,206.84,0.002101330677160331,98.97404344122306,C
GREEN GEISHA GIRL ,206.81,0.0021010259009066334,98.97614446712397,C
PIG MUG IN TWO COLOUR DESIGNS,206.66,0.0020995020196381453,98.9782439691436,C
36 PENCILS TUBE POSY,206.65,0.0020994004275535797,98.98034336957116,C
BATHROOM SCALES RUBBER DUCKS,205.70000000000002,0.0020897491795198227,98.98243311875068,C
FUNKY MONKEY CUSHION COVER,204.88,0.0020814186285854214,98.98451453737927,C
ORIGAMI ROSE INCENSE CONES,204.36,0.0020761358401879967,98.98659067321945,C
PURPLE GEMSTONE NECKLACE 45CM,204.0,0.0020724785251436256,98.9886631517446,C
"PEARL & SHELL 42""NECKL. GREEN",203.93,0.002071767380551665,98.99073491912516,C
SET/12 ZINC CHRISTMAS DECORATIONS,203.73000000000002,0.0020697355388603475,98.99280465466401,C
"HANGING FLOWERS+MIRROR,BLUE",203.24,0.00206475752671662,98.99486941219072,C
CLEAR LOVE BIRD T-LIGHT HOLDER,203.18,0.0020641479742092247,98.99693356016493,C
BROCANTE SHELF WITH HOOKS,203.18,0.0020641479742092247,98.99899770813914,C
COPPER/OLIVE GREEN FLOWER NECKLACE,203.01,0.002062420908771605,99.00106012904791,C
SMALL GLASS ROSE SCENTED CANDLE,202.62,0.0020584588174735363,99.00311858786539,C
GOLDIE LOOKING MIRROR,202.27,0.002054903094513731,99.0051734909599,C
 FAIRY CAKE CANDLES,202.05,0.002052668068653282,99.00722615902856,C
FLOWER FAIRY POTPOURRI CUSHION LILY,201.24,0.002044439109803447,99.00927059813837,C
MEDIUM PINK BUDDHA HEAD ,201.10000000000002,0.0020430168206195254,99.011313614959,C
PINK TEATIME PRINT BOWL,201.0,0.0020420008997738665,99.01335561585877,C
SWIRLY CIRCULAR RUBBERS IN BAG,200.32,0.0020350926380233877,99.0153907084968,C
BAKING MOULD HEART MILK CHOCOLATE,199.65000000000003,0.0020282859683574753,99.01741899446515,C
"WRAP, CAROUSEL",199.5,0.0020267620870889867,99.01944575655223,C
JADE CRYSTAL+GLASS BRACELET,199.06,0.002022292035368089,99.0214680485876,C
BLUE GEISHA GIRL ,199.03,0.0020219872591143912,99.0234900358467,C
FOOD/DRINK SPONGE STICKERS,198.66,0.002018228351985454,99.02550826419869,C
SET OF 72 BLACK PAPER DOILIES ,197.94,0.0020109137218967117,99.0275191779206,C
72 ROUND PINK DOILIES,197.89999999999998,0.0020105073535584485,99.02952968527416,C
EASTER BUNNY HANGING GARLAND,197.09,0.0020022783947086136,99.03153196366887,C
MURANO STYLE GLASS BRACELET BLACK,196.89,0.0020002465530172962,99.03353221022189,C
"ACRYLIC JEWEL SNOWFLAKE,PINK",196.84,0.001999738592594467,99.03553194881448,C
BLOKEY SILVER TOOL SET,196.70000000000002,0.001998316303410545,99.0375302651179,C
PHOTO CLIP LINE,196.67,0.0019980115271568473,99.03952827664506,C
ENGLISH ROSE TORCH,196.46,0.001995878093380964,99.04152415473844,C
"BREAD BIN, DINER STYLE, MINT",196.35,0.0019947605804507395,99.04351891531888,C
4 ROSE PINK DINNER CANDLES,196.32999999999998,0.0019945573962816075,99.04551347271517,C
PINK SCOTTIE DOG W FLOWER PATTERN,196.25,0.001993744659605081,99.04750721737477,C
LARGE BLUE PROVENCAL CERAMIC BALL,195.65,0.001987649134531129,99.0494948665093,C
PINK  HONEYCOMB PAPER FAN,195.53,0.001986430029516339,99.05148129653882,C
"ROUND SNACK BOXES ,SET4, WOODLAND ",194.70000000000002,0.001977997886497372,99.05345929442532,C
JADE GREEN ENAMEL HAIR COMB,193.07,0.001961438376713136,99.05542073280203,C
KINGS CHOICE SMALL TUBE MATCHES,193.04999999999998,0.0019612351925440046,99.05738196799457,C
GREEN EASTER EGG HUNT START POST,192.87,0.001959406535021819,99.0593413745296,C
PURPLE GLASS TASSLE BAG CHARM,192.74,0.001958085837922463,99.06129946036752,C
4 SKY BLUE DINNER CANDLES,192.35,0.0019541237466243937,99.06325358411415,C
DIAMANTE BOW BROOCH GREEN COLOUR,192.26,0.0019532094178633013,99.06520679353201,C
YELLOW PURPLE DAISY FELT PURSE KIT,192.17,0.0019522950891022084,99.06715908862111,C
AMETHYST DIAMANTE EXPANDABLE RING,191.66,0.0019471138927893495,99.0691062025139,C
FOUR RABBIT EASTER DECORATIONS,191.5,0.0019454884194362956,99.07105169093333,C
CRYSTAL SEA HORSE PHONE CHARM,191.42,0.0019446756827597685,99.0729963666161,C
ENGLISH ROSE SCENTED HANGING HEART,191.25,0.001942948617322149,99.07493931523342,C
BLACK GEMSTONE NECKLACE 45CM,191.25,0.001942948617322149,99.07688226385075,C
"CAKE TIN, ROUND, VINTAGE MINT,IVORY",190.65,0.001936853092248197,99.078819116943,C
PINK B'FLY C/COVER W BOBBLES,190.4,0.0019343132901340507,99.08075343023313,C
NEW ENGLAND MILK JUG W GIFT BOX,190.4,0.0019343132901340507,99.08268774352327,C
PINK ROSEBUD & PEARL NECKLACE,190.39000000000001,0.0019342116980494849,99.08462195522131,C
ORANGE COCKTAIL GLASS LAMP,190.16,0.0019318750801044697,99.08655383030141,C
ASSORTED COLOUR LIZARD SUCTION HOOK,189.78,0.0019280145808909669,99.08848184488231,C
FAIRY CAKES TILE COASTER,189.6,0.0019261859233687816,99.09040803080568,C
BAKING MOULD HEART WHITE CHOCOLATE,189.45000000000002,0.001924662042100294,99.09233269284778,C
SET OF 4 POLKADOTS COASTERS,189.1,0.001921106319140488,99.09425379916692,C
BLUE POLKADOT COFFEE MUG,189.05,0.001920598358717659,99.09617439752564,C
SILVER OVAL SHAPE TRINKET BOX,189.04999999999998,0.0019205983587176588,99.09809499588437,C
CANDY SPOT HAND BAG,189.02,0.0019202935824639614,99.10001528946682,C
PLANTPOT SINGLE HOOK PISTACHIO,188.95000000000002,0.0019195824378720003,99.1019348719047,C
SET/3 POLKADOT STACKING TINS,188.91,0.0019191760695337367,99.10385404797424,C
FAIRY CAKES TABLE CLOCK,188.73,0.001917347412011551,99.10577139538626,C
BLUE CAT BISCUIT BARREL PINK HEART,188.72,0.0019172458199269856,99.10768864120618,C
DOORSTOP RUSSIAN DOLL GINGHAM,188.22,0.001912166215698692,99.10960080742188,C
CIRCUS PARADE CHILDRENS EGG CUP ,187.56,0.001905461138117345,99.11150626856,C
NINJA RABBIT BLACK,187.17,0.0019014990468192764,99.11340776760683,C
ROSE DU SUD CUSHION COVER,187.17,0.0019014990468192764,99.11530926665365,C
ANT WHITE IRON BASKET,186.35000000000002,0.001893168495884876,99.11720243514954,C
POPART COL BALLPOINT PEN ASST,185.73,0.0018868697866417919,99.11908930493618,C
GOLD M PEARL  ORBIT NECKLACE,185.59,0.00188544749745787,99.12097475243364,C
SET OF 4 POLKADOT PLACEMATS ,185.55,0.0018850411291196068,99.12285979356275,C
PINK/BLUE DISC/MIRROR STRING,185.44,0.001883923616189382,99.12474371717894,C
FLAG OF ST GEORGE CHAIR,185.3,0.00188250132700546,99.12662621850595,C
GREEN FLORAL FELTCRAFT SHOULDER BAG,185.11,0.0018805710773987085,99.12850678958334,C
PINK/BLUE STRING CURTAIN ,184.95999999999998,0.0018790471961302204,99.13038583677947,C
PORCELAIN HANGING BELL SMALL,184.61,0.0018754914731704154,99.13226132825264,C
SCOTTIE DOGS BABY BIB,184.45,0.0018738659998173614,99.13413519425245,C
S/6 MULTICOLOUR ORNAMENETAL CANDLE,184.4,0.0018733580393945322,99.13600855229184,C
PINK ALLIUM  ARTIFICIAL FLOWER,184.21,0.001871427789787781,99.13787998008164,C
LEOPARD PRINT HOT WATER BOTTLE,183.98000000000002,0.0018690911718427662,99.13974907125348,C
DAIRY MAID CERAMIC TOASTRACK,183.06000000000003,0.0018597447000627066,99.14160881595353,C
CRYSTAL DIAMANTE STAR BROOCH,182.97,0.0018588303713016137,99.14346764632484,C
MEDIUM WHITE/PINK ROSE ART FLOWER,182.91,0.0018582208187942182,99.14532586714363,C
ORANGE VOTIVE CANDLE,182.64,0.0018554778325109399,99.14718134497613,C
 WHITE BAMBOO RIBS LAMPSHADE,182.14,0.0018503982282826468,99.14903174320442,C
PARTY PIZZA DISH PINK RETROSPOT,181.54999999999998,0.0018444042952932608,99.15087614749972,C
BLUE CHERRY BLOSSOM CUP & SAUCER,181.5,0.0018438963348704318,99.15272004383459,C
MINI JIGSAW BUNNIES AT HOME,181.44,0.0018432867823630363,99.15456333061695,C
SPACE FROG,181.37,0.0018425756377710753,99.15640590625472,C
FINE SILVER NECKLACE W PASTEL FLOWE,181.14,0.0018402390198260605,99.15824614527455,C
FREESTYLE CANVAS ART PICTURE,181.1,0.0018398326514877969,99.16008597792603,C
BIRD BOX CHRISTMAS TREE DECORATION,181.01,0.001838918322726704,99.16192489624876,C
PURPLE ENAMEL FLOWER RING,180.33,0.0018320100609762256,99.16375690630974,C
CUTE CATS TAPE,180.29000000000002,0.0018316036926379624,99.16558851000238,C
SET/6 BLACK BIRD T-LIGHT CANDLES,180.16,0.001830282995538606,99.16741879299792,C
POLYESTER FILLER PAD 30CMx30CM,180.0,0.001828657522185552,99.1692474505201,C
LUNCHBAG PINK RETROSPOT,179.91,0.0018277431934244591,99.17107519371353,C
BLUE FLOWER T-LIGHT HOLDER,179.88,0.0018274384171707617,99.1729026321307,C
SET/3 COLOUR PAINTED KASHMIRI STOOL,179.85000000000002,0.0018271336409170643,99.17472976577162,C
ORIGAMI VANILLA INCENSE+FLOWER ,179.56,0.0018241874704646541,99.17655395324208,C
PURPLE CHUNKY GLASS+BEAD NECKLACE,179.45999999999998,0.001823171549618995,99.1783771247917,C
ORIENTAL RED CUSHION COVER ,179.35,0.001822054036688771,99.18019917882839,C
CLEAR ACRYLIC FACETED BANGLE,179.34000000000003,0.0018219524446042054,99.18202113127299,C
S/60 PINK FLUFFY CHICKS IN BOX,179.1,0.0018195142345746242,99.18384064550756,C
"BATHROOM SCALES, TROPICAL BEACH",179.08,0.0018193110504054926,99.18565995655797,C
BLACK DIAMANTE EXPANDABLE RING,178.86,0.0018170760245450434,99.18747703258252,C
SILVER LARIAT 40CM,178.78,0.0018162632878685164,99.18929329587039,C
JET BLACK LAS VEGAS NECKLACE 45CM,178.73000000000002,0.0018157553274456874,99.19110905119783,C
5 STRAND GLASS NECKLACE AMETHYST,178.39,0.0018123011965704477,99.1929213523944,C
PARTY PIZZA DISH BLUE RETROSPOT,178.34,0.0018117932361476185,99.19473314563054,C
"CAKE TIN, 3 TIER MINT/IVORY",176.75,0.001795640094701646,99.19652878572523,C
GLASS BONBON JAR. SUPERFINES,175.60999999999999,0.0017840585970611378,99.1983128443223,C
CHUNKY CRACKED GLAZE NECKLACE IVORY,175.48000000000002,0.0017827378999617817,99.20009558222226,C
6 SEGMENT COLOURED SNACK BOWL ,175.48000000000002,0.0017827378999617817,99.20187832012222,C
"FLOWER GLASS GARLAND NECKL.36""BLUE",175.43,0.0017822299395389523,99.20366055006176,C
GOLD APERITIF GLASS,175.04000000000002,0.0017782678482408836,99.20543881791,C
PINK KASHMIRI OCCASIONAL TABLE,174.9,0.0017768455590569613,99.20721566346904,C
MULTICOLOUR RABBIT EGG WARMER,174.62,0.0017740009806891173,99.20898966444973,C
AMETHYST HOOP EARRING FLORAL LEAF,174.52,0.0017729850598434585,99.21076264950958,C
BEADED CRYSTAL HEART GREEN SMALL,174.03,0.0017680070476997311,99.21253065655728,C
LILY BROOCH AMETHYST COLOUR,173.5,0.0017626226672177404,99.21429327922449,C
GREEN HEART COMPACT MIRROR,172.5,0.0017524634587611542,99.21604574268325,C
ST TROPEZ NECKLACE,172.38,0.0017512443537463635,99.21779698703699,C
SMALL WHITE/PINK ROSE ART FLOWER,171.97,0.0017470790782791632,99.21954406611528,C
CAROUSEL DESIGN BABY BIB,171.91,0.001746469525771768,99.22129053564105,C
"FOLK ART GREETING CARD,pack/12",171.53000000000003,0.0017426090265582656,99.22303314466761,C
CARTOON  PENCIL SHARPENERS,171.21,0.0017393580798521575,99.22477250274746,C
COW  SOCK PUPPET,171.10000000000002,0.0017382405669219335,99.22651074331438,C
PINK OVAL SHAPE TRINKET BOX,171.07,0.0017379357906682352,99.22824867910505,C
PINK FLOCK TABLE CLOCK ,170.8,0.0017351928043849573,99.22998387190944,C
4 PINK DINNER CANDLE SILVER FLOCK,170.73000000000002,0.0017344816597929965,99.23171835356924,C
PINK CRYSTAL+GLASS BRACELET,169.36,0.0017205635442074727,99.23343891711345,C
BAKING MOULD TOFFEE CUP CHOCOLATE,169.05000000000004,0.0017174141895859312,99.23515633130303,C
IVORY SHELL HEART NECKLACE,168.75,0.0017143664270489552,99.23687069773008,C
GREEN GLASS TASSLE BAG CHARM,168.6,0.001712842545780467,99.23858354027587,C
POP ART PUSH DOWN RUBBER ,168.54,0.001712232993273072,99.24029577326914,C
SILVER M.O.P ORBIT BRACELET,168.52,0.0017120298091039404,99.24200780307824,C
GREEN ENAMEL FLOWER RING,168.49,0.0017117250328502426,99.24371952811109,C
IVORY FELT EASTER RABBIT GARLAND,168.29999999999998,0.001709794783243491,99.24542932289432,C
"ACRYLIC JEWEL ICICLE, BLUE",168.27,0.0017094900069897937,99.24713881290131,C
MIRRORED WALL ART TABLE LAMP,168.12,0.0017079661257213055,99.24884677902703,C
FLOWER GARLAND NECKLACE RED,168.06,0.0017073565732139105,99.25055413560025,C
BLUE PUDDING SPOON,167.88,0.001705527915691725,99.25225966351594,C
FRENCH BLUE METAL DOOR SIGN 1,167.71,0.0017038008502541053,99.2539634643662,C
TEATIME PUSH DOWN RUBBER,167.7,0.0017036992581695393,99.25566716362437,C
TEXRIO TOMATOES CANDLE+CUP,166.78,0.0016943527863894797,99.25736151641075,C
SET/3 RABBITS FLOWER SKIPPPING ROPE,166.17,0.001688155669230962,99.25904967207998,C
S/4 PISTACHIO LOVEBIRD COASTERS,166.1,0.001687444524639001,99.26073711660462,C
RED SPOTTY BEAKER ,165.75,0.0016838888016791956,99.2624210054063,C
FRYING PAN BLUE POLKADOT,165.69,0.0016832792491718006,99.26410428465547,C
ARMY CAMO WRAPPING TAPE,165.55999999999997,0.001681958552072444,99.26578624320754,C
RED ENAMEL FLOWER RING,165.52,0.0016815521837341809,99.26746779539128,C
ORIENTAL RED C/COVER ,165.11,0.0016773869082669806,99.26914518229955,C
PINK CANDYSTUFT ARTIFICIAL FLOWER,165.01999999999998,0.0016764725795058873,99.27082165487906,C
ASSORTED BOTTLE TOP  MAGNETS ,164.34,0.0016695643177554091,99.27249121919681,C
PIN CUSHION BABUSHKA BLUE,164.29000000000002,0.00166905635733258,99.27416027555414,C
MIRRORED WALL ART FOXY,164.01,0.0016662117789647353,99.2758264873331,C
SPACEBOY CHILDRENS EGG CUP,163.88,0.0016648910818653792,99.27749137841496,C
LA PALMIERA TILE HOOK,163.64,0.0016624528718357982,99.2791538312868,C
FOLDING UMBRELLA CHOCOLATE POLKADOT,163.62,0.0016622496876666666,99.28081608097447,C
GREEN BITTY LIGHT CHAIN,162.87,0.0016546302813242268,99.2824707112558,C
SET/6 POSIES PAPER PLATES,162.64,0.001652293663379212,99.28412300491918,C
ORIGAMI SANDLEWOOD INCENSE/CAND SET,162.6,0.0016518872950409486,99.28577489221422,C
SILVER APERITIF GLASS,162.32000000000002,0.0016490427166731046,99.2874239349309,C
SUMMER BUTTERFLIES BAG CHARM,162.0,0.0016457917699669966,99.28906972670087,C
FLORAL DINOSAUR GREEN,161.89000000000001,0.0016446742570367726,99.29071440095791,C
PURPLE ENAMEL+GLASS HAIR COMB,161.7,0.0016427440074300206,99.29235714496534,C
BEADED CRYSTAL HEART GREEN LARGE,161.26,0.0016382739557091227,99.29399541892104,C
RED PEONY TABLE CLOCK,161.1,0.0016366484823560692,99.2956320674034,C
SILVER SLEIGHBELL  WREATH,160.45,0.0016300449968592876,99.29726211240026,C
ENGLISH ROSE NOTEBOOK A6 SIZE,160.37,0.001629232260182761,99.29889134466045,C
CANDY STRIPE ROSE FLOOR CUSHION,160.15,0.0016269972343223118,99.30051834189477,C
MIRRORED WALL ART SNOWFLAKES,159.85,0.0016239494717853362,99.30214229136656,C
CERAMIC HEART CAKE MONEY BANK,159.6,0.0016214096696711895,99.30376370103623,C
WHITE METAL BAROQUE PHOTO FRAME,158.9,0.0016142982237515788,99.30537799925999,C
COTE D'AZURE NECKLACE,158.79000000000002,0.0016131807108213548,99.30699117997081,C
MUG AND COASTER SET RED CIRCLES,158.76,0.0016128759345676567,99.30860405590538,C
RESIN NECKLACE W PASTEL BEADS,158.54,0.0016106409087072076,99.31021469681409,C
FOOD/DRINK SPUNGE STICKERS,158.19,0.0016070851857474026,99.31182178199984,C
DOOR MAT CAMOUFLAGE,158.04,0.0016055613044789144,99.31342734330431,C
ENAMEL CAT BOWL CREAM,157.8,0.001603123094449334,99.31503046639877,C
SET/4 DAISY MIRROR MAGNETS,157.62,0.0016012944369271486,99.31663176083569,C
BLUE WHITE SCARF HOT WATER BOTTLE,157.60000000000002,0.001601091252758017,99.31823285208844,C
CRYSTAL DIAMANTE EXPANDABLE RING,157.45,0.0015995673714895285,99.31983241945993,C
FLAT PALM T-LIGHT HOLDER,156.65,0.0015914400047242596,99.32142385946466,C
WHITE CANDYSTUFT ARTIFICIAL FLOWER,156.45999999999998,0.001589509755117508,99.32301336921978,C
LILY BROOCH OLIVE COLOUR,155.96,0.001584430150889215,99.32459779937066,C
PINK ROSE PICNIC RUG,155.7,0.0015817887566905023,99.32617958812736,C
SILVER BLACK ORBIT BRACELET,155.67,0.0015814839804368047,99.32776107210779,C
BLACK PHOTO ALBUM ,155.23,0.0015770139287159066,99.3293380860365,C
"FELTCRAFT HAIRBAND, S/2, RED/BLUE",154.68,0.0015714263640647845,99.33090951240057,C
ENGLISH ROSE SPIRIT LEVEL ,154.54,0.0015700040748808622,99.33247951647544,C
NECKLACE+BRACELET SET FRUIT SALAD ,154.47,0.0015692929302889014,99.33404880940573,C
GREEN/BLUE CERAMIC CANDLE HOLDER,154.32000000000002,0.0015677690490204137,99.33561657845475,C
NECKLACE+BRACELET SET BLUE BLOSSOM,154.23,0.0015668547202593204,99.337183433175,C
SPOTTY COFFEE CUP & SAUCER,153.78,0.0015622830764538567,99.33874571625145,C
FRESHWATER PEARL BRACELET GOLD,153.14,0.0015557811830416413,99.3403014974345,C
NEW BAROQUE SMALL NECKLACE BLACK,153.0,0.0015543588938577194,99.34185585632835,C
PURPLE VINTAGE EARRINGS,152.94,0.001553749341350324,99.3434096056697,C
CREAM CLIMBING HYDRANGA ART FLOWER,152.85,0.0015528350125892313,99.3449624406823,C
MURANO STYLE GLASS BRACELET RED,152.76,0.0015519206838281385,99.34651436136612,C
PINK GINGHAM ROSE CUSHION COVER,152.6,0.0015502952104750846,99.3480646565766,C
PINK CHERRY BLOSSOM CUP & SAUCER,151.7,0.0015411519228641568,99.34960580849946,C
ASS FLORAL PRINT MULTI SCREWDRIVER,151.39,0.0015380025682426148,99.3511438110677,C
POCKET MIRROR WOODLAND,151.25,0.0015365802790586929,99.35268039134677,C
GIRLS PARTY BAG,151.2,0.0015360723186358637,99.3542164636654,C
MAGIC DRAWING SLATE FIDO,151.2,0.0015360723186358637,99.35575253598402,C
PORCELAIN CHERUB BELL SMALL,150.72,0.0015311958985767024,99.3572837318826,C
BLUE POLKADOT EGG CUP ,150.67,0.0015306879381538727,99.35881441982076,C
FELT FARM ANIMAL HEN,150.10999999999999,0.0015249987814181843,99.36033941860218,C
TURQUOISE CRYSTAL+GLASS BRACELET,149.87,0.0015225605713886038,99.36186197917357,C
GREY ACRYLIC FACETED BANGLE,149.79000000000002,0.0015217478347120772,99.36338372700828,C
CAPIZ CHANDELIER,149.75,0.0015213414663738133,99.36490506847466,C
12 PINK HEN+CHICKS IN BASKET,149.24,0.0015161602700609544,99.36642122874471,C
FLOWER FAIRY SUMMER BOUQUET SACHET,149.1,0.001514737980877032,99.3679359667256,C
MURANO STYLE GLASS BRACELET PINK,148.87,0.0015124013629320174,99.36944836808853,C
RED  EGG  SPOON,147.9,0.0015025469307291288,99.37095091501925,C
BLACK GLASS BRACELET W HEART CHARMS,147.79,0.001501429417798904,99.37245234443705,C
REDWHITE STRIPE SCANDINAVIAN HEART ,147.64,0.001499905536530416,99.37395224997358,C
ASSORTED COLOUR METAL CAT ,147.35,0.001496959366078006,99.37544920933966,C
BEADED CRYSTAL HEART BLUE ON STICK,147.25,0.0014959434452323473,99.3769451527849,C
BLUE EASTER EGG HUNT START POST,147.18,0.0014952323006403865,99.37844038508554,C
DOT MATRIX CANVAS ART PICTURE,147.05,0.0014939116035410304,99.37993429668909,C
FROSTED WHITE BASE ,146.66,0.0014899495122429613,99.38142424620133,C
WHITE SQUARE TABLE CLOCK,146.26,0.0014858858288603267,99.38291013203019,C
PINK SMALL JEWELLED PHOTOFRAME,145.2,0.0014751170678963452,99.38438524909809,C
RED POLKADOT COFFEE  MUG,145.02,0.00147328841037416,99.38585853750847,C
NEW BAROQUE B'FLY NECKLACE RED,144.96,0.0014726788578667647,99.38733121636633,C
ST GEORGE SET OF 10 PARTY LIGHTS,144.55,0.0014685135823995642,99.38879972994873,C
"FLOWER GLASS GARLD NECKL36""TURQUOIS",144.23000000000002,0.0014652626356934566,99.39026499258442,C
FLOWERS TILE HOOK,144.15,0.0014644498990169295,99.39172944248344,C
GREEN WITH METAL BAG CHARM,144.04,0.0014633323860867048,99.39319277486952,C
DOLLY GIRL CHILDRENS EGG CUP,143.8,0.0014608941760571245,99.39465366904558,C
FLOWERS TILE COASTER,143.76999999999998,0.0014605893998034265,99.39611425844538,C
RED RETROSPOT WASHBAG,142.99,0.0014526652172072894,99.39756692366258,C
CUBIC MUG PINK POLKADOT,142.8,0.001450734967600538,99.39901765863019,C
TEAL/FUSCHIA COL BEAD NECKLACE,142.03,0.0014429123770889664,99.40046057100727,C
ASS FLORAL PRINT SPIRIT LEVEL ,141.42,0.0014367152599304486,99.4018972862672,C
BLACK VINT ART DEC CRYSTAL BRACELET,141.37,0.0014362072995076196,99.4033334935667,C
LARGE STRAWBERRY CHOCOLATE CANDLE,141.23,0.0014347850103236972,99.40476827857702,C
ENGLISH ROSE SCENTED HANGING FLOWER,140.28,0.0014251337622899402,99.40619341233932,C
SILVER ROCOCO CANDELABRA,140.23,0.0014246258018671108,99.40761803814118,C
BLUE CIRCLES DESIGN TEDDY,140.13,0.0014236098810214523,99.4090416480222,C
SEAGRASS S/3 SQU LAUNDRY BOX,139.95,0.0014217812234992666,99.4104634292457,C
"NUMBER TILE COTTAGE GARDEN, 1",139.69,0.0014191398293005543,99.41188256907499,C
"ACRYLIC JEWEL ICICLE, PINK",139.68,0.0014190382372159885,99.4133016073122,C
CAROUSEL CHILDRENS OVERALL,139.56,0.001417819132201198,99.4147194264444,C
HEART MEASURING SPOONS LARGE,138.6,0.001408066292082875,99.41612749273649,C
CLEAR CRYSTAL STAR PHONE CHARM,138.43,0.0014063392266452555,99.41753383196314,C
 BROWN  PIRATE TREASURE CHEST ,138.22,0.001404205792869372,99.418938037756,C
LETTER SHAPE PENCIL SHARPENER,137.64000000000001,0.0013983134519645521,99.42033635120796,C
F FAIRY POTPOURRI CUSHIONS LAVENDER,137.54,0.0013972975311188935,99.42173364873908,C
FRESHWATER PEARL BRACELET IVORY,137.51,0.0013969927548651959,99.42313064149394,C
WHITE HEART OF GLASS BRACELET,137.07999999999998,0.0013926242952288636,99.42452326578918,C
FIRE POLISHED GLASS NECKL GREEN,136.92000000000002,0.00139099882187581,99.42591426461105,C
SPACE CADET WHITE,136.88,0.0013905924535375465,99.42730485706458,C
SILVER OVAL JEWELLED MIRROR,136.85,0.0013902876772838488,99.42869514474187,C
FRENCH LATTICE CUSHION COVER ,136.59,0.0013876462830851365,99.43008279102496,C
"HANGING FLOWERS+MIRROR,PINK",136.44,0.0013861224018166484,99.43146891342677,C
HANGING WOOD AND FELT FLOWER,136.38,0.0013855128493092531,99.43285442627608,C
ROSE DU SUD CHILDRENS APRON,135.93,0.0013809412055037894,99.43423536748158,C
ORIGAMI ROSE INCENSE+FLOWER,135.7,0.0013786045875587743,99.43561397206913,C
HAND TOWEL PINK FLOWER AND DAISY,135.5,0.0013765727458674572,99.436990544815,C
FLOWER BURST SILVER RING OPAL,135.0,0.001371493141639164,99.43836203795664,C
BIG POLKADOT MUG,134.42,0.0013656008007343439,99.43972763875738,C
JACOBS LADDER SMALL,134.08,0.0013621466698591047,99.44108978542724,C
"GARLAND , WOODEN  "" HAPPY EASTER""",133.89,0.001360216420252353,99.44245000184749,C
YELLOW VW BEETLE CERAMIC MONEY BOX,133.85000000000002,0.00135981005191409,99.4438098118994,C
DOLPHIN WINDMILL,133.56,0.0013568638814616797,99.44516667578085,C
WHITE VINTAGE CRYSTAL BRACELET,133.21,0.0013533081585018743,99.44651998393935,C
GREEN CHENILLE SHAGGY RUG,132.75,0.0013486349226118446,99.44786861886196,C
SPACE CADET RED,132.45,0.0013455871600748686,99.44921420602203,C
SILVER M.O.P ORBIT DROP EARRINGS,132.14,0.0013424378054533268,99.45055664382748,C
GREEN WIRE STANDING CANDLE HOLDER,132.09,0.0013419298450304976,99.45189857367251,C
SILVER DROP EARRINGS WITH FLOWER,132.09,0.0013419298450304976,99.45324050351753,C
SET OF 4 CAROUSEL PLACEMATS ,132.09,0.0013419298450304976,99.45458243336256,C
VINTAGE BEAD PINK EVENING BAG,131.66,0.0013375613853941655,99.45591999474796,C
WHITE ROSE C/COVER,130.9,0.0013298403869671598,99.45724983513493,C
PINK FEATHER CHRISTMAS DECORATION,130.72,0.001328011729444974,99.45857784686437,C
FUNKY GIRL ADDRESS BOOK,130.71,0.0013279101373604085,99.45990575700174,C
BEST DAD CANDLE LETTERS,130.37,0.001324456006485169,99.46123021300822,C
3D SHEET OF SEA WORLD STICKERS,130.09,0.0013216114281173249,99.46255182443633,C
PURPLE AMETHYST NECKLACE W TASSEL,130.07,0.001321408243948193,99.46387323268029,C
FLOWERS WALL THERMOMETER,130.05,0.0013212050597790615,99.46519443774007,C
VINTAGE NOTEBOOK RED ROSE,129.8,0.001318665257664915,99.46651310299774,C
AMBER GLASS TASSLE BAG CHARM,129.79000000000002,0.001318563665580349,99.46783166666332,C
SET OF 4 PISTACHIO LOVEBIRD COASTER,129.65,0.0013171413763964268,99.4691488080397,C
NATURAL RIVIERA HANDBAG,128.83,0.001308810825462026,99.47045761886517,C
CARD BILLBOARD FONT,128.54,0.0013058646550096157,99.47176348352018,C
BIRD DECORATION GREEN POLKADOT,128.07999999999998,0.001301191419119586,99.4730646749393,C
NEW BAROQUE LARGE NECKLACE BLK/WHIT,127.61,0.0012964165911449905,99.47436109153044,C
"BREAD BIN, DINER STYLE, PINK",127.6,0.0012963149990604247,99.4756574065295,C
PINK ROUND COMPACT MIRROR,127.5,0.001295299078214766,99.47695270560772,C
BLACK 3 TIER GLASS PLATE STAND,127.5,0.001295299078214766,99.47824800468592,C
GOLD/M.O.P PENDANT ORBIT NECKLACE,127.48,0.0012950958940456344,99.47954310057997,C
S/6 PAPER BOXES CURIOUS IMAGES ,127.2,0.0012922513156777902,99.48083535189565,C
FUNKY MONKEY GIFT BAG SMALL,126.83,0.0012884924085488532,99.4821238443042,C
LA STREGA CANVAS PICTURE ,126.30000000000001,0.0012831080280668625,99.48340695233226,C
GLASS BONBON JAR. D'AMANDES,126.25,0.001282600067644033,99.4846895523999,C
PINK CHICK EGG WARMER + EGG CUP,126.19,0.0012819905151366378,99.48597154291504,C
VINTAGE ENAMEL & CRYSTAL EARRINGS,125.82000000000001,0.001278231608007701,99.48724977452305,C
SCOTTIES DESIGN CHILD'S OVERALL,125.6,0.0012759965821472518,99.4885257711052,C
PINK HEART OF GLASS BRACELET,124.95,0.0012693930966504708,99.48979516420185,C
PINK BAROQUE FLOCK CANDLE HOLDER,124.83,0.0012681739916356803,99.49106333819348,C
ZINC HEART LATTICE CHARGER LARGE,124.39,0.0012637039399147822,99.4923270421334,C
FLOWER BURST SILVER RING MIDN'T BLU,124.38,0.0012636023478302164,99.49359064448123,C
DRAGONS BLOOD INCENSE,123.99,0.0012596402565321478,99.49485028473777,C
"GLASS JAR, KINGS CHOICE SOAP",123.9,0.001258725927771055,99.49610901066553,C
BREAD BIN DINER STYLE BLACK,123.6,0.0012556781652340791,99.49736468883077,C
METAL RABBIT LADDER EASTER ,123.25999999999999,0.0012522240343588397,99.49861691286513,C
FOLDING SHOE TIDY,123.15,0.0012511065214286152,99.49986801938655,C
CAROUSEL PONIES BABY BIB,122.9,0.0012485667193144687,99.50111658610587,C
PINK FLOWER HANGING HEART ,122.46,0.0012440966675935704,99.50236068277346,C
MOSAIC CANDLE DISH BLUE PURPLE,122.4,0.0012434871150861753,99.50360416988855,C
 CAMPHOR WOOD PORTOBELLO MUSHROOM,122.36,0.001243080746747912,99.5048472506353,C
CANDY SPOT EGG WARMER RABBIT,121.37,0.0012330231303758915,99.50608027376568,C
MOSAIC GLASS BALL CANDLEHOLDER,121.25,0.001231804025361101,99.50731207779104,C
RASPBERRY ANT COPPER FLOWER NECKLAC,121.07000000000001,0.0012299753678389155,99.50854205315888,C
MAGIC SLATE BUNNIES AT HOME ,120.96000000000001,0.001228857854908691,99.50977091101379,C
MAGIC SLATE SPACEBOY ,120.96000000000001,0.001228857854908691,99.5109997688687,C
MAGIC SLATE FIDO,120.96000000000001,0.001228857854908691,99.51222862672361,C
FAIRY CAKES PHOTO FRAME,120.13,0.0012204257118897243,99.5134490524355,C
NEW ENGLAND PLACEMATS,120.0,0.001219105014790368,99.51466815745029,C
BLUE METAL WALL SHELF,119.39999999999999,0.0012130094897164162,99.51588116694,C
PINK BABY GIRLS PHOTO ALBUM,119.39000000000001,0.0012129078976318504,99.51709407483764,C
NEW BAROQUE B'FLY NECKLACE MONTANA,119.17,0.0012106728717714013,99.51830474770942,C
SILVER/BLACK PENDANT ORBIT NECKLACE,119.11,0.001210063319264006,99.51951481102869,C
SET/2 BLUE  NOODLE BASKETS,118.95,0.0012084378459109523,99.5207232488746,C
CHILDRENS SPACEBOY MUG,118.80000000000001,0.0012069139646424644,99.52193016283924,C
BOX OF 6 PEBBLE CANDLES,118.39,0.001202748689175264,99.52313291152842,C
FLOWER BROOCH 4 ASSORTED COLOURS,118.24000000000001,0.001201224807906776,99.52433413633632,C
RESIN BRACELET W PASTEL BEADS,117.57000000000001,0.001194418138240863,99.52552855447456,C
JET BLACK LAS VEGAS BRACELET ROUND,117.51,0.001193808585733468,99.5267223630603,C
"NUMBER TILE COTTAGE GARDEN, 9",117.30999999999999,0.0011917767440421505,99.52791413980434,C
ROUND WHITE CONFETTI IN TUBE,117.21000000000001,0.001190760823196492,99.52910490062753,C
"HANGING FLOWERS+MIRROR,CLEAR",117.05,0.001189135349843438,99.53029403597738,C
"LETTER ""S"" BLING KEY RING",116.64,0.0011849700743762376,99.53147900605175,C
ORIGAMI ROSE INCENSE/CANDLE SET ,116.5,0.0011835477851923155,99.53266255383694,C
PRICE'S CANDLE PEACH,116.5,0.0011835477851923155,99.53384610162213,C
EAU DE NIL LOVE BIRD CANDLE,116.47,0.001183243008938618,99.53502934463107,C
"POCKET MIRROR ""GLAMOROUS""",116.32,0.00118171912767013,99.53621106375874,C
SPACE CADET BLACK,116.22,0.0011807032068244714,99.53739176696557,C
PINK COMBO MINI CRYSTALS NECKLACE,116.21000000000001,0.0011806016147399056,99.5385723685803,C
MIDNIGHT BLUE COPPER FLOWER NECKLAC,115.83,0.0011767411155264027,99.53974910969583,C
VINTAGE NOTEBOOK PINK FLOWER,115.05000000000001,0.0011688169329302656,99.54091792662877,C
BLACK CHRISTMAS FLOCK DROPLET ,114.07,0.0011588609086428106,99.54207678753741,C
CRYSTAL PAIR HEART HAIR SLIDES,113.91,0.0011572354352897569,99.5432340229727,C
PURPLE BERTIE GLASS BEAD BAG CHARM,113.71000000000001,0.0011552035935984395,99.5443892265663,C
DIAMOND LAS VEGAS NECKLACE 45CM,113.42000000000002,0.0011522574231460298,99.54554148398944,C
"NUMBER TILE COTTAGE GARDEN, 7",113.41,0.0011521558310614635,99.5466936398205,C
"NUMBER TILE COTTAGE GARDEN, 2",113.40999999999998,0.0011521558310614633,99.54784579565157,C
"NUMBER TILE COTTAGE GARDEN, 0 ",113.40999999999998,0.0011521558310614633,99.54899795148263,C
ROSE COLOUR PAIR HEART HAIR SLIDES,113.31,0.001151139910215805,99.55014909139285,C
LAVENDER INCENSE 40 CONES IN TIN,113.3,0.001151038318131239,99.55130012971098,C
BLUE CHENILLE SHAGGY CUSHION COVER ,113.14,0.0011494128447781854,99.55244954255576,C
MILK PAN BLUE POLKADOT,112.62,0.0011441300563807605,99.55359367261214,C
FRENCH BLUE METAL DOOR SIGN 2,112.61,0.0011440284642961944,99.55473770107643,C
AMETHYST GLASS/SHELL/PEARL NECKLACE,112.32,0.0011410822938437845,99.55587878337028,C
SILVER/AMETHYST DROP EARRINGS LEAF,112.27000000000001,0.0011405743334209552,99.5570193577037,C
"FLOWER GLASS GARLAND NECKL.36""GREEN",111.30000000000001,0.0011307199012180664,99.5581500776049,C
ASSORTED COLOUR JUMBO PEN,111.22,0.0011299071645415396,99.55927998476945,C
"NUMBER TILE COTTAGE GARDEN, 5",111.14999999999999,0.0011291960199495783,99.56040918078939,C
BLUE/PINK NEST STRIPE BOX,111.12,0.0011288912436958807,99.56153807203309,C
DAISY HAIR BAND,110.94,0.0011270625861736952,99.56266513461927,C
NEW BAROQUE B'FLY NECKLACE PINK,110.68,0.0011244211919749828,99.56378955581124,C
SILVER/NATURAL SHELL NECKLACE,110.67,0.001124319599890417,99.56491387541114,C
GREEN MURANO TWIST NECKLACE,110.66999999999999,0.0011243195998904168,99.56603819501103,C
PINK FLUFFY CHRISTMAS DECORATION,110.61,0.0011237100473830218,99.56716190505841,C
ASSORTED CIRCULAR MOBILE,109.99000000000001,0.0011174113381399382,99.56827931639656,C
PINK FLOCK GLASS CANDLEHOLDER,109.86,0.0011160906410405819,99.56939540703759,C
BEECH WOOD P/FRAME,109.85,0.001115989048956016,99.57051139608654,C
"LETTER ""J"" BLING KEY RING",109.31,0.0011105030763894595,99.57162189916293,C
"NUMBER TILE COTTAGE GARDEN, 6",109.19999999999999,0.0011093855634592348,99.57273128472639,C
"NUMBER TILE COTTAGE GARDEN, 4",109.19999999999999,0.0011093855634592348,99.57384067028984,C
"NUMBER TILE COTTAGE GARDEN, 8",109.19999999999999,0.0011093855634592348,99.5749500558533,C
"NUMBER TILE COTTAGE GARDEN, 3 ",109.19999999999999,0.0011093855634592348,99.57605944141675,C
CRYSTAL FROG PHONE CHARM,109.17,0.0011090807872055372,99.57716852220395,C
LION SOCK PUPPET,109.15,0.0011088776030364056,99.57827739980698,C
PACK/12 DECOUPAGE CARD,109.13000000000001,0.0011086744188672738,99.57938607422585,C
FRENCH PAISLEY CUSHION COVER,108.9,0.001106337800922259,99.58049241202677,C
ROSE FLOWER CANDLE+INCENSE 16X16CM,108.75,0.001104813919653771,99.58159722594642,C
PARTY PIZZA DISH GREEN POLKADOT,108.71,0.0011044075513155075,99.58270163349773,C
RAINBOW PEGS PHOTO CLIP STRING,108.63,0.0011035948146389807,99.58380522831237,C
 BLACK PIRATE TREASURE CHEST,108.48,0.0011020709333704928,99.58490729924574,C
GOLD FLOWER CUSHION COVER ,108.0,0.0010971945133113313,99.58600449375905,C
"ACRYLIC JEWEL ANGEL,PINK",107.78999999999999,0.001095061079535448,99.58709955483859,C
S/3 FLWR FAIRY ROSE CANDLES,107.68,0.0010939435666052237,99.58819349840519,C
RED PURSE WITH PINK HEART,107.65,0.001093638790351526,99.58928713719554,C
RED KUKUI COCONUT SEED NECKLACE,107.29,0.0010899814753071548,99.59037711867084,C
LARGE ZINC GLASS CANDLEHOLDER,107.17,0.0010887623702923645,99.59146588104113,C
FLAT GLASS  BAUBLE WHITE FLOCK ,107.13,0.0010883560019541011,99.59255423704309,C
"LETTER ""A"" BLING KEY RING",107.09,0.0010879496336158377,99.5936421866767,C
CRYSTAL HOOP EARRING FLORAL LEAF,106.64000000000001,0.0010833779898103738,99.59472556466652,C
BLUE/WHITE RIBBED MELAMINE JUG,106.59,0.0010828700293875444,99.59580843469591,C
DOORMAT KISS MY.......,106.58,0.0010827684373029786,99.59689120313321,C
AMBER DIAMANTE EXPANDABLE RING,106.5,0.0010819557006264517,99.59797315883384,C
RED VICTORIAN FABRIC HEART BOX,106.49000000000001,0.001081854108541886,99.59905501294239,C
RED GLASS TASSLE BAG CHARM,106.48,0.00108175251645732,99.60013676545884,C
PENCIL CASE GINGHAM FOREST,106.20000000000002,0.001078907938089476,99.60121567339694,C
ASS COL CIRCLE MOBILE ,105.89999999999999,0.0010758601755524997,99.60229153357248,C
DOGGY RUBBER,105.57,0.001072507636761826,99.60336404120925,C
S/3 RABBIT FLOWER/EGG/CARROT ROPE,105.39999999999999,0.0010707805713242066,99.60443482178057,C
"ACRYLIC JEWEL SNOWFLAKE,BLUE",105.24,0.0010691550979711527,99.60550397687854,C
WRAP WINTER FOREST,105.0,0.0010667168879415722,99.60657069376649,C
FOLDING UMBRELLA WHITE/RED POLKADOT,104.76,0.0010642786779119914,99.6076349724444,C
PINK KNITTED EGG COSY,104.36999999999999,0.0010603165866139225,99.60869528903102,C
SHOPPING BAG DOORSTOP,104.25,0.0010590974815991323,99.60975438651262,C
BAG OF SILVER STONES,103.88,0.0010553385744701952,99.6108097250871,C
PURPLE ACRYLIC FACETED BANGLE,103.68,0.0010533067327788779,99.61186303181988,C
"LETTER ""L"" BLING KEY RING",103.57,0.0010521892198486532,99.61291522103973,C
SILVER WASHBAG,103.53000000000002,0.00105178285151039,99.61396700389123,C
PORCELAIN BUDAH INCENSE HOLDER,103.45,0.0010509701148338632,99.61501797400607,C
CHERRY BLOSSOM CANVAS ART PICTURE,103.35000000000001,0.0010499541939882045,99.61606792820005,C
WOODEN CHRISTMAS TREE 3 HANGING,103.06,0.0010470080235357943,99.61711493622359,C
EASTER TIN BUNNY BOUQUET,102.60000000000001,0.0010423347876457648,99.61815727101123,C
ORIGAMI VANILLA INCENSE CONES,102.3,0.0010392870251087888,99.61919655803634,C
SILVER/M.O.P PENDANT ORBIT NECKLACE,102.15,0.001037763143840301,99.62023432118018,C
SET OF 4 GREEN CAROUSEL COASTERS,102.11,0.0010373567755020373,99.62127167795568,C
5 STRAND GLASS NECKLACE AMBER,101.66,0.0010327851316965734,99.62230446308737,C
TURQUOISE HEART OF GLASS BRACELET,101.27000000000001,0.001028823040398505,99.62333328612777,C
SUMMER DAISIES BAG CHARM,101.24,0.0010285182641448071,99.62436180439192,C
FOLKART CHRISTMAS TREE T-LIGHT HOLD,101.08,0.0010268927907917532,99.62538869718271,C
FRENCH ENAMEL SOAP DISH WITH LID,100.8,0.0010240482124239093,99.62641274539514,C
BOYS PARTY BAG,100.8,0.0010240482124239093,99.62743679360757,C
"LETTER ""K"" BLING KEY RING",100.65,0.0010225243311554214,99.62845931793873,C
SEAGRASS S/2 CORNER LAUNDRY ,100.15,0.001017444726927128,99.62947676266566,C
3 PINK HEN+CHICKS IN BASKET,99.86,0.0010144985564747178,99.63049126122213,C
PINK ROSEBUD PEARL BRACELET,99.72,0.0010130762672907957,99.63150433748942,C
"LETTER ""C"" BLING KEY RING",99.51,0.0010109428335149128,99.63251528032293,C
SMOKEY GREY COLOUR D.O.F. GLASS,99.43,0.001010130096838386,99.63352541041978,C
MULTICOLOUR DOTS PLATE,99.02,0.0010059648213711853,99.63453137524115,C
"RIBBON REEL, MAKING SNOWMEN ",99.0,0.0010057616372020537,99.63553713687836,C
VINTAGE SILVER TINSEL REEL,98.9,0.001004745716356395,99.63654188259471,C
FRENCH BLUE METAL DOOR SIGN 3,98.88,0.0010045425321872632,99.6375464251269,C
"NUMBER TILE COTTAGE GARDEN, No",98.72,0.0010029170588342093,99.63854934218574,C
CHERRY BLOSSOM PHOTO FRAME ,97.9,0.0009945865078998086,99.63954392869364,C
PURPLE BOUDICCA LARGE BRACELET,97.57000000000001,0.0009912339691091352,99.64053516266274,C
BLUE SHELL+SILVER NECKLACE,97.5,0.000990522824517174,99.64152568548727,C
BAKING MOULD CHOCOLATE CUPCAKES,96.9,0.0009844272994432221,99.64251011278671,C
"LETTER ""M"" BLING KEY RING",96.35,0.0009788397347920996,99.64348895252151,C
MURANO STYLE GLASS BRACELET GOLD,96.14,0.0009767063010162164,99.64446565882253,C
CRYSTAL STUD EARRINGS CLEAR DISPLAY,95.75999999999999,0.0009728458018027136,99.64543850462432,C
50CM METAL STRING WITH  7 CLIPS,95.74,0.0009726426176335819,99.64641114724196,C
DOOR MAT KISS MY.......,95.15,0.000966648684644196,99.6473777959266,C
RED POLKADOT BEAKER ,95.10999999999999,0.0009662423163059323,99.64834403824291,C
WAKE UP COCKEREL TILE COASTER,95.07,0.000965835947967669,99.64930987419088,C
BROWN ANTIQUE CUBE CANDLE,94.92,0.0009643120666991811,99.65027418625758,C
WHITE STITCHED WALL CLOCK,94.67,0.0009617722645850345,99.65123595852216,C
PSYCHEDELIC TILE HOOK,94.58,0.0009608579358239417,99.65219681645799,C
RED RETROSPOT TAPE,94.53,0.0009603499754011124,99.65315716643339,C
GOLD COSMETIC BAG PINK STAR,94.5,0.0009600451991474149,99.65411721163254,C
GOLD/AMBER DROP EARRINGS W LEAF,94.4,0.0009590292783017561,99.65507624091084,C
GREEN POLKADOT CUP,94.35,0.0009585213178789268,99.65603476222873,C
MIRRORED WALL ART GENTS,94.21,0.0009570990286950047,99.65699186125742,C
BLACK VINT ART DEC CRYSTAL NECKLACE,93.85,0.0009534417136506336,99.65794530297107,C
LA PALMIERA TILE COASTER,93.82,0.0009531369373969359,99.65889843990847,C
EASTER BUNNY WITH BASKET ON BACK,93.58,0.0009506987273673554,99.65984913863583,C
HOUSE SHAPE PENCIL SHARPENER,93.53,0.000950190766944526,99.66079932940278,C
SET/6 POSIES PAPER CUPS,93.51,0.0009499875827753944,99.66174931698555,C
FLOWER BLUE CLOCK W/SUCKER,93.1,0.0009458223073081938,99.66269513929285,C
PINK CHRISTMAS FLOCK DROPLET ,92.92,0.0009439936497860084,99.66363913294263,C
RUBY DROP CHANDELIER EARRINGS,92.89,0.0009436888735323106,99.66458282181617,C
PINK EAU DE COLOGNE BOTTLE,92.16999999999999,0.0009363742434435684,99.6655191960596,C
GLOW IN DARK DOLPHINS,92.10000000000001,0.0009356630988516076,99.66645485915846,C
GOLD JEWELERY BOX,92.0,0.0009346471780059489,99.66738950633646,C
MAGIC GARDEN FELT GARLAND ,92.0,0.0009346471780059489,99.66832415351446,C
WAKE UP COCKEREL TILE HOOK,91.37,0.0009282468766782995,99.66925240039114,C
"LETTER ""E"" BLING KEY RING",91.17999999999999,0.0009263166270715478,99.67017871701822,C
S/6 PINK EASTER DECS IN BOX,90.94999999999999,0.0009239800091265329,99.67110269702735,C
ROUND PURPLE CLOCK W/SUCKER,90.52,0.0009196115494902009,99.67202230857684,C
ORIENTAL BLUE C/COVER ,89.59,0.0009101634856255756,99.67293247206247,C
ORIGAMI LAVENDER INCENSE IN TUBE,89.46000000000001,0.0009088427885262196,99.673841314851,C
ENGLISH ROSE SMALL SCENTED FLOWER,89.25,0.0009067093547503362,99.67474802420575,C
PINK DOLLY HAIR CLIPS,89.15,0.0009056934339046777,99.67565371763966,C
NEW ENGLAND EGG WARMER,89.12,0.00090538865765098,99.67655910629732,C
5 STRAND GLASS NECKLACE BLACK,88.94,0.0009035600001287944,99.67746266629744,C
VIP LUGGAGE TAG ,88.75,0.000901629750522043,99.67836429604796,C
POLKADOT COFFEE CUP & SAUCER PINK,88.61,0.000900207461338121,99.6792645035093,C
PURPLE FRANGIPANI HAIRCLIP,88.27,0.0008967533304628815,99.68016125683977,C
VINTAGE BEAD PINK SCARF ,87.91,0.0008930960154185105,99.68105435285518,C
WHITE 3 FRAME BIRDS AND TREE ,87.8,0.000891978502488286,99.68194633135768,C
MANHATTAN CANVAS ART PICTURE,87.8,0.000891978502488286,99.68283830986017,C
FIRE POLISHED GLASS BRACELET GREEN,87.78,0.0008917753183191542,99.6837300851785,C
FRENCH BLUE METAL DOOR SIGN No,87.59,0.0008898450687124027,99.68461993024721,C
GREEN WIRE GOBLET CANDLEHOLDER,87.45,0.0008884227795284807,99.68550835302673,C
"PET MUG, BUDGIE",87.28,0.000886695714090861,99.68639504874082,C
"ACRYLIC BEAD CHAIN, BLUE",87.02,0.0008840543198921485,99.68727910306072,C
CRYSTAL KEY+LOCK PHONE CHARM,86.69999999999999,0.0008808033731860409,99.68815990643391,C
"ACRYLIC HANGING JEWEL,BLUE",86.25,0.0008762317293805771,99.68903613816329,C
FOUR PICTURE WHITE GLASS FRAME,86.25,0.0008762317293805771,99.68991236989267,C
PAINTED LIGHTBULB RAINBOW DESIGN,86.22,0.0008759269531268795,99.6907882968458,C
BLUE KNITTED EGG COSY,86.2,0.0008757237689577476,99.69166402061475,C
Dotcomgiftshop Gift Voucher £50.00,86.03,0.000873996703520128,99.69253801731827,C
GOLD PRINT PAPER BAG,85.97,0.0008733871510127327,99.69341140446929,C
BLUE CRYSTAL BOOT PHONE CHARM,85.85,0.0008721680459979424,99.69428357251529,C
DIAMANTE HAIR GRIP PACK/2 CRYSTAL,85.83,0.0008719648618288107,99.69515553737712,C
ANT SILVER LIME GREEN BOUDICCA RING,85.55000000000001,0.0008691202834609667,99.69602465766057,C
WOBBLING METAL CHICKEN EASTER,85.53,0.0008689170992918347,99.69689357475987,C
PINK & WHITE ROSEBUD RING,85.14,0.0008649550079937662,99.69775852976787,C
PINK SQUARE TABLE CLOCK,85.03,0.0008638374950635416,99.69862236726293,C
FRUIT SALAD BAG CHARM,85.02,0.0008637359029789757,99.69948610316591,C
S/6 SILVER ORNAMENETAL CANDLE,85.0,0.0008635327188098441,99.70034963588472,C
BLUE HOLE PUNCH,85.0,0.0008635327188098441,99.70121316860353,C
"DOG FOOD CONTAINER , VINTAGE",85.0,0.0008635327188098441,99.70207670132234,C
INCENSE BAZAAR CANNABIS,84.84,0.0008619072454567902,99.70293860856779,C
BERRIES CHUNKY KNITTED THROW ,84.75,0.0008609929166956973,99.70379960148449,C
TEATIME PENCIL W STAMP ASST,84.69,0.0008603833641883022,99.70465998484867,C
RED PUDDING SPOON,84.44,0.0008578435620741556,99.70551782841075,C
WHITE ROSEBUD  PEARL EARRINGS,84.22,0.0008556085362137066,99.70637343694696,C
PINK/FLOWER RABBIT EGG WARMER ,84.0,0.0008533735103532576,99.70722681045731,C
"GREETING CARD, RITA",83.97,0.00085306873409956,99.70807987919142,C
BLACK FINE BEAD NECKLACE W TASSEL,83.29,0.0008461604723490813,99.70892603966377,C
YELLOW GIANT GARDEN THERMOMETER,83.27,0.0008459572881799496,99.70977199695194,C
OLD DOC.RUSSEL METAL SIGN,82.94,0.0008426047493892761,99.71061460170134,C
PAINTED LIGHTBULB STAR+ MOON,82.84,0.0008415888285436174,99.71145619052989,C
SILVER/CRYSTAL DROP EARRINGS W LEAF,82.83000000000001,0.0008414872364590517,99.71229767776634,C
FLOWER BURST SILVER RING ROSE,82.74,0.0008405729076979586,99.71313825067404,C
PSYCHEDELIC TILE COASTER,82.68,0.0008399633551905637,99.71397821402923,C
ANT SILVER FUSCHIA BOUDICCA RING,82.60000000000001,0.0008391506185140367,99.71481736464774,C
CUPID SCENTED CANDLE IN GLASS,82.5,0.0008381346976683781,99.71565549934542,C
SET 5 MINI CHOCOLATE FRIDGE MAGNETS,82.44,0.0008375251451609827,99.71649302449057,C
ASSORTED EASTER GIFT TAGS,82.42,0.0008373219609918511,99.71733034645156,C
PINK/YELLOW PATCH CUSHION COVER,82.34,0.0008365092243153243,99.71816685567588,C
HERB MARKER THYME,81.88,0.0008318359884252943,99.7189986916643,C
"FELTCRAFT HAIRBAND S/2, PINK/PURPLE",81.6,0.0008289914100574502,99.71982768307436,C
WOODEN TREE CHRISTMAS SCANDISPOT,81.6,0.0008289914100574502,99.72065667448442,C
HERB MARKER PARSLEY,81.52,0.0008281786733809232,99.7214848531578,C
SET OF 4 BLACK LOVEBIRD COASTERS,81.39999999999999,0.000826959568366133,99.72231181272618,C
SET/6 BLACK ROSE T-LIGHT CANDLES,81.12,0.0008241149899982888,99.72313592771617,C
PASTEL BLUE PHOTO ALBUM,81.1,0.0008239118058291571,99.723959839522,C
FILIGREE DIAMANTE EARRINGS,80.96000000000001,0.000822489516645235,99.72478232903865,C
HERB MARKER BASIL,80.87,0.0008215751878841422,99.72560390422653,C
 ANIMAL STICKERS,80.85,0.0008213720037150103,99.72642527623024,C
GOLD M.O.P ORBIT DROP EARRINGS,80.82000000000001,0.0008210672274613129,99.72724634345771,C
A4 WALL TIDY BLUE OFFICE,80.81,0.000820965635376747,99.72806730909308,C
VINTAGE ROSE BEAD BRACELET BLUE,80.75,0.0008203560828693517,99.72888766517595,C
MAGIC SLATE CIRCUS PARADE  ,80.64,0.0008192385699391273,99.72970690374589,C
MAGIC SLATE DOLLY GIRL ,80.64,0.0008192385699391273,99.73052614231584,C
WRAP SWEETS LIGHT PINK SMALL BOWL,80.62,0.0008190353857699957,99.73134517770161,C
ORIGAMI OPIUM SCENT INCENSE+FLOWER,80.60000000000001,0.000818832201600864,99.73216400990322,C
PARTY PIZZA DISH GREEN RETROSPOT,80.50999999999999,0.000817917872839771,99.73298192777605,C
FRENCH BLUE METAL DOOR SIGN 4,80.07,0.000813447821118873,99.73379537559717,C
FRENCH BLUE METAL DOOR SIGN 5,80.05,0.0008132446369497413,99.73460862023411,C
TURQ STONE/CRYSTAL EARRINGS,80.04,0.0008131430448651755,99.73542176327898,C
GLASS AND PAINTED BEADS BRACELET TO,79.65,0.0008091809535671068,99.73623094423255,C
PINK CRYSTAL SKULL PHONE CHARM,79.61999999999999,0.0008088761773134091,99.73703982040986,C
RIO PINK STRIPE HAMMOCK,79.5,0.0008076570722986188,99.73784747748216,C
IVORY GOLD METAL BAG CHARM,79.47,0.0008073522960449212,99.73865482977821,C
MIDNIGHT BLUE PAIR HEART HAIR SLIDE,79.32,0.0008058284147764332,99.73946065819298,C
STRAWBERRY CAKE TEAPOT,79.2,0.0008046093097616428,99.74026526750275,C
BLACK MEDIUM GLASS CAKE STAND,78.75,0.000800037665956179,99.7410653051687,C
WHITE/PINK MINI CRYSTALS NECKLACE,78.73,0.0007998344817870473,99.74186513965049,C
PARTY PIZZA DISH PINK WHITE SPOT ,78.72999999999999,0.0007998344817870471,99.74266497413227,C
NECKLACE+BRACELET SET BLUE HIBISCUS,78.69,0.0007994281134487838,99.74346440224572,C
PARTY PIZZA DISH PINK POLKADOT,78.69,0.0007994281134487838,99.74426383035917,C
"S/4 ICON COASTER,ELVIS LIVES",78.64,0.0007989201530259545,99.7450627505122,C
SMALL BLUE PROVENCAL CERAMIC BALL,78.22,0.0007946532854741882,99.74585740379767,C
HERB MARKER ROSEMARY,78.2,0.0007944501013050565,99.74665185389898,C
PINK STAR CHRISTMAS DECORATION,78.11999999999999,0.0007936373646285296,99.7474454912636,C
SET OF 3 RABBIT CARROTS EASTER,77.96,0.0007920118912754757,99.74823750315488,C
COLUMBIAN  CUBE CANDLE ,77.89,0.0007913007466835147,99.74902880390157,C
PINK BERTIE GLASS BEAD BAG CHARM,77.73,0.0007896752733304609,99.74981847917489,C
VANILLA INCENSE 40 CONES IN TIN,77.7,0.0007893704970767633,99.75060784967197,C
GOLD M.O.P ORBIT BRACELET,77.61,0.0007884561683156704,99.75139630584029,C
WISE MAN STAR SHAPE EGG PAN,77.55,0.0007878466158082753,99.7521841524561,C
GREEN HEART OF GLASS BRACELET,77.46000000000001,0.0007869322870471825,99.75297108474314,C
DISTRESSED CANDLE STICK WHITE,77.35,0.0007858147741169581,99.75375689951726,C
PINK ENAMEL FLOWER HAIR TIE,77.03000000000002,0.0007825638274108506,99.75453946334467,C
Dad's Cab Electronic Meter,76.95,0.0007817510907343235,99.7553212144354,C
WHITE GLASS TV TRIPLE FRAME,76.6,0.0007781953677745182,99.75609940980317,C
 NEW BAROQUE BLACK BOXES,76.5,0.0007771794469288597,99.7568765892501,C
WHITE VINT ART DECO CRYSTAL NECKLAC,76.48,0.0007769762627597279,99.75765356551285,C
GLASS BEAD HOOP NECKLACE BLACK,76.47,0.000776874670675162,99.75843044018353,C
BLUE TRAVEL FIRST AID KIT,75.89999999999999,0.0007710839218549077,99.75920152410539,C
SQUARE METAL CANDLEHOLDER BASE,75.53,0.0007673250147259708,99.75996884912011,C
MIRRORED WALL ART SPLODGES,75.24,0.0007643788442735607,99.7607332279644,C
"ASS RETROSPOOF MUGS,SPORTS",75.0,0.00076194063424398,99.76149516859864,C
WRAP BOUDOIR ,75.0,0.00076194063424398,99.76225710923289,C
PAIR OF ENAMEL BUTTERFLY HAIRCLIP,74.95,0.0007614326738211507,99.76301854190672,C
ENCHANTED GARDEN WROUGHT IRON TABLE,74.75,0.0007594008321298334,99.76377794273884,C
VINTAGE PINK TINSEL REEL ,74.6,0.0007578769508613454,99.7645358196897,C
PINK NEW BAROQUE FLOCK CANDLESTICK,74.4,0.0007558451091700283,99.76529166479887,C
L BLUE C/COVER W PINK/YELLOW FLOWER,74.31,0.0007549307804089354,99.76604659557927,C
2 DAISIES HAIR COMB,74.16000000000001,0.0007534068991404475,99.7668000024784,C
LARGE CRYSTAL DIAMANTE HAIRSLIDE,74.10000000000001,0.0007527973466330523,99.76755279982504,C
NECKLACE+BRACELET SET PINK DAISY,73.95,0.0007512734653645644,99.76830407329041,C
SAMPLES,73.8,0.0007497495840960763,99.76905382287451,C
S/6 SEW ON CROCHET FLOWERS,73.76,0.000749343215757813,99.76980316609027,C
TROPICAL HOLIDAY PURSE ,73.75,0.0007492416236732469,99.77055240771395,C
BLUE POLKADOT PASSPORT COVER,73.63,0.0007480225186584566,99.77130043023261,C
HERB MARKER CHIVES ,72.42,0.0007357298764259872,99.77203616010904,C
6 RABBIT CHAIN EASTER,72.42,0.0007357298764259872,99.77277188998546,C
BLACK GLASS TV DOUBLE P/FRAME 15X10,72.25,0.0007340028109883674,99.77350589279645,C
SILVER LARIAT BLACK STONE EARRINGS,72.21,0.0007335964426501038,99.7742394892391,C
PARTY PIZZA DISH BLUE POLKADOT,72.05,0.0007319709692970501,99.77497146020839,C
CERISE+GOLD CHRISTMAS STOCKING DEC,71.44,0.0007257738521385323,99.77569723406053,C
NEW ENGLAND MUG W GIFT BOX,71.39999999999999,0.0007253674838002688,99.77642260154433,C
FAIRY CAKES  WALL THERMOMETER,71.39999999999999,0.0007253674838002688,99.77714796902812,C
PINK FEATHERS CURTAIN,71.25,0.000723843602531781,99.77787181263065,C
LITTLE PINK MONSTER SOFT TOY,71.1,0.0007223197212632929,99.77859413235191,C
HEARTS PENCIL/RUBBER+5 MINI PENCILS,70.98,0.0007211006162485028,99.77931523296816,C
PINK BUTTERFLY C/COVER ,70.82,0.0007194751428954489,99.78003470811106,C
ANT SILVER TURQUOISE BOUDICCA RING,70.80000000000001,0.0007192719587263173,99.78075398006979,C
PORCELAIN HANGING BELL LARGE,70.5,0.0007162241961893413,99.78147020426599,C
FRENCH BLUE METAL DOOR SIGN 7,70.08,0.0007119573286375749,99.78218216159462,C
FUSCHIA FLOWER PURSE WITH BEADS,70.03,0.0007114493682147455,99.78289361096283,C
"LETTER ""R"" BLING KEY RING",69.97,0.0007108398157073504,99.78360445077854,C
Dotcomgiftshop Gift Voucher £80.00,69.56,0.00070667454024015,99.78431112531878,C
CREAM C/COVER W YELLOW/GREEN FLOWER,69.5,0.0007060649877327548,99.78501719030652,C
HAPPY ANNIVERSARY CANDLE LETTERS,69.18,0.0007028140410266473,99.78572000434754,C
MIRRORED WALL ART LADIES,68.75999999999999,0.0006985471734748808,99.78641855152101,C
MULTICOLOUR POLKADOT PLATE,68.4,0.0006948898584305098,99.78711344137945,C
NEW BAROQUE B'FLY NECKLACE GREEN,68.16,0.0006924516484009289,99.78780589302785,C
DROP DIAMANTE EARRINGS PURPLE,68.15,0.0006923500563163631,99.78849824308416,C
SILVER BLACK ORBIT DROP EARRINGS,68.11,0.0006919436879780997,99.78919018677215,C
SILVER MONTE CARLO HANDBAG,68.0,0.0006908261750478752,99.78988101294719,C
FIRE POLISHED GLASS BRACELET BLACK,67.98,0.0006906229908787435,99.79057163593806,C
CROCHET WHITE RABBIT KEYRING ,67.89,0.0006897086621176508,99.79126134460019,C
TREE OF NOAH FESTIVE SCENTED CANDLE,67.8,0.0006887943333565579,99.79195013893354,C
FLOWER BURST SILVER RING GREEN,67.77,0.0006884895571028603,99.79263862849065,C
PINK PAISLEY PHOTO ALBUM,67.71000000000001,0.0006878800045954652,99.79332650849524,C
SILVER 2 STRAND NECKLACE-LEAF CHARM,67.64,0.0006871688600035041,99.79401367735524,C
SILVER FLOWR PINK SHELL NECKLACE,67.5,0.000685746570819582,99.79469942392606,C
RUBY GLASS CLUSTER NECKLACE,67.5,0.000685746570819582,99.79538517049689,C
BLUE FLOCK CUSHION COVER ,67.5,0.000685746570819582,99.79607091706771,C
SCOTTS ROSES TILE COASTER,67.5,0.000685746570819582,99.79675666363853,C
ENGLISH ROSE SET/3 GARDEN TOOLS,67.25,0.0006832067687054354,99.79743987040723,C
15 PINK FLUFFY CHICKS IN BOX,67.01,0.0006807685586758547,99.79812063896591,C
DIAMANTE HAIR GRIP PACK/2 PERIDOT,66.98,0.0006804637824221571,99.79880110274833,C
PINK ROSEBUD PEARL EARRINGS,66.51,0.0006756889544475616,99.79947679170277,C
OCCASIONS GIFT CARD ASSORTMENT,66.0,0.0006705077581347024,99.8001472994609,C
LARGE FIBRE OPTIC CHRISTMAS TREE,65.76,0.0006680695481051217,99.800815369009,C
BROWN KUKUI COCONUT SEED NECKLACE,65.54,0.0006658345222446727,99.80148120353124,C
Dotcomgiftshop Gift Voucher £40.00,65.39,0.0006643106409761847,99.80214551417221,C
LARGE ZINC/GLASS CANDLEHOLDER,65.23,0.0006626851676231309,99.80280819933984,C
ENGLISH ROSE PHOTO FRAME ,65.10000000000001,0.0006613644705237747,99.80346956381035,C
FELT FARM ANIMAL SHEEP,65.06,0.0006609581021855111,99.80413052191254,C
WHITE STONE/CRYSTAL EARRINGS,65.01,0.0006604501417626819,99.8047909720543,C
SET/6 GREEN SPRING PAPER CUPS,64.85000000000001,0.0006588246684096281,99.80544979672271,C
AMBER GLASS/SHELL/PEARL NECKLACE,64.6,0.0006562848662954815,99.80610608158901,C
CLEAR STATIONERY BOX SET ,64.6,0.0006562848662954815,99.8067623664553,C
OOH LA LA DOGS COLLAR,64.52,0.0006554721296189545,99.80741783858493,C
KNITTED RABBIT DOLL ,64.35,0.0006537450641813348,99.80807158364911,C
MULTICOLOUR EASTER RABBIT ,64.35,0.0006537450641813348,99.8087253287133,C
METAL BASE FOR CANDLES,63.9,0.0006491734203758709,99.80937450213366,C
TINY CRYSTAL BRACELET RED,63.83,0.0006484622757839099,99.81002296440946,C
MULTICOLOUR GLASS PLATE,63.800000000000004,0.0006481574995302123,99.81067112190898,C
FILIGREE DIAMANTE CHAIN,63.75,0.000647649539107383,99.81131877144809,C
BLUE TILED SET OF 3 DRAWERS,63.75,0.000647649539107383,99.81196642098719,C
S/6 PAPER BOXES ROMANTIC IMAGES,63.75,0.000647649539107383,99.8126140705263,C
S/6 PAPER BOXES BLOSSOM IMAGES ,63.75,0.000647649539107383,99.8132617200654,C
CREAM AND PINK FLOWERS PONY ,63.75,0.000647649539107383,99.8139093696045,C
SET OF 16 VINTAGE IVORY CUTLERY,63.739999999999995,0.0006475479470228171,99.81455691755153,C
"CAT FOOD CONTAINER , VINTAGE",63.5,0.0006451097369932363,99.81520202728852,C
VINTAGE KEEPSAKE BOX BEAUTY GIRL,63.5,0.0006451097369932363,99.81584713702551,C
PINK FELT HANGING HEART W FLOWER,63.15,0.0006415540140334311,99.81648869103955,C
"WRAP , SUMMER ROSE DESIGN",63.0,0.0006400301327649432,99.81712872117232,C
SMALL FOLDING SCISSOR(POINTED EDGE),62.75,0.0006374903306507966,99.81776621150297,C
BLUE KNITTED KID'S RUCKSACK,62.35,0.0006334266472681621,99.81839963815024,C
PINK GREEN EMBROIDERY COSMETIC BAG,61.970000000000006,0.0006295661480546593,99.81902920429829,C
PINK/YELLOW RABBIT SAT EASTER,61.92,0.0006290581876318299,99.81965826248592,C
RED SPOTTY PASSPORT COVER,61.76,0.000627432714278776,99.8202856952002,C
PINK CLEAR GLASS CANDLE PLATE,61.37,0.0006234706229807074,99.82090916582318,C
GERANIUM FOLKART HEART DECORATION,61.25,0.000622251517965917,99.82153141734115,C
WOODEN STAR CHRISTMAS SCANDISPOT,61.2,0.0006217435575430877,99.8221531608987,C
FELTCRAFT HAIRBANDS PINK + WHITE ,61.199999999999996,0.0006217435575430877,99.82277490445624,C
BLUE CHECK BAG W HANDLE 34X20CM,61.050000000000004,0.0006202196762745998,99.82339512413252,C
LIGHT DECORATION BATTERY OPERATED,60.900000000000006,0.0006186957950061118,99.82401381992753,C
EDWARDIAN DROP EARRINGS JET BLACK,60.9,0.0006186957950061117,99.82463251572254,C
RUBY GLASS CLUSTER EARRINGS,60.67,0.0006163591770610969,99.8252488748996,C
MAGIC SLATE DINOSAUR,60.480000000000004,0.0006144289274543455,99.82586330382705,C
RED PEONY DES C/COVER ,60.45,0.0006141241512006479,99.82647742797825,C
PINK SWEETIE NECKLACE,60.42,0.0006138193749469503,99.8270912473532,C
TIN CAN BISCUITS DESIGN,60.0,0.000609552507395184,99.8277007998606,C
 SET Of 6 SOLDIER SKITTLES,60.0,0.000609552507395184,99.82831035236799,C
PINK SQUARE COMPACT MIRROR,60.0,0.000609552507395184,99.82891990487539,C
DAISY RING,59.65,0.0006059967844353788,99.82952590165982,C
Dotcomgiftshop Gift Voucher £70.00,59.57,0.0006051840477588519,99.83013108570758,C
BLUE BUTTERFLY ON SPRING,59.5,0.0006044729031668908,99.83073555861074,C
PINK DOG CANNISTER,59.5,0.0006044729031668908,99.8313400315139,C
FIRE POLISHED GLASS NECKL BRONZE,59.5,0.0006044729031668908,99.83194450441707,C
GLASS BEAD HOOP NECKLACE AMETHYST,59.5,0.0006044729031668908,99.83254897732023,C
PINK CROCHET CAT WITH SCARF,59.5,0.0006044729031668908,99.83315345022339,C
ANTIQUE OLIVE GREEN FLOWER EARRINGS,59.47,0.0006041681269131932,99.8337576183503,C
VINTAGE BEAD FILLED PINK CUSHION,59.400000000000006,0.0006034569823212322,99.83436107533262,C
ROUND FOOD CONTAINER S/5 RETROSPOT,59.400000000000006,0.0006034569823212322,99.83496453231494,C
CHILDRENS CIRCUS PARADE MUG,59.400000000000006,0.0006034569823212322,99.83556798929726,C
HAND OPEN SHAPE BLACK,59.330000000000005,0.0006027458377292712,99.83617073513498,C
PINK FLOWERS RABBIT EASTER,59.32,0.0006026442456447053,99.83677337938063,C
RED   ACRYLIC FACETED BANGLE,59.010000000000005,0.0005994948910231636,99.83737287427165,C
CHERRY BLOSSOM PURSE,59.00000000000001,0.0005993932989385977,99.83797226757059,C
BLUE GREEN EMBROIDERY COSMETIC BAG,59.00000000000001,0.0005993932989385977,99.83857166086953,C
CALENDAR FAMILY FAVORITES,59.0,0.0005993932989385977,99.83917105416847,C
CROCHET ROSE DES CLOTHES HANGER,59.0,0.0005993932989385977,99.83977044746742,C
ANT SILVER PURPLE BOUDICCA RING,59.0,0.0005993932989385977,99.84036984076636,C
DAISY HAIR COMB,58.65,0.0005958375759787924,99.84096567834233,C
"ICON ALARM CLOCK,FUSCHIA  PIN UP",58.65,0.0005958375759787924,99.8415615159183,C
PINK LARGE JEWELED PHOTOFRAME,58.64999999999999,0.0005958375759787923,99.84215735349427,C
GREEN PEONY DES C/COVER,58.370000000000005,0.0005929929976109483,99.84275034649188,C
"ACRYLIC JEWEL ANGEL,BLUE",58.07,0.0005899452350739723,99.84334029172696,C
WHITE/BLUE RECT CERAMIC OIL BURNER,58.05,0.0005897420509048404,99.84393003377787,C
SKY BLUE COLOUR GLASS GEMS IN BAG,57.98,0.0005890309063128795,99.84451906468418,C
HERB MARKER MINT,57.480000000000004,0.0005839513020845863,99.84510301598627,C
"JEWELLED DECORATION,BLUE",57.0,0.0005790748820254248,99.8456820908683,C
WHITE/PINK CHICK EASTER DECORATION,56.91,0.000578160553264332,99.84626025142155,C
BURG FLOCK GOLD CUP/CANDLE ,56.9,0.0005780589611797662,99.84683831038274,C
BLACK SIL'T SQU CANDLE PLATE ,56.7,0.0005760271194884489,99.84741433750223,C
ICON PLACEMAT POP ART ELVIS,56.52,0.0005741984619662634,99.84798853596419,C
"LETTER ""G"" BLING KEY RING",56.38,0.0005727761727823413,99.84856131213698,C
PINK FLOCK SUEDE CUSHION COVER ,56.25,0.000571455475682985,99.84913276761266,C
CRYSTAL LARGE JEWELLED PHOTO FRAME,56.099999999999994,0.000569931594414497,99.84970269920707,C
PINK VINTAGE VICTORIAN EARRINGS,56.09,0.0005698300023299313,99.8502725292094,C
PINK BITTY LIGHT CHAIN,55.839999999999996,0.0005672902002157845,99.85083981940961,C
PINK/PURPLE CIRCLE CURTAIN,55.800000000000004,0.0005668838318775211,99.8514067032415,C
PADDED RED HEART DECORATION,55.76,0.0005664774635392577,99.85197318070503,C
CD WALL TIDY RED FLOWERS,55.56,0.0005644456218479403,99.85253762632688,C
ASSTD COL BUTTERFLY/CRYSTAL W/CHIME,55.06,0.0005593660176196472,99.8530969923445,C
VINTAGE ENAMEL & CRYSTAL NECKLACE,55.01,0.0005588580571968178,99.85365585040171,C
WELCOME METAL SIGN,55.0,0.000558756465112252,99.85421460686682,C
YELLOW FELT HANGING HEART W FLOWER,54.60999999999999,0.0005547943738141832,99.85476940124063,C
MONTANA DIAMOND CLUSTER NECKLACE,54.519999999999996,0.0005538800450530905,99.85532328128568,C
PORCELAIN CHERUB BELL LARGE,54.449999999999996,0.0005531689004611294,99.85587645018614,C
WHITE/PINK CHICK DECORATION,54.32,0.0005518482033617732,99.8564282983895,C
PARTY PIZZA DISH BLUE WHITE SPOT ,54.28,0.0005514418350235098,99.85697974022453,C
LOVE POTION MASALA INCENSE,53.76,0.0005461590466260849,99.85752589927115,C
"GREETING CARD, OVERCROWDED POOL.",53.709999999999994,0.0005456510862032554,99.85807155035735,C
DIAMANTE NECKLACE,53.68,0.0005453463099495579,99.8586168966673,C
DIAMANTE HAIR GRIP PACK/2 RUBY,53.58,0.0005443303891038993,99.8591612270564,C
TINY CRYSTAL BRACELET BLUE,53.56,0.0005441272049347677,99.85970535426134,C
PINK CRYSTAL GUITAR PHONE CHARM,53.55,0.0005440256128502017,99.86024937987419,C
BIRDCAGE DECORATION MAGIC GARDEN,53.55,0.0005440256128502017,99.86079340548704,C
PURPLE/BLUE CERAMIC CANDLE HOLDER,53.4,0.0005425017315817137,99.86133590721863,C
CLASSIC DIAMANTE NECKLACE JET,53.4,0.0005425017315817137,99.86187840895022,C
LITTLE GREEN MONSTER SOFT TOY,53.25,0.0005409778503132259,99.86241938680052,C
GREEN POP ART MAO CUSHION COVER ,53.2,0.0005404698898903965,99.86295985669041,C
ZINC HEART LATTICE CHARGER SMALL,53.10000000000001,0.000539453969044738,99.86349931065945,C
YELLOW + BROWN BEAR FELT PURSE KIT,52.65,0.0005348823252392739,99.86403419298469,C
PINK/WHITE GLASS DEMI CHOKER,52.64,0.0005347807331547081,99.86456897371785,C
FRENCH BLUE METAL DOOR SIGN 9,52.56,0.0005339679964781812,99.86510294171433,C
CARNATION SQUARE HANDY TIN,52.5,0.0005333584439707861,99.8656363001583,C
"LETTER ""B"" BLING KEY RING",52.21,0.0005304122735183759,99.86616671243182,C
OPULENT VELVET CANDLE IN BOX,52.2,0.0005303106814338101,99.86669702311325,C
BLUE COL METAL FOLDING CHAIR,51.8,0.0005262469980511755,99.8672232701113,C
SET OF 4 POLKADOT COASTERS,51.36,0.0005217769463302775,99.86774504705762,C
FRENCH BLUE METAL DOOR SIGN 8,51.33,0.0005214721700765799,99.8682665192277,C
HAYNES CAMPER SHOULDER BAG,51.31,0.0005212689859074482,99.86878778821361,C
GERANIUM SQUARE HANDY TIN,51.25,0.000520659433400053,99.86930844764701,C
Dotcomgiftshop Gift Voucher £10.00,51.239999999999995,0.0005205578413154871,99.86982900548833,C
ASSORTED SANTA CHRISTMAS DECORATION,51.13999999999999,0.0005195419204698285,99.8703485474088,C
FLAMES SUNGLASSES PINK LENSES,51.01,0.0005182212233704723,99.87086676863217,C
SET/4 BLACK  BAROQUE FLOCK COASTER,51.0,0.0005181196312859064,99.87138488826345,C
CREAM SWEETHEART DOUBLE SHELF,50.85,0.0005165957500174184,99.87190148401346,C
"BREAD BIN, DINER STYLE, RED ",50.849999999999994,0.0005165957500174184,99.87241807976348,C
TRANQUILITY MASALA INCENSE,50.82,0.0005162909737637209,99.87293437073724,C
"NUMBER TILE VINTAGE FONT, No ",50.7,0.0005150718687489305,99.87344944260599,C
STRAWBERY SWIRL FLARE CANDLE,50.400000000000006,0.0005120241062119546,99.8739614667122,C
DROP DIAMANTE EARRINGS BLACK DIAMON,50.370000000000005,0.000511719329958257,99.87447318604217,C
HEN & 2 CHICKS IN BASKET,50.15,0.000509484304097808,99.87498267034627,C
SET/2 CHRISTMAS DECOUPAGE CANDLES,50.0,0.00050796042282932,99.8754906307691,C
CRACKED GLAZE NECKLACE RED,49.73,0.0005052174365460416,99.87599584820563,C
"LETTER ""N"" BLING KEY RING",49.72,0.0005051158444614758,99.8765009640501,C
ORANGE/FUSCHIA STONES NECKLACE,49.64,0.0005043031077849489,99.87700526715788,C
WHITE WITH METAL BAG CHARM,49.5,0.0005028808186010268,99.87750814797649,C
POPART WOODEN PENCILS ASST,49.44,0.0005022712660936316,99.87801041924259,C
FAIRY CAKES GIFT BAG,49.14,0.0004992235035566557,99.87850964274614,C
WHITE CHRISTMAS FLOCK DROPLET ,49.05,0.0004983091747955628,99.87900795192094,C
"LETTER ""P"" BLING KEY RING",48.91,0.0004968868856116409,99.87950483880655,C
PINK RETRO BIG FLOWER BAG,48.75,0.000495261412258587,99.88000010021881,C
SET/16 WHITE SHINY & MATT BAUBLES,48.3,0.0004906897684531231,99.88049078998726,C
CAROUSEL CHILDRENS APRON,47.97,0.0004873372296624496,99.88097812721692,C
LASER CUT MULTI STRAND NECKLACE,47.8,0.0004856101642248299,99.88146373738114,C
PURPLE FINE BEAD NECKLACE W TASSEL,47.72,0.000484797427548303,99.88194853480869,C
ORNATE EDWARDIAN CANDLE HOLDER,47.7,0.0004845942433791713,99.88243312905206,C
PINK POLKADOT GARDEN PARASOL,47.7,0.0004845942433791713,99.88291772329544,C
CLASSICAL ROSE TABLE LAMP,47.6,0.00048357832253351267,99.88340130161797,C
GOTHIC CARRIAGE LANTERN,47.6,0.00048357832253351267,99.8838848799405,C
CD WALL TIDY BLUE OFFICE,47.58,0.0004833751383643809,99.88436825507885,C
FRENCH BLUE METAL DOOR SIGN 0,47.56,0.00048317195419524925,99.88485142703306,C
GREEN PENDANT TRIPLE SHELL NECKLACE,47.35,0.00048103852041936606,99.88533246555347,C
VINTAGE NOTEBOOK FRENCH LETTER ,47.20000000000001,0.00047951463915087817,99.88581198019263,C
TRELLIS FLOWER CHOPSTICKS SET/5,46.8,0.0004754509557682435,99.88628743114839,C
HEN HOUSE W CHICK IN NEST,46.620000000000005,0.00047362229824605804,99.88676105344663,C
ROUND BLUE CLOCK W/SUCKER,46.56,0.0004730127457386628,99.88723406619238,C
TEATIME PENCIL WITH RUBBER,46.45,0.0004718952328084383,99.88770596142518,C
EASTER TIN CHICKS PINK DAISY,46.38,0.0004711840882164773,99.8881771455134,C
S/3 POT POURI CUSHIONS BLUE COLOURS,46.2,0.0004693554306942917,99.88864650094409,C
PADDED HOLLY CHRISTMAS DECORATION ,46.17,0.0004690506544405941,99.88911555159854,C
CANDY STRIPE ROSE QUILT,45.95,0.0004668156285801451,99.88958236722712,C
SET OF 4 NAPKIN CHARM CUTLERY,45.900000000000006,0.00046630766815731583,99.89004867489528,C
POLYESTER FILLER PAD 60x40cm,45.9,0.0004663076681573157,99.89051498256345,C
TINY CRYSTAL BRACELET GREEN,45.89,0.0004662060760727499,99.89098118863951,C
BLACK ASSORTED DROPLET DECORATION,45.76,0.0004648853789733937,99.89144607401849,C
WHITE ROSEBUD & PEARL NECKLACE,45.73,0.000464580602719696,99.89191065462121,C
"LETTER ""H"" BLING KEY RING",45.2,0.00045919622223770533,99.89236985084345,C
DIAMANTE HAIR GRIP PACK/2 LT ROSE,45.18,0.00045899303806857356,99.89282884388152,C
DIAMANTE HAIR GRIP PACK/2 MONTANA,45.04,0.0004575707488846515,99.8932864146304,C
TIN CAN KINGS CHOICE DESIGN,45.0,0.000457164380546388,99.89374357901094,C
SET/6 CHRISTMAS ICICLE T-LIGHTS,45.0,0.000457164380546388,99.8942007433915,C
WRAP SPEED DEMONS ,45.0,0.000457164380546388,99.89465790777204,C
PIZZA DISH SLICE ,45.0,0.000457164380546388,99.89511507215259,C
MEDINA STAMPED METAL TRAY ,44.849999999999994,0.00045564049927789994,99.89557071265187,C
BLUE FELT HANGING HEART W FLOWER,44.65,0.00045360865758658277,99.89602432130945,C
DROP DIAMANTE EARRINGS GREEN,44.589999999999996,0.00045299910507918753,99.89647732041453,C
AMBER GLASS BRACELET HEART CHARMS,44.550000000000004,0.00045259273674092416,99.89692991315127,C
S/3 FRENCH VANILLA SQU CANDLE,44.55,0.00045259273674092405,99.897382505888,C
SILVER LOOKING MIRROR,44.55,0.00045259273674092405,99.89783509862474,C
"PINK ROSES/GINGHAM PATCH RABBIT 8""",44.25000000000001,0.0004495449742039483,99.89828464359894,C
IVORY ROSE LAMPSHADE ,44.25,0.0004495449742039482,99.89873418857314,C
BLACK FEATHER CHRISTMAS DECORATION,44.06,0.0004476147245971968,99.89918180329774,C
BLUE BLOSSOM HAIR CLIP,43.87,0.0004456844749904453,99.89962748777273,C
GLASS BEAD HOOP EARRINGS AMETHYST,43.78,0.0004447701462293526,99.90007225791896,C
ORIGAMI LAVENDER INCENSE CONES,43.75,0.00044446536997565505,99.90051672328894,C
"LETTER ""D"" BLING KEY RING",43.47,0.0004416207916078108,99.90095834408055,C
FRESHWATER PEARL BRACELET PINK,43.349999999999994,0.00044040168659302043,99.90139874576714,C
"ACRYLIC BEAD CHAIN, PINK",43.32,0.00044009691033932287,99.90183884267748,C
SET/4 GARDEN ROSE DINNER CANDLE,43.21,0.00043897939740909835,99.9022778220749,C
CROCHET DOG KEYRING,42.9,0.00043583004278755654,99.90271365211768,C
CROCHET BEAR RED/BLUE  KEYRING,42.9,0.00043583004278755654,99.90314948216047,C
Hypochondriac Pill Stress Ball,42.64,0.0004331886485888441,99.90358267080906,C
 STAR  T-LIGHT HOLDER ,42.61,0.0004328838723351465,99.9040155546814,C
NEW BAROQUE B'FLY NECKLACE BLACK,42.5,0.00043176635940492204,99.90444732104079,C
GLASS BEAD HOOP NECKLACE MONTANA,42.5,0.00043176635940492204,99.90487908740019,C
PARTY PIZZA DISH GREEN WHITE SPOT ,42.3,0.0004297345177136047,99.9053088219179,C
WHITE ALLIUM  ARTIFICIAL FLOWER,42.25,0.0004292265572907754,99.90573804847519,C
"LETTER ""T"" BLING KEY RING",42.11,0.0004278042681068533,99.9061658527433,C
BLACK FLOCK GOLD CANDLE,42.08,0.0004274994918531557,99.90659335223515,C
SPOTTED WHITE NATURAL SEED NECKLACE,41.760000000000005,0.0004242485451470481,99.90701760078029,C
DROP DIAMANTE EARRINGS CRYSTAL,41.67,0.0004233342163859553,99.90744093499669,C
FIRE POLISHED GLASS NECKL SILVER,41.65,0.00042313103221682354,99.9078640660289,C
BLACK NEW BAROQUE FLOCK BOX,41.65,0.00042313103221682354,99.90828719706113,C
FIRE POLISHED GLASS BRACELET MONTAN,41.49,0.0004215055588637698,99.90870870261999,C
AMBER DROP EARRINGS W LONG BEADS,41.370000000000005,0.0004202864538489794,99.90912898907384,C
BROWN VINTAGE VICTORIAN EARRINGS,41.32000000000001,0.00041977849342615014,99.90954876756726,C
SET 4 EASTER DECOUPAGE OVAL BOXES,41.300000000000004,0.00041957530925701837,99.90996834287651,C
PINK LEAVES AND BEADS PHONE CHARM,41.29,0.0004194737171724524,99.91038781659368,C
PURPLE LAS VEGAS BRACELET ROUND,41.25,0.00041906734883418904,99.91080688394251,C
"FLOWER FAIRY MUG+COASTER,LAVENDER",41.25,0.00041906734883418904,99.91122595129134,C
Glow In The Dark Shot Glasses ,41.01,0.0004166291388046083,99.91164258043015,C
PAIR PINK/BLACK COATHANGERS,40.95,0.00041601958629721315,99.91205860001645,C
WHITE FOXGLOVE ARTIIFCIAL FLOWER,40.8,0.0004144957050287251,99.91247309572148,C
POLKADOT PENS,40.8,0.0004144957050287251,99.91288759142651,C
IVORY SCULPTED RND CANDLE ,40.8,0.0004144957050287251,99.91330208713154,C
BLACK DROP CRYSTAL NECKLACE,40.55,0.00041195590291457854,99.91371404303446,C
WHITE SILVER NECKLACE SHELL GLASS,40.5,0.00041144794249174915,99.91412549097696,C
WHITE VINTAGE CRYSTAL EARRINGS,40.44,0.000410838389984354,99.91453632936694,C
MAGIC SLATE LEAP FROG ,40.32,0.00040961928496956364,99.9149459486519,C
MAGIC SLATE GO TO THE FAIR ,40.32,0.00040961928496956364,99.91535556793687,C
FRENCH BLUE METAL DOOR SIGN 6,40.03,0.0004066731145171536,99.91576224105138,C
JAZZ HEARTS SPIRAL NOTEPAD,39.949999999999996,0.0004058603778406266,99.91616810142922,C
GOLD COSMETICS BAG WITH BUTTERFLY,39.900000000000006,0.0004053524174177974,99.91657345384664,C
TEATIME ROUND CAKE TINS ,39.8,0.00040433649657213865,99.91697779034321,C
PINK STOCKING CHRISTMAS DECORATION,39.17,0.00039793619524448935,99.91737572653845,C
"CAT BOWL, ENAMEL , CREAM COLOUR",39.0,0.00039620912980686964,99.91777193566826,C
COGNAC AUX OEUFS METAL 1 HOOK,38.75,0.000393669327692723,99.91816560499595,C
DROP EARRINGS W FLOWER & LEAF,38.46,0.00039072315724031294,99.91855632815319,C
FOLKART ZINC CLIP ON ANGEL WINGS,38.379999999999995,0.00038991042056378604,99.91894623857375,C
PURPLE FRANGIPANI NECKLACE,38.19,0.0003879801709570346,99.91933421874471,C
GREEN PAIR HEART HAIR SLIDES,38.01,0.0003861515134348491,99.91972037025815,C
METALIC LEAVES BAG CHARMS,38.01,0.0003861515134348491,99.92010652177159,C
BLACK GLASS/SHELL/PEARL NECKLACE,37.78,0.0003838148954898342,99.92049033666707,C
GLASS AND BEADS BRACELET IVORY,37.77,0.0003837133034052684,99.92087404997048,C
HEN PARTY CORDON BARRIER TAPE,37.51,0.0003810719092065559,99.92125512187968,C
YELLOW BIRDS FELT DES FOODCOVER,37.5,0.00038097031712199,99.9216360921968,C
PASTA ENAMEL/BRASS CONTAINER,37.5,0.00038097031712199,99.92201706251393,C
GLASS WINE GLASS DECORATIONS,37.5,0.00038097031712199,99.92239803283105,C
BLACK ORANGE SQUEEZER,37.42,0.0003801575804454631,99.9227781904115,C
RED PEONY PHOTO FRAME ,37.2,0.00037792255458501413,99.9231561129661,C
"GREETING CARD, THE BLACK CAT",37.04,0.0003762970812319603,99.92353241004733,C
SPHERICAL IVORY CANDLE ,36.96,0.0003754843445554333,99.92390789439189,C
WINE BOTTLE DRESSING LT.BLUE,36.83,0.0003741636474560771,99.92428205803934,C
BLACK DIAMOND CLUSTER NECKLACE,36.62,0.00037203021368019396,99.92465408825302,C
ORIGAMI OPIUM INCENSE CONES,36.599999999999994,0.0003718270295110622,99.92502591528253,C
"PET MUG, GOLDFISH",36.54,0.00037121747700366705,99.92539713275954,C
CARD GINGHAM ROSE ,36.13,0.00036705220153646664,99.92576418496108,C
TINY CRYSTALS BRACELET BLACK,35.870000000000005,0.0003644108073377542,99.92612859576842,C
GREEN ENAMEL FLOWER HAIR TIE,35.71,0.0003627853339847004,99.92649138110241,C
BLUE/NAT SHELL NECKLACE W PENDANT,35.7,0.0003626837419001345,99.9268540648443,C
SET OF 4 PASTEL STACKING MUGS,35.7,0.0003626837419001345,99.9272167485862,C
AMBER FINE BEAD NECKLACE W TASSEL,35.690000000000005,0.00036258214981556866,99.92757933073602,C
WHITE FRANGIPANI NECKLACE,35.63,0.00036197259730817347,99.92794130333333,C
GREEN STONE/CRYSTAL EARRINGS,35.63,0.00036197259730817347,99.92830327593063,C
AMBER BERTIE MOBILE PHONE CHARM,35.519999999999996,0.0003608550843779489,99.92866413101501,C
CRACKED GLAZE NECKLACE BROWN,35.44,0.000360042347701422,99.92902417336272,C
BAKING MOULD EASTER EGG MILK CHOC,35.400000000000006,0.0003596359793631586,99.92938380934208,C
RABBIT EASTER DECORATION,35.400000000000006,0.0003596359793631586,99.92974344532145,C
BLUE  VOILE LAMPSHADE,35.400000000000006,0.0003596359793631586,99.93010308130081,C
BLUE POLKADOT BEAKER ,35.099999999999994,0.0003565882168261826,99.93045966951765,C
MISO PRETTY  GUM,34.82,0.00035374363845833845,99.9308134131561,C
BLUE BABY BOY'S MEMORY BOX,34.75,0.0003530324938663774,99.93116644564996,C
PINK/AMETHYST/GOLD NECKLACE,34.75,0.0003530324938663774,99.93151947814383,C
CROCHET POODLE KEYRING,34.65,0.00035201657302071874,99.93187149471684,C
SMALL FOLKART CHRISTMAS TREE DEC,34.62,0.0003517117967670211,99.93222320651361,C
YELLOW/PINK FLOWER DESIGN BIG MUG,34.08,0.00034622582420046447,99.93256943233781,C
"DOG BOWL, ENAMEL , CREAM COLOUR",34.0,0.0003454130875239376,99.93291484542534,C
GLASS BEAD HOOP NECKLACE GREEN,34.0,0.0003454130875239376,99.93326025851287,C
ANTIQUE MID BLUE FLOWER EARRINGS,33.97,0.00034510831127024,99.93360536682414,C
FRYING PAN PINK RETROSPOT,33.97,0.00034510831127024,99.9339504751354,C
GREEN DROP EARRINGS W BEAD CLUSTER,33.96,0.00034500671918567415,99.93429548185459,C
PINK BERTIE MOBILE PHONE CHARM,33.78,0.00034317806166348863,99.93463865991626,C
PINK VINTAGE VICTORIAN CHOKER,33.75,0.000342873285409791,99.93498153320166,C
PINK EASTER HENS+FLOWER,33.75,0.000342873285409791,99.93532440648707,C
BLUE DAISY MOBILE,33.75,0.000342873285409791,99.93566727977247,C
BLACK VINTAGE  CRYSTAL EARRINGS,33.75,0.000342873285409791,99.93601015305788,C
HEN HOUSE W CHICK STANDING,33.66,0.0003419589566486982,99.93635211201453,C
IVORY SHELL HEART EARRINGS,33.36,0.0003389111941117223,99.93669102320864,C
BUTTERFLY HAIR BAND,33.24,0.00033769208909693193,99.93702871529773,C
PINK TALL PORCELAIN T-LIGHT HOLDER ,33.15,0.0003367777603358391,99.93736549305807,C
SET OF 3 RABBIT EGG EASTER,33.15,0.0003367777603358391,99.9377022708184,C
"LETTER ""I"" BLING KEY RING",33.08,0.00033606661574387813,99.93803833743415,C
"GREETING CARD,SQUARE, DOUGHNUTS",32.76,0.0003328156690377705,99.93837115310319,C
PINK DAISY BAG CHARM,32.75,0.0003327140769532046,99.93870386718014,C
EMBROIDERED REINDEER DECORATION,32.25,0.0003276344727249114,99.93903150165286,C
FAN BLACK FRAME ,32.19,0.00032702492021751615,99.93935852657309,C
BLUE STONES ON WIRE FOR CANDLE,32.19,0.00032702492021751615,99.93968555149331,C
YELLOW/PINK CERAMIC CANDLE HOLDER,31.849999999999998,0.0003235707893422768,99.94000912228266,C
FRENCH LAVENDER SCENT HEART,31.54,0.00032042143472073504,99.94032954371738,C
AQUA BERTIE GLASS BEAD BAG CHARM,31.509999999999998,0.0003201166584670374,99.94064966037585,C
TURQUOISE BERTIE GLASS BEAD CHARM,31.500000000000004,0.0003200150663824716,99.94096967544223,C
TURQ PENDANT TRIPLE SHELL NECKLACE,31.38,0.0003187959613676812,99.9412884714036,C
BEADED CRYSTAL HEART PINK\ON STICK,31.299999999999997,0.0003179832246911543,99.94160645462829,C
ASSORTED COLOUR SUCTION CUP HOOK,31.16,0.00031656093550723225,99.94192301556379,C
LILAC VOTIVE CANDLE,31.08,0.0003157481988307053,99.94223876376262,C
MULTICOLOUR CRUSOE CHECK LAMPSHADE,30.66,0.000311481331278939,99.9425502450939,C
SET OF 4 NAPKIN CHARMS INSTUMENT   ,30.6,0.00031087177877154383,99.94286111687266,C
BAKING MOULD CHOCOLATE CUP CAKES,30.6,0.00031087177877154383,99.94317198865143,C
WOODEN HEART CHRISTMAS SCANDISPOT,30.6,0.00031087177877154383,99.9434828604302,C
Electronic Talking Breath-A-Loser,30.47,0.0003095510816721876,99.94379241151186,C
GLASS AND PAINTED BEADS BRACELET OL,30.42,0.0003090431212493583,99.94410145463311,C
DIAMANTE NECKLACE PURPLE,30.31,0.0003079256083191338,99.94440938024144,C
ASSORTED FRAGRANCE BATH CONFETTI,30.16,0.00030640172705064585,99.94471578196848,C
BLUE POLKADOT LUGGAGE TAG ,30.049999999999997,0.0003052842141204213,99.9450210661826,C
WAVELINE SURF IRONING BOARD COVER,30.0,0.000304776253697592,99.9453258424363,C
TIN CAN POCKET MONEY DESIGN,30.0,0.000304776253697592,99.94563061869,C
DRAWER KNOB ACRYLIC EDWARDIAN PINK,30.0,0.000304776253697592,99.9459353949437,C
DRAWER KNOB ACRYLIC EDWARDIAN GREEN,30.0,0.000304776253697592,99.9462401711974,C
DRAWER KNOB ACRYLIC EDWARDIAN CLEAR,30.0,0.000304776253697592,99.9465449474511,C
DRAWERKNOB ACRYLIC EDWARDIAN PURPLE,30.0,0.000304776253697592,99.9468497237048,C
 Bank Charges,30.0,0.000304776253697592,99.9471544999585,C
TIN CAN HOUSEKEEPING DESIGN,30.0,0.000304776253697592,99.9474592762122,C
BIRTHDAY BANNER TAPE,30.0,0.000304776253697592,99.9477640524659,C
FRENCH STYLE WIRE DOOR CABINET ,29.95,0.00030426829327476266,99.94806832075918,C
CAMOUFLAGE BACKPACK ON WHEELS,29.849999999999998,0.00030325237242910405,99.94837157313161,C
ANTIQUE OPAL WHITE FLOWER EARRINGS,29.810000000000002,0.00030284600409084063,99.9486744191357,C
BLUE/GREEN SHELL NECKLACE W PENDANT,29.75,0.0003022364515834454,99.94897665558729,C
FIRE POLISHED GLASS NECKL GOLD,29.75,0.0003022364515834454,99.94927889203888,C
"TRAY FOR TV DINNER ,SPACEBOY",29.700000000000003,0.0003017284911606161,99.94958062053004,C
COPPER AND BRASS BAG CHARM,29.700000000000003,0.0003017284911606161,99.94988234902121,C
"TRAY FOR TV DINNER , DOLLY GIRL",29.700000000000003,0.0003017284911606161,99.95018407751238,C
LILY BROOCH WHITE/SILVER COLOUR,29.7,0.0003017284911606161,99.95048580600354,C
RED STONE/CRYSTAL EARRINGS,29.610000000000007,0.00030081416239952335,99.95078662016594,C
GREEN CRYSTAL DROP EARRINGS,29.53,0.0003000014257229964,99.95108662159167,C
GLASS BEAD HOOP EARRINGS MONTANA,29.520000000000003,0.00029989983363843054,99.9513865214253,C
BAKING MOULD ROSE WHITE CHOCOLATE,29.25,0.0002971568473551522,99.95168367827266,C
4 FESTIVE GREEN DINNER CANDLES,28.93,0.0002939059006490445,99.9519775841733,C
NUMBER TILE VINTAGE FONT 3,28.23,0.00028679445472943406,99.95226437862803,C
COLOURFUL FLOWER FRUIT BOWL,27.8,0.00028242599509310193,99.95254680462313,C
SANDALWOOD INCENSE IN TIN,27.71,0.0002815116663320092,99.95282831628946,C
WINE BOTTLE DRESSING DARK BLUE,27.549999999999997,0.00027988619297895527,99.95310820248244,C
WRAP BAD HAIR DAY,27.5,0.000279378232556126,99.953387580715,C
NUMBER TILE COTTAGE GARDEN No,27.35,0.00027785435128763804,99.95366543506628,C
KNITTED POM POM HOT WATER BOTTLE,27.21,0.00027643206210371595,99.95394186712839,C
SET/6 GREEN SPRING  PAPER PLATE,27.2,0.00027633047001915004,99.95421819759841,C
BLUE BABY BOY'S PHOTO ALBUM,27.14,0.0002757209175117549,99.95449391851592,C
MIDNIGHT BLUE CRYSTAL DROP EARRINGS,26.77,0.0002719620103828179,99.95476588052631,C
ORIGAMI SANDLEWOOD INCENSE IN TUBE,26.7,0.0002712508657908569,99.9550371313921,C
GLASS BEAD HOOP EARRINGS GREEN,26.67,0.0002709460895371593,99.95530807748165,C
PURPLE ENAMEL FLOWER HAIR TIE,26.62,0.00027043812911433,99.95557851561077,C
3 PIECE JIGSAW TOADSTOOLS,26.4,0.00026820310325388093,99.95584671871403,C
SILVER HEART COMPACT MIRROR,26.25,0.00026667922198539304,99.95611339793601,C
ANTIQUE RASPBERRY FLOWER EARRINGS,25.65,0.00026058369691144115,99.95637398163292,C
LIGHT TOPAZ TEAL/AQUA COL NECKLACE,25.56,0.0002596693681503484,99.95663365100107,C
CRACKED GLAZE EARRINGS RED,25.53,0.0002593645918966508,99.95689301559297,C
NEW BAROQUE BLACK BOXES,25.5,0.0002590598156429532,99.95715207540862,C
"ORGANISER WOOD, ANTIQUE WHITE ",25.5,0.0002590598156429532,99.95741113522426,C
M/COLOUR POM-POM CURTAIN,25.5,0.0002590598156429532,99.95767019503991,C
NEW BAROQUE B'FLY NECKLACE CRYSTAL,25.48,0.0002588566314738215,99.95792905167139,C
"LETTER ""O"" BLING KEY RING",25.45,0.00025855185522012387,99.95818760352661,C
ORANGE PENDANT TRIPLE SHELL NECKLAC,25.310000000000002,0.00025712956603620183,99.95844473309265,C
THE KING GIFT BAG 25x24x12cm,25.2,0.0002560120531059773,99.95870074514575,C
IVORY PENDANT TRIPLE SHELL NECKLACE,25.17,0.0002557072768522797,99.9589564524226,C
DIAMANTE HAIR GRIP PACK/2 BLACK DIA,25.03,0.0002542849876683576,99.95921073741026,C
"GUMBALL COATHOOK., BLACK & WHITE ",25.0,0.00025398021141466,99.95946471762167,C
BLUE TINSEL GARLAND ,24.7,0.0002509324488776841,99.95971565007055,C
WOOD XMAS TREE 9 FIG SHELVES,24.65,0.00025042448845485476,99.959966074559,C
NUMBER TILE COTTAGE GARDEN 4,24.64,0.0002503228963702889,99.96021639745537,C
CRYSTAL CZECH CROSS PHONE CHARM,24.61,0.00025001812011659133,99.96046641557548,C
NUMBER TILE VINTAGE FONT 6 ,24.33,0.0002471735417487471,99.96071358911723,C
PINK RABBIT SITTING EASTER,24.18,0.00024564966048025915,99.96095923877772,C
AMETHYST DROP EARRINGS W LONG BEADS,23.81,0.0002418907533513222,99.96120112953108,C
BROWN DOG CANNISTER W BONE,23.8,0.00024178916126675634,99.96144291869234,C
BLACK CRYSTAL DROP EARRINGS,23.79,0.00024168756918219045,99.96168460626153,C
BLUE LEAVES AND BEADS PHONE CHARM,23.759999999999998,0.00024138279292849283,99.96192598905445,C
BLUE DROP EARRINGS W BEAD CLUSTER,23.720000000000002,0.0002409764245902294,99.96216696547904,C
SET OF 6 SPICE TINS PANTRY DESIGN,23.700000000000003,0.0002407732404210977,99.96240773871946,C
ORIGAMI SANDLEWOOD INCENSE CONES,23.699999999999996,0.00024077324042109764,99.96264851195988,C
YELLOW/BLUE RETRO RADIO,23.6,0.00023975731957543903,99.96288826927946,C
BLUE/YELLOW CERAMIC CANDLE HOLDER,23.48,0.00023853821456064865,99.96312680749402,C
DOTS IRONING BOARD COVER,23.4,0.00023772547788412175,99.96336453297191,C
AMBER BERTIE GLASS BEAD BAG CHARM,23.14,0.00023508408368540928,99.96359961705559,C
CROCHET LILAC/RED BEAR KEYRING,23.1,0.00023467771534714586,99.96383429477093,C
CAROUSEL PLACEMATS ,23.060000000000002,0.0002342713470088824,99.96406856611794,C
CUBIC MUG FLOCK PINK ON BROWN,22.950000000000003,0.00023315383407865792,99.96430171995202,C
NECKLACE+BRACELET SET PINK BLOSSOM,22.91,0.0002327474657403944,99.96453446741776,C
"GREETING CARD, TWO SISTERS.",22.799999999999997,0.00023162995281016986,99.96476609737057,C
BAROQUE BUTTERFLY EARRINGS MONTANA,22.77,0.00023132517655647235,99.96499742254713,C
BOXED GLASS ASHTRAY,22.65,0.00023010607154168197,99.96522752861867,C
YELLOW RABBIT SAT EASTER,22.63,0.00022990288737255023,99.96545743150604,C
GREEN LEAVES AND BEADS PHONE CHARM,22.58,0.00022939492694972087,99.96568682643299,C
BAROQUE BUTTERFLY EARRINGS GREEN,22.56,0.00022919174278058916,99.96591601817576,C
"LETTER ""F"" BLING KEY RING",22.55,0.0002290901506960233,99.96614510832646,C
"FLOWER FAIRY MUG+COASTER,ROSE",22.5,0.000228582190273194,99.96637369051673,C
GOLD 2 STRAND NECKLACE-LEAF CHARMS,22.5,0.000228582190273194,99.96660227270701,C
HEN HOUSE W FAMILY IN BARN & NEST,22.099999999999998,0.00022451850689055941,99.9668267912139,C
VINTAGE BEAD CHAISE LONG JEWEL BOX,21.5,0.00021842298181660763,99.96704521419572,C
BLUE HANGING GINGHAM EASTER HEN,21.42,0.0002176102451400807,99.96726282444087,C
CRACKED GLAZE NECKLACE IVORY,21.39,0.00021730546888638308,99.96748012990975,C
YELLOW BROWN BEAR FELT PURSE KIT,21.28,0.0002161879559561586,99.9676963178657,C
IVORY HANGING DECORATION  RABBIT,21.25,0.00021588317970246102,99.96791220104541,C
FRYING PAN BLUE RETROSPOT,21.22,0.0002155784034487634,99.96812777944886,C
S/16 BLACK SHINY/MAT BAUBLES,21.0,0.0002133433775883144,99.96834112282646,C
WHITE ENAMEL FLOWER HAIR TIE,20.84,0.00021171790423526055,99.9685528407307,C
CAT CAMOUFLAGUE COLLAR,20.68,0.00021009243088220675,99.96876293316157,C
MIDNIGHT BLUE DROP CRYSTAL NECKLACE,20.619999999999997,0.00020948287837481154,99.96897241603995,C
ROBOT PENCIL SHARPNER,20.57,0.00020897491795198228,99.9691813909579,C
NUMBER TILE VINTAGE FONT 1,20.43,0.00020755262876806017,99.96938894358667,C
PARTY PIZZA DISH PINK+WHITE SPOT ,20.4,0.00020724785251436255,99.96959619143918,C
PURPLE TINT ACRYLIC FLOWER VASE,20.4,0.00020724785251436255,99.9698034392917,C
"PEN, 10 COLOURS - SPACEBOY",20.4,0.00020724785251436255,99.97001068714421,C
PARTY PIZZA DISH BLUE+WHITE SPOT ,20.4,0.00020724785251436255,99.97021793499673,C
GREEN PENDANT SHELL NECKLACE,20.36,0.0002068414841760991,99.9704247764809,C
MAGIC SLATE BAKE A CAKE ,20.16,0.00020480964248478182,99.97062958612338,C
DIAMANTE BOW BROOCH WHITE COLOUR,19.93,0.00020247302453976694,99.97083205914792,C
GOLD DIAMANTE STAR BROOCH,19.8,0.0002011523274404107,99.97103321147536,C
WHITE SATIN DRESS JEWEL STAND,19.8,0.0002011523274404107,99.9712343638028,C
PINK FLOWERS CHILDS UMBRELLA,19.5,0.00019810456490343482,99.9714324683677,C
SPOTS ON RED BOOKCOVER TAPE,19.32,0.00019627590738124923,99.97162874427508,C
HOME SWEET HOME  BLACKBOARD,19.049999999999997,0.0001935329210979709,99.97182227719618,C
PURPLE LEAVES AND BEADS PHONE CHAR,18.78,0.0001907899348146926,99.972013067131,C
LARGE MINT DIAMANTE HAIRSLIDE,18.71,0.00019007879022273156,99.97220314592123,C
BLUE ORGANDY ROUND LAMPSHADE W BEA,18.7,0.00018997719813816565,99.97239312311936,C
LILAC GAUZE BUTTERFLY LAMPSHADE,18.48,0.00018774217227771666,99.97258086529163,C
NUMBER TILE COTTAGE GARDEN 2,18.48,0.00018774217227771666,99.9727686074639,C
NUMBER TILE VINTAGE FONT 5,18.48,0.00018774217227771666,99.97295634963618,C
POPART RECT PENCIL SHARPENER ASST,18.48,0.00018774217227771666,99.97314409180845,C
CAMOFLAGE CUSHION COVER,18.15,0.00018438963348704315,99.97332848144194,C
S/3 ENGLISH LAVENDER SQU CANDLE,18.15,0.00018438963348704315,99.97351287107543,C
LAZER CUT NECKLACE W PASTEL BEADS,17.9,0.00018184983137289654,99.9736947209068,C
BLUE BAROQUE FLOCK CANDLE HOLDER,17.85,0.00018134187095006726,99.97387606277776,C
BLUE TALL PORCELAIN T-LIGHT HOLDER,17.849999999999998,0.0001813418709500672,99.97405740464872,C
CRACKED GLAZE EARRINGS IVORY,17.79,0.00018073231844267204,99.97423813696716,C
WOOD ANIMALS HEIGHT CHART STICKERS ,17.700000000000003,0.0001798179896815793,99.97441795495683,C
THREE CANVAS LUGGAGE TAGS,17.55,0.00017829410841309131,99.97459624906524,C
TURQUOISE CHRISTMAS TREE ,17.5,0.000177786147990262,99.97477403521323,C
"NUMBER TILE VINTAGE FONT, 6 ",17.36,0.00017636385880633992,99.97495039907204,C
"NUMBER TILE VINTAGE FONT, 3",17.36,0.00017636385880633992,99.97512676293086,C
"NUMBER TILE VINTAGE FONT, 0",17.36,0.00017636385880633992,99.97530312678967,C
"NUMBER TILE VINTAGE FONT, 2",17.36,0.00017636385880633992,99.97547949064848,C
"NUMBER TILE VINTAGE FONT, 1",17.36,0.00017636385880633992,99.9756558545073,C
"NUMBER TILE VINTAGE FONT, 7",17.36,0.00017636385880633992,99.97583221836611,C
"NUMBER TILE VINTAGE FONT, 5",17.36,0.00017636385880633992,99.97600858222492,C
"NUMBER TILE VINTAGE FONT, 4",17.36,0.00017636385880633992,99.97618494608373,C
"NUMBER TILE VINTAGE FONT, 8",17.36,0.00017636385880633992,99.97636130994255,C
NAVY CUDDLES DOG HOODIE,17.3,0.00017575430629894473,99.97653706424884,C
DOGS NIGHT COLLAR,17.12,0.0001739256487767592,99.97671098989763,C
GLASS BELL JAR LARGE,17.0,0.0001727065437619688,99.97688369644139,C
*Boombox Ipod Classic,16.98,0.00017250335959283707,99.97705619980098,C
Dr. Jam's Arouzer Stress Ball,16.93,0.00017199539917000774,99.97722819520015,C
VANILLA CANDLE IN EMBOSSED ZINC POT,16.9,0.00017169062291631014,99.97739988582308,C
NUMBER TILE COTTAGE GARDEN 3 ,16.84,0.00017108107040891498,99.97757096689348,C
NUMBER TILE VINTAGE FONT No ,16.83,0.0001709794783243491,99.97774194637181,C
PINK HANGING GINGHAM EASTER HEN,16.8,0.00017067470207065153,99.97791262107388,C
VINTAGE COLLAGE  GREETING  CARD ,16.8,0.00017067470207065153,99.97808329577596,C
S/4 CONTEMPORY PINK ROSEBUD CANDLES,16.8,0.00017067470207065153,99.97825397047804,C
 LARGE SKULL WINDMILL,16.8,0.00017067470207065153,99.97842464518011,C
EASTER TIN KEEPSAKE,16.560000000000002,0.0001682364920410708,99.97859288167216,C
LUNCH BAG PINK POLKADOTS,16.5,0.0001676269395336756,99.97876050861169,C
BLING KEY RING STAND,16.25,0.000165087137419529,99.9789255957491,C
NUMBER TILE VINTAGE FONT 8,16.22,0.00016478236116583138,99.97909037811027,C
NUMBER TILE COTTAGE GARDEN 9,16.22,0.00016478236116583138,99.97925516047144,C
ROSE PENDANT TRIPLE SHELL NECKLACE,15.969999999999999,0.0001622425590516848,99.9794174030305,C
FLOWERS AND BIRDS WALL PLAQUE,15.9,0.00016153141445972378,99.97957893444496,C
"GREETING CARD, BLACKPOOL ROCK",15.899999999999999,0.00016153141445972375,99.97974046585942,C
GLASS BELL JAR SMALL,15.8,0.0001605154936140651,99.97990098135304,C
"GREETING CARD, STICKY GORDON",15.759999999999998,0.00016010912527580164,99.98006109047832,C
PINK CHRISTMAS TREE DECORATION,15.629999999999999,0.0001587884281764454,99.9802198789065,C
BLUE NETTING STORAGE HANGER,15.6,0.00015848365192274783,99.98037836255841,C
BLUE/YELLOW FLOWER DESIGN BIG MUG,15.6,0.00015848365192274783,99.98053684621033,C
TOADSTOOL  LUNCHBOX WITH CUTLERY,15.44,0.000156858178569694,99.9806937043889,C
GUMBALL CUSTOM CARS TOP TRUMPS GAME,15.399999999999999,0.00015645181023143053,99.98085015619912,C
CUBIC MUG TEATIME CAKES,15.3,0.00015543588938577192,99.98100559208851,C
BAROQUE BUTTERFLY EARRINGS CRYSTAL,15.27,0.00015513111313207432,99.98116072320164,C
"LETTER ""V"" BLING KEY RING",15.1,0.00015340404769445464,99.98131412724933,C
HANGING METAL RABBIT DECORATION,15.059999999999999,0.00015299767935619116,99.98146712492868,C
HEN PARTY BANNER TAPE,15.0,0.000152388126848796,99.98161951305553,C
PINK BEADS+HAND PHONE CHARM,15.0,0.000152388126848796,99.98177190118238,C
TIN CAN CONFECTIONERY DESIGN,15.0,0.000152388126848796,99.98192428930923,C
PAINTED SEA SHELL METAL WINDCHIME,15.0,0.000152388126848796,99.98207667743608,C
SWEETHEART CREAM STEEL FOLDIN CHAIR,14.95,0.00015188016642596667,99.98222855760251,C
11 PC CERAMIC TEA SET POLKADOT,14.85,0.00015086424558030805,99.9823794218481,C
FROSTED GLASS WITH SILVER SURROUND,14.85,0.00015086424558030805,99.98253028609368,C
AMBER CRYSTAL DROP EARRINGS,14.85,0.00015086424558030805,99.98268115033926,C
CLASSIC DIAMANTE EARRINGS JET,14.79,0.00015025469307291284,99.98283140503233,C
BLACK 3 BEAD DROP EARRINGS,14.780000000000001,0.000150153100988347,99.98298155813332,C
KID'S CHALKBOARD/EASEL,14.75,0.00014984832473464941,99.98313140645806,C
NUMBER TILE COTTAGE GARDEN 8,14.58,0.0001481212592970297,99.98327952771736,C
NUMBER TILE VINTAGE FONT 0,14.58,0.0001481212592970297,99.98342764897666,C
HANGING CHICK  YELLOW DECORATION,14.58,0.0001481212592970297,99.98357577023596,C
DOORMAT GREEN PAISLEY ,14.43,0.00014659737802854176,99.98372236761399,C
GREEN/BLUE FLOWER DESIGN BIG MUG,14.36,0.00014588623343658069,99.98386825384743,C
PINK BABY GIRL'S MEMORY BOX,13.9,0.00014121299754655097,99.98400946684498,C
EMPIRE TEDDY,13.9,0.00014121299754655097,99.98415067984253,C
PINK MINI STATIONERY SET W CASE,13.75,0.000139689116278063,99.98429036895881,C
CERISE+GOLD CHRISTMAS TREE DEC,13.68,0.00013897797168610195,99.9844293469305,C
RHOMBUS CRYSTAL PERFUME BOTTLE,13.65,0.00013867319543240436,99.98456802012593,C
PINK/GREEN FLOWER DESIGN BIG MUG,13.65,0.00013867319543240436,99.98470669332137,C
FUSCHIA VOILE POINTY SHOE DEC,13.649999999999999,0.00013867319543240436,99.98484536651681,C
BEWARE OF THE CAT DOORMAT,13.5,0.0001371493141639164,99.98498251583098,C
HANGING CHICK GREEN DECORATION,13.37,0.00013582861706456015,99.98511834444804,C
PINK BALLET OPENING CUBE BOX ,12.9,0.00013105378908996455,99.98524939823713,C
PACK/12 RUSSIAN DOLL CARDS,12.780000000000001,0.0001298346840751742,99.9853792329212,C
"F.FAIRY,CANDLE IN GLASS,LAVENDER",12.75,0.0001295299078214766,99.98550876282903,C
CRACKED GLAZE EARRINGS BROWN,12.75,0.0001295299078214766,99.98563829273685,C
NEW BAROQUE WALL MIRROR,12.75,0.0001295299078214766,99.98576782264468,C
S/4 BLACK DISCO PARTITION PANEL,12.75,0.0001295299078214766,99.9858973525525,C
EMBOSSED FLOWER TRELLIS PHOTO FRAME,12.75,0.0001295299078214766,99.98602688246032,C
VINTAGE METAL CAKE STAND CREAM ,12.75,0.0001295299078214766,99.98615641236815,C
KISS REINDEER SCANDINAVIAN STOCKING,12.749999999999998,0.00012952990782147657,99.98628594227597,C
CAMOUFLAGE DOG COLLAR,12.72,0.00012922513156777903,99.98641516740754,C
SET OF 2 CHESTS CHOCOLAT AU LAIT,12.72,0.00012922513156777903,99.98654439253912,C
CAMOUFLAGUE DOG LEAD,12.72,0.00012922513156777903,99.98667361767069,C
KEY-RING CORKSCREW,12.72,0.00012922513156777903,99.98680284280226,C
PURPLE CURRENT CANDLE RING,12.61,0.0001281076186375545,99.9869309504209,C
"ACRYLIC JEWEL SNOWFLAKE, PINK",12.6,0.00012800602655298866,99.98705895644746,C
DUSTY PINK CHRISTMAS TREE 30CM,12.5,0.00012699010570733,99.98718594655317,C
BLUE FLOWER DES PURSE,12.5,0.00012699010570733,99.98731293665888,C
BLUE FLORIBUNDA EGG WARMER,12.5,0.00012699010570733,99.9874399267646,C
"FEATHER DUSTER, LIGHT PINK",12.5,0.00012699010570733,99.9875669168703,C
OPAL WHITE/SILVER FLOWER NECKLACE,12.32,0.00012516144818514445,99.98769207831849,C
NUMBER TILE COTTAGE GARDEN 0 ,12.32,0.00012516144818514445,99.98781723976667,C
BILI NUT AND WOOD NECKLACE,12.010000000000002,0.00012201209356360269,99.98793925186024,C
NUMBER TILE COTTAGE GARDEN 6,12.01,0.00012201209356360266,99.98806126395381,C
BLACK DROP EARRINGS W LONG BEADS,11.969999999999999,0.0001216057252253392,99.98818286967904,C
GLASS BEAD HOOP EARRINGS BLACK,11.82,0.00012008184395685125,99.988302951523,C
DUCK SOCK PUPPET,11.8,0.00011987865978771952,99.98842283018278,C
SILVER/NAT SHELL NECKLACE W PENDANT,11.58,0.00011764363392727051,99.98854047381671,C
MODERN CHRISTMAS TREE CANDLE,11.4,0.00011581497640508496,99.98865628879312,C
ASSTD RASTA KEY-CHAINS,11.34,0.00011520542389768977,99.98877149421702,C
ENGLISH ROSE SQUARE CAKE TINS,11.26,0.00011439268722116287,99.98888588690424,C
FLOWER DES BLUE HANDBAG/ORANG HANDL,11.25,0.000114291095136597,99.98900017799937,C
BLUE TABLE RUN FLOWER,11.25,0.000114291095136597,99.9891144690945,C
VENDETTA CANVAS PICTURE,11.25,0.000114291095136597,99.98922876018963,C
ORIGAMI JASMINE INCENSE+FLOWER ,11.100000000000001,0.00011276721386810904,99.9893415274035,C
S/4 CONTEMPORY RED ROSEBUD CANDLES,10.9,0.00011073537217679176,99.98945226277567,C
PALE PINK/AMETHYST STONE NECKLACE,10.62,0.00010789079380894757,99.98956015356949,C
"LETTER ""Z"" BLING KEY RING",10.5,0.0001066716887941572,99.98966682525828,C
MOON INCENSE,10.5,0.0001066716887941572,99.98977349694708,C
WRAP CHRISTMAS DECOUPAGE,10.5,0.0001066716887941572,99.98988016863588,C
WOODLAND CREATURES  WRAP,10.5,0.0001066716887941572,99.98998684032468,C
"WRAPPING PAPER, XMAS VILLAGE",10.5,0.0001066716887941572,99.99009351201347,C
WRAP ROMANTIC DECOUPAGE,10.5,0.0001066716887941572,99.99020018370227,C
PINK GAUZE BUTTERFLY LAMPSHADE,10.5,0.0001066716887941572,99.99030685539107,C
3 BLACK CATS W HEARTS BLANK CARD,10.450000000000001,0.0001061637283713279,99.99041301911944,C
NUMBER TILE VINTAGE FONT 7,10.370000000000001,0.00010535099169480098,99.99051837011113,C
STAR WARS TOP TRUMPS GAME,10.23,0.00010392870251087887,99.99062229881365,C
HIGH SCHOOL MUSICAL 3 TOP TRUMPS ,10.23,0.00010392870251087887,99.99072622751616,C
ORANGE CANDLE,10.2,0.00010362392625718127,99.99082985144241,C
PARTY PIZZA DISH GREEN+WHITE SPOT ,10.2,0.00010362392625718127,99.99093347536866,C
PARTY PIZZA DISH RED+WHITE SPOT ,10.2,0.00010362392625718127,99.99103709929491,C
HEART MEASURING SPOONS SMALL,10.2,0.00010362392625718127,99.99114072322116,C
FLOWER PURPLE CLOCK W/SUCKER,10.2,0.00010362392625718127,99.99124434714741,C
GROOVY CACTUS INFLATABLE,10.2,0.00010362392625718127,99.99134797107367,C
CANNABIS LEAF BEAD CURTAIN,10.2,0.00010362392625718127,99.99145159499992,C
NUMBER TILE COTTAGE GARDEN 5,10.06,0.00010220163707325918,99.99155379663699,C
NUMBER TILE COTTAGE GARDEN 7,10.06,0.00010220163707325918,99.99165599827407,C
ORANGE FELT VASE + FLOWERS,10.0,0.000101592084565864,99.99175759035863,C
VINTAGE BEAD PINK JEWEL STAND,9.9,0.00010057616372020536,99.99185816652235,C
CUTE BIRD CEATURE SCREEN,9.899999999999999,0.00010057616372020534,99.99195874268607,C
SILVER WINE GOBLET,9.3,9.448063864625353e-05,99.99205322332472,C
ELEPHANT CLIP W SUCTION CUP,9.24,9.387108613885833e-05,99.99214709441085,C
SCULPTED ROUND IVORY CANDLE ,9.24,9.387108613885833e-05,99.99224096549699,C
ARMY CAMO BOOKCOVER TAPE,9.24,9.387108613885833e-05,99.99233483658313,C
MONTANA DIAMOND CLUSTER EARRINGS,8.879999999999999,9.021377109448722e-05,99.99242505035421,C
BLUE PORCELAIN B'FLY OIL BURNER,8.850000000000001,8.990899484078966e-05,99.99251495934905,C
YELLOW PINK FLOWER DESIGN BIG BOWL,8.850000000000001,8.990899484078966e-05,99.99260486834389,C
PINK STRIPES SHOULDER BAG,8.850000000000001,8.990899484078966e-05,99.99269477733873,C
*USB Office Glitter Lamp,8.65,8.787715314947236e-05,99.99278265449188,C
SPOTTY CAT DOORSTOP ,8.65,8.787715314947236e-05,99.99287053164502,C
*USB Office Mirror Ball,8.65,8.787715314947236e-05,99.99295840879817,C
AMBER VINTAGE EARRINGS ,8.57,8.706441647294545e-05,99.99304547321465,C
BLACK DIAMOND CLUSTER EARRINGS,8.54,8.675964021924784e-05,99.99313223285488,C
6 HOOK JEWEL STAND LILAC DRESS,8.49,8.625167979641854e-05,99.99321848453467,C
BLUE BERTIE MOBILE PHONE CHARM,8.48,8.615008771185267e-05,99.99330463462238,C
NUMBER TILE VINTAGE FONT 4,8.42,8.554053520445749e-05,99.99339017515759,C
PINK/WHITE CHRISTMAS TREE 30CM,7.800000000000001,7.924182596137393e-05,99.99346941698354,C
BLUE FAIRY CAKE CHILDRENS APRON,7.8,7.924182596137392e-05,99.9935486588095,C
NUMBER TILE COTTAGE GARDEN 1,7.8,7.924182596137392e-05,99.99362790063546,C
HARDMAN MUG 3 ASSORTED,7.78,7.90386417922422e-05,99.99370693927725,C
FIRE POLISHED GLASS BRACELET RED,7.65,7.771794469288596e-05,99.99378465722194,C
"MUG , DOTCOMGIFTSHOP.COM ",7.65,7.771794469288596e-05,99.99386237516663,C
PAIR OF PINK FLOWER CLUSTER SLIDE,7.62,7.741316843918836e-05,99.99393978833507,C
WHITE FRANGIPANI HAIR CLIP,7.609999999999999,7.731157635462251e-05,99.99401709991142,C
BAROQUE BUTTERFLY EARRINGS RED,7.5600000000000005,7.680361593179319e-05,99.99409390352734,C
FUSCHIA TABLE RUN FLOWER ,7.5,7.6194063424398e-05,99.99417009759077,C
PINK CANVAS DES CUSHION COVER ,7.5,7.6194063424398e-05,99.99424629165419,C
BAROQUE BUTTERFLY EARRINGS PINK,7.5,7.6194063424398e-05,99.99432248571762,C
"RUBY GLASS NECKLACE 42""",7.5,7.6194063424398e-05,99.99439867978104,C
"BATHROOM SCALES, FAG BREAK",7.5,7.6194063424398e-05,99.99447487384447,C
SET/6 GINGERBREAD TREE T-LIGHTS,7.5,7.6194063424398e-05,99.99455106790789,C
DIAMANTE NECKLACE BLACK ,7.5,7.6194063424398e-05,99.99462726197132,C
PEARL AND CHERRY QUARTZ BRACLET,7.4,7.517814257873937e-05,99.9947024401139,C
BLUE HIBISCUS  HAIR CLIP,7.35,7.467018215591003e-05,99.99477711029606,C
HANGING CHICK CREAM DECORATION,7.33,7.446699798677832e-05,99.99485157729404,C
HAND OPEN SHAPE PINK,6.98,7.091127502697308e-05,99.99492248856907,C
VANILLA SCENTED VOTIVE CANDLE,6.959999999999999,7.070809085784134e-05,99.99499319665993,C
ROSE SCENTED VOTIVE CANDLE,6.959999999999999,7.070809085784134e-05,99.9950639047508,C
RASTA IN BATH W SPLIFF ASHTRAY,6.8,6.908261750478751e-05,99.9951329873683,C
"BISCUIT TIN, MINT,IVORY, VINTAGE",6.75,6.85746570819582e-05,99.99520156202537,C
DOOR MAT BLUE FLOCK,6.75,6.85746570819582e-05,99.99527013668245,C
ENGLISH ROSE TEA FOR ONE GIFT BOX,6.75,6.85746570819582e-05,99.99533871133953,C
DOTCOMGIFTSHOP TEA TOWEL,6.72,6.826988082826061e-05,99.99540698122036,C
SILVER PURSE GOLD PINK BUTTERFLY,6.6,6.705077581347023e-05,99.99547403199617,C
CUTE RABBIT CEATURE SCREEN ,6.6,6.705077581347023e-05,99.99554108277198,C
SCOTTIE DOGS CHILDRENS OVERALL,6.300000000000001,6.400301327649433e-05,99.99560508578526,C
MODERN CHRISTMAS TREE CANDLE ,6.300000000000001,6.400301327649433e-05,99.99566908879854,C
ASS WINDPROOF MARIJUANA LIGHTERS,6.3,6.400301327649433e-05,99.99573309181181,C
SMALL SINGLE FLAME CANDLE HOLDER,6.299999999999999,6.400301327649431e-05,99.9957970948251,C
WHITE WOOD SINGLE P/FRAME,6.25,6.3495052853665e-05,99.99586058987795,C
ASSORTED DESIGN GEISHA GIRL MUGS,6.25,6.3495052853665e-05,99.9959240849308,C
STRAWBERRIES PRINT BOWL,6.25,6.3495052853665e-05,99.99598757998366,C
ZINC HANGING HEART T-LITE HLDR,6.04,6.136161907778186e-05,99.99604894160274,C
PURPLE CRYSTAL DROP EARRINGS,5.99,6.0853658654952534e-05,99.99610979526139,C
"F.FAIRY S/3 SML CANDLE,LILY/VALLEY",5.95,6.0447290316689084e-05,99.99617024255171,C
"F.FAIRY S/3 SML CANDLE, ROSE",5.95,6.0447290316689084e-05,99.99623068984204,C
PINK AND BLACK STRING CURTAIN,5.95,6.0447290316689084e-05,99.99629113713236,C
"F.FAIRY S/3 SML CANDLE, LAVENDER",5.95,6.0447290316689084e-05,99.99635158442268,C
KISSING REINDEER TABLE RUNNER,5.95,6.0447290316689084e-05,99.996412031713,C
ASSORTED DESIGN FLOWER MUGS,5.949999999999999,6.044729031668908e-05,99.99647247900333,C
"JEWELLED DECORATION,PINK",5.9,5.993932989385976e-05,99.99653241833322,C
PINK PORCELAIN B'FLY OIL BURNER,5.9,5.993932989385976e-05,99.9965923576631,C
BLUE STRIPES SHOULDER BAG,5.9,5.993932989385976e-05,99.99665229699299,C
WHITE ROHMBIC BLOCK TABLE LAMP,5.9,5.993932989385976e-05,99.99671223632288,C
"ACRYLIC BEAD GARLAND,PINK",5.9,5.993932989385976e-05,99.99677217565277,C
"GLASS JAR, ENGLISH CONFECTIONERY",5.9,5.993932989385976e-05,99.99683211498265,C
BUNNY BUNCH OF FLOWERS,5.88,5.973614572472803e-05,99.99689185112838,C
PINK BEADED CONE CHRISTMAS,5.88,5.973614572472803e-05,99.99695158727411,C
NUMBER TILE VINTAGE FONT 9 ,5.85,5.943136947103044e-05,99.99701101864358,C
CANDLE RING W/CLEAR BEADS,5.46,5.546927817296175e-05,99.99706648792174,C
DADDY MOUSE RED GINGHAM BOW TIE,5.45,5.536768608839588e-05,99.99712185560783,C
PINK CURRENT CANDLE RING,5.32,5.404698898903965e-05,99.99717590259682,C
FUNKY GIRLZ MAGNETIC TO DO LIST ,5.2,5.282788397424929e-05,99.9972287304808,C
DR WHO TOP TRUMPS GAME,5.17,5.252310772055169e-05,99.99728125358853,C
EURO FOOTBALL STARS TOP TRUMPS GAME,5.17,5.252310772055169e-05,99.99733377669625,C
ANGEL ON KNEES METAL POLE 100CM H,5.1,5.181196312859064e-05,99.99738558865938,C
"BLACK RND BULLET""KEEP CLEAN"" BIN",5.1,5.181196312859064e-05,99.99743740062252,C
ORANGE/WHT/FUSCHIA STONES NECKLACE,5.09,5.1710371044024774e-05,99.99748911099356,C
ROSE PINK PENDANT SHELL NECKLACE,5.09,5.1710371044024774e-05,99.9975408213646,C
IVORY PENDANT SHELL NECKLACE,5.09,5.1710371044024774e-05,99.99759253173563,C
KASHMIR FOLKART HEART DISHES,5.07,5.150718687489305e-05,99.99764403892252,C
HAYNES MINI-COOPER PLAYING CARDS,5.06,5.140559479032717e-05,99.9976954445173,C
LARGE WHITE CHOCOLATE CANDLE,5.06,5.140559479032717e-05,99.9977468501121,C
SILICON STAR BULB  BLUE,5.04,5.1202410621195454e-05,99.99779805252271,C
MODERN CHRISTMAS BAUBLE CANDLE ,5.04,5.1202410621195454e-05,99.99784925493333,C
CERAMIC CAKE TEAPOT WITH CHERRY,4.95,5.028808186010268e-05,99.9978995430152,C
MOP PENDANT SHELL NECKLACE,4.95,5.028808186010268e-05,99.99794983109706,C
RED HEART CANDY POP LIGHTS,4.95,5.028808186010268e-05,99.99800011917893,C
RUSSIAN FOLKART STACKING TINS,4.95,5.028808186010268e-05,99.99805040726079,C
HAPPY BIRTHDAY CARD STRIPEY TEDDY,4.9399999999999995,5.0186489775536815e-05,99.99810059375056,C
FOLDING SHIRT TIDY,4.65,4.724031932312677e-05,99.99814783406988,C
FAIRY DESIGN MUGS,4.609999999999999,4.6833950984863296e-05,99.99819466802087,C
SPOTTY COCKEREL DOORSTOP,4.25,4.31766359404922e-05,99.99823784465681,C
"F.FAIRY,CANDLE IN GLASS,LILY/VALLEY",4.25,4.31766359404922e-05,99.99828102129275,C
ROUND ARTICULATED PINK CLOCK W/SUCK,4.25,4.31766359404922e-05,99.9983241979287,C
PINK GLASS COCKTAIL LAMP,4.2,4.266867551766288e-05,99.99836686660421,C
NUMBER TILE VINTAGE FONT 2,3.9,3.962091298068696e-05,99.9984064875172,C
MUG PINK AND PURPLE ARABIC DESIGN,3.9,3.962091298068696e-05,99.99844610843019,C
CHOCOLATE ICE CREAM CANDLE,3.9,3.962091298068696e-05,99.99848572934317,C
BLUE CRUSOE CHECK LAMPSHADE,3.7800000000000002,3.8401807965896594e-05,99.99852413115114,C
SET/6 BLACK GLITTER REINDEER CANDLE,3.7800000000000002,3.8401807965896594e-05,99.99856253295911,C
JADE GREEN PAIR ENAMEL HAIR SLIDES,3.75,3.8097031712199e-05,99.99860062999082,C
FUNKY FLOWER COFFEE POT,3.75,3.8097031712199e-05,99.99863872702252,C
PINK BUTTERFLY PAPER LAMPSHADE,3.75,3.8097031712199e-05,99.99867682405423,C
S/6 CHRISTMAS TREE PLACE SETTING,3.75,3.8097031712199e-05,99.99871492108593,C
"ACRYLIC JEWEL ICICLE, CLEAR ",3.43,3.484608500609135e-05,99.99874976717093,C
SET/20 POSIES PAPER NAPKINS,3.4,3.4541308752393755e-05,99.99878430847969,C
"LETTER ""Y"" BLING KEY RING",3.35,3.403334832956444e-05,99.99881834182801,C
"LETTER ""W"" BLING KEY RING",3.35,3.403334832956444e-05,99.99885237517634,C
RAIN GIRL CHILDS UMBRELLA,3.25,3.30174274839058e-05,99.99888539260382,C
AMETHYST 3 BEAD DROP EARRINGS,3.03,3.078240162345679e-05,99.99891617500545,C
AMBER 3 BEAD DROP EARRINGS,2.96,3.0071257031495745e-05,99.99894624626248,C
FEATHER HEART LIGHTS,2.95,2.996966494692988e-05,99.99897621592743,C
BOX OF 3 PEBBLE CANDLES,2.95,2.996966494692988e-05,99.99900618559238,C
WHITE CHRISTMAS TREE 60CM,2.95,2.996966494692988e-05,99.99903615525733,C
DUSTY PINK CHRISTMAS TREE 60CM,2.95,2.996966494692988e-05,99.99906612492228,C
PURPLE DRESS JEWELLERY STAND,2.95,2.996966494692988e-05,99.99909609458723,C
HANDZ-OFF CAR FRESHENER,2.57,2.6109165733427047e-05,99.99912220375296,C
VINTAGE DESIGN GIFT TAGS,2.55,2.590598156429532e-05,99.99914810973452,C
CRYSTAL DRAGONFLY PHONE CHARM,2.55,2.590598156429532e-05,99.99917401571608,C
PURPLE/COPPER HANGING LAMPSHADE,2.55,2.590598156429532e-05,99.99919992169764,C
S/2 HYACINTH BULB CANDLES,2.55,2.590598156429532e-05,99.9992258276792,C
S/6 SCANDINAVIAN HEART T-LIGHT,2.55,2.590598156429532e-05,99.99925173366076,C
SET/2 SPOTTY + ROSE TEA TOWELS ,2.55,2.590598156429532e-05,99.99927763964232,C
SET/2 TEA TOWELS MODERN VINTAGE,2.55,2.590598156429532e-05,99.99930354562387,C
ROUND ARTICULATED BLUE CLOCK W/SUCK,2.55,2.590598156429532e-05,99.99932945160543,C
S/3 COLOURS FLOCK TEA TOWELS,2.55,2.590598156429532e-05,99.99935535758699,C
ENGLISH ROSE DESIGN SHOPPING BAG,2.55,2.590598156429532e-05,99.99938126356855,C
ETCHED GLASS HEART TREE DECORATION,2.51,2.549961322603186e-05,99.99940676318178,C
ROAD-RAGE CAR FRESHENER,2.51,2.549961322603186e-05,99.99943226279501,C
LARGE SPOTTY CHOCOLATE GIFT BAG,2.5,2.5398021141466e-05,99.99945766081615,C
LILAC FEATHERS CURTAIN,2.5,2.5398021141466e-05,99.99948305883728,C
POCKET MIRROR BUTTERFLY ,2.5,2.5398021141466e-05,99.99950845685842,C
BLUE BEADS+HAND PHONE CHARM,2.5,2.5398021141466e-05,99.99953385487956,C
ASSORTED SHAPED STENCIL FOR HENNA,2.08,2.1131153589699713e-05,99.99955498603315,C
HANGING SPRING FLOWER HEART SMALL,1.9500000000000002,1.9810456490343483e-05,99.99957479648964,C
LUNCHBOX I LOVE LONDON,1.95,1.981045649034348e-05,99.99959460694613,C
GREEN CHENILLE SHAGGY C/COVER,1.95,1.981045649034348e-05,99.99961441740263,C
GOLD CHRISTMAS STOCKING DECORATION,1.95,1.981045649034348e-05,99.99963422785912,C
HEXAGONAL CRYSTAL PERFUME BOTTLE,1.95,1.981045649034348e-05,99.99965403831561,C
CIRCUS PARADE LUNCHBOX ,1.95,1.981045649034348e-05,99.9996738487721,C
JAM JAR WITH BLUE LID,1.7,1.7270654376196878e-05,99.99969111942649,C
SET OF SIX SILVER+RED FLOCK BAUBLES,1.7,1.7270654376196878e-05,99.99970839008087,C
RED MINI TAPE MEASURE ,1.7,1.7270654376196878e-05,99.99972566073525,C
ASSORTED FRUIT STRAWS,1.7,1.7270654376196878e-05,99.99974293138963,C
F FAIRY POTPOURRI CUSHIONS SUMMER,1.69,1.7169062291631015e-05,99.99976010045192,C
FOLDING CAMPING SCISSOR W/KNIF & S,1.68,1.7067470207065153e-05,99.99977716792213,C
BENDY COLOUR PENCILS,1.68,1.7067470207065153e-05,99.99979423539234,C
S/3 ROSE GARDEN SCENT SQU CANDLE,1.65,1.6762693953367558e-05,99.9998109980863,C
CRYSTAL SMALL JEWELLED PHOTOFRAME,1.65,1.6762693953367558e-05,99.99982776078026,C
3 BIRDS CANVAS SCREEN,1.65,1.6762693953367558e-05,99.99984452347422,C
SWALLOW SMALL TUBE MATCHES,1.65,1.6762693953367558e-05,99.99986128616818,C
RED TOP SCANDINAVIAN HEART ,1.52,1.5441996854011328e-05,99.99987672816503,C
A4 WALL TIDY RED FLOWERS,1.3,1.3206970993562322e-05,99.99988993513603,C
WHITE SCANDINAVIAN HEART CHRISTMAS,1.25,1.2699010570733e-05,99.9999026341466,C
FOLKART HEART CHRISTMAS DECORATIONS,1.25,1.2699010570733e-05,99.99991533315716,C
"LETTER ""U"" BLING KEY RING",1.25,1.2699010570733e-05,99.99992803216773,C
HOLLYHOCK SQUARE HANDY TIN,1.25,1.2699010570733e-05,99.9999407311783,C
HAPPY BIRTHDAY CARD TEDDY/CAKE,0.95,9.65124803375708e-06,99.99995038242633,C
BLUE WHITE PLASTIC RINGS LAMPSHADE,0.85,8.635327188098439e-06,99.99995901775353,C
UBO-LIGHT TRIOBASE BLUE,0.85,8.635327188098439e-06,99.99996765308072,C
OWLS CHARLOTTE BAG,0.85,8.635327188098439e-06,99.99997628840791,C
CAT W SUNGLASSES BLANK CARD,0.76,7.720998427005664e-06,99.99998400940633,C
"SILICON CUBE 25W, BLUE",0.42,4.266867551766288e-06,99.99998827627388,C
CHAMPAGNE TRAY BLANK CARD,0.38,3.860499213502832e-06,99.9999921367731,C
HAPPY BIRTHDAY GINGER CAT CARD,0.38,3.860499213502832e-06,99.99999599727232,C
PINK HEART CHRISTMAS DECORATION,0.38,3.860499213502832e-06,99.99999985777154,C
PADS TO MATCH ALL CUSHIONS,0.014,1.422289183922096e-07,100.00000000000045,C
